"ID","Criado em","Responsável","Status","Visita","Data Visita","Origem","Tipo Proposta","Cliente","Celular","Telefone","E-mail","Veículo interesse","Veículo avaliado"
"9413690","2026-09-26 14:02:31","Thayna PRE-VENDAS","Pendente","Não","","Instagram","Não informado","Gabriel Ricardo","","","gabriel_rkb@instagram.com","",""
"9413631","2026-09-26 13:55:40","Recepção","Visita","Sim","2026-09-26 13:55:45","Passante","Troca","MARIA","41988981217","","","","VolksWagen Fox Fox / placa: MJW-4A80"
"9413618","2026-09-26 13:53:56","Thayna PRE-VENDAS","Visita","Sim","2026-09-26 13:55:41","Prospecção","Venda","Edson Roberto Lobo","41991552121","","","",""
"9413598","2026-09-26 13:51:16","Lais Narimã Ferreira Vieira","Em atendimento","Não","","Facebook Ads","Financiamento","Juliano Melgare","43996399289","43996399289","juliano.melgare067@gmail.com","",""
"9413592","2026-09-26 13:50:34","Thayna PRE-VENDAS","Em atendimento","Não","","Facebook Ads","Venda","Adão Salvador Soares","47997270862","47997270862","lebasesportif@gmail.com","",""
"9413299","2026-09-26 13:22:49","Allan Junior Dos Santos Ramos","Recontato","Não","","Na Pista","Venda","Roberto Dias Naves","64996167676","","celestinoa@gmail.com","BMW X4 X4 / placa: QBC-2G07",""
"9413022","2026-09-26 12:55:41","Thayna PRE-VENDAS","Pendente","Não","","Facebook Ads","Não informado","Paulo Afonso Bertoldi","47991194496","47991194496","paulobertoldi@hotmail.com","",""
"9412986","2026-09-26 12:52:07","Allan Junior Dos Santos Ramos","Recontato","Não","","WhatsApp","Troca","Marcelli Constantino","41992356545","","","GWM Tank Tank / placa: TKK-3I03",""
"9412835","2026-09-26 12:38:08","Thayna PRE-VENDAS","Pendente","Não","","Instagram","Não informado","LEONARDO KOCHANI || BELLOS CAR","","","leonardokochani@instagram.com","",""
"9412834","2026-09-26 12:38:08","Lead Sem Interesse","Insucesso","Não","","Instagram","Não informado","Filipe Portes","","","filipeportess@instagram.com","",""
"9412836","2026-09-26 12:38:08","Lead Sem Interesse","Insucesso","Não","","Instagram","Não informado","Gabriel Ricardo","","","gabriel_rkb@instagram.com","",""
"9412833","2026-09-26 12:38:07","Thayna PRE-VENDAS","Pendente","Não","","Instagram","Não informado","Silvan Dal Bello","","","silvan.belloscar@instagram.com","",""
"9412791","2026-09-26 12:34:10","Thayna PRE-VENDAS","Em atendimento","Não","","WhatsApp | Site","Não informado","Emanuelle Nonato Conde","47988426432","","","Renault OROCH OROCH / placa: SEA-3D65",""
"9412505","2026-09-26 12:10:14","Allan Junior Dos Santos Ramos","Recontato","Não","","Facebook Ads","Compra","Lima Isvi","41999496121","41999496121","isvilima@hotmail.com","",""
"9412472","2026-09-26 12:06:39","Thayna PRE-VENDAS","Em atendimento","Não","","Facebook Ads","Não informado","Josse Martins","41996387313","41996387313","josse.show@gmail.com","",""
"9412398","2026-09-26 12:01:14","Allan Junior Dos Santos Ramos","Agendado","Não","","Prospecção","Não informado","ELIZIO","41992551031","","","",""
"9412369","2026-09-26 11:57:54","Allan Junior Dos Santos Ramos","Recontato","Não","","WhatsApp | Facebook Ads","Compra","Emerson Santos","4197233871","","","",""
"9412335","2026-09-26 11:54:34","Recepção","Visita","Sim","2026-09-26 11:57:59","Indicação","Venda","Adilson","41996216048","","","",""
"9412177","2026-09-26 11:42:40","Lead Sem Interesse","Insucesso","Não","","Instagram","Não informado","Silvan Dal Bello","","","silvan.belloscar@instagram.com","",""
"9412171","2026-09-26 11:42:00","Allan Junior Dos Santos Ramos","Recontato","Não","","WhatsApp | Facebook Ads","Compra","Suellen Chepelski","4196322871","","","",""
"9412119","2026-09-26 11:38:07","Recepção","Sucesso","Sim","2026-09-26 11:38:12","Carteira","Consignação","Fernanda","41988053801","","","","Jeep Commander Commander / placa: SEA-1F81"
"9412111","2026-09-26 11:37:19","Recepção","Sucesso","Sim","2026-09-26 11:37:25","Carteira","Compra","Celestino","41992327498","","","","BYD Dolphin Dolphin / placa: SFL-0I50"
"9412087","2026-09-26 11:35:29","Allan Junior Dos Santos Ramos","Recontato","Não","","Facebook Ads","Compra","Thiago Silva","41997966274","41997966274","contato@monsterbeer.com.br","",""
"9412062","2026-09-26 11:32:41","Recepção","Visita","Sim","2026-09-26 11:35:09","Passante","Compra","misael","41991060040","","","","Chevrolet TRACKER TRACKER / placa: SEV-0D94"
"9412030","2026-09-26 11:29:39","Thayna PRE-VENDAS","Agendado","Não","","Prospecção","Venda","ARYADNE LOUISE LOPES VENANCIO","41995512931","","ARYADNE.LOUISE@GMAIL.COM","",""
"9411807","2026-09-26 11:12:17","Andressa K B Kreia","Visita","Sim","2026-09-26 11:14:10","Carteira","Compra","PEDRO","91987599625","","","","Fiat MOBI MOBI / placa: RVM-0E31"
"9411760","2026-09-26 11:08:56","Thayna PRE-VENDAS","Em atendimento","Não","","Olx","Venda","Nio","41988397412","","roque.terres@hotmail.com","Renault DUSTER DUSTER / placa: SEA-7F47",""
"9411474","2026-09-26 10:46:30","Allan Junior Dos Santos Ramos","Recontato","Não","","Olx","Venda","Patricia","43996027009","","pat.rojas.santo@hotmail.com","Nissan Frontier Frontier / placa: TAN-7J50",""
"9411436","2026-09-26 10:43:30","Recepção","Visita","Sim","2026-09-26 10:43:35","Carteira","Troca","JORGE","41991887043","","","","Caoa Chery/Chery Tiggo Tiggo / placa: RCC-6G93"
"9411390","2026-09-26 10:40:33","LIRIANE LARISSA RIBEIRO","Agendado","Não","","Mercado Livre","Não informado","Igor ","41991132378","","","",""
"9411292","2026-09-26 10:31:42","Allan Junior Dos Santos Ramos","Insucesso","Não","","WhatsApp | Facebook Ads","Compra","Fábio","4999639286","","","",""
"9411197","2026-09-26 10:24:43","Recepção","Visita","Sim","2026-09-26 10:32:33","Passante","Compra","THOMAS","71997006101","","","","Fiat PULSE PULSE / placa: ABL-7E02"
"9410937","2026-09-26 10:03:05","Thayna PRE-VENDAS","Em atendimento","Não","","WhatsApp","Não informado","Aldrei","14996170102","","","",""
"9410915","2026-09-26 10:00:53","Recepção","Visita","Sim","2026-09-26 10:00:58","Passante","Troca","JULIO CESAR","41999834186","","","","Audi A5 A5 / placa: BYJ-4A40"
"9410867","2026-09-26 09:56:48","Thayna PRE-VENDAS","Em atendimento","Não","","Carteira","Venda","Carla schwingel","41992213085","","ambicionrubiaspain@hotmail.com","Jaguar E-Pace E-Pace / placa: QRS-0A01",""
"9410699","2026-09-26 09:42:20","Recepção","Visita","Sim","2026-09-26 09:42:28","Carteira","Compra","JOAO","41991529966","","","","Renault Kardian Kardian / placa: TAJ-3H22"
"9410635","2026-09-26 09:37:02","MARCIA FEIRÃO","Em atendimento","Não","","Prospecção","Não informado","Cristofer","41996135839","","","",""
"9410471","2026-09-26 09:24:15","Recepção","Visita","Sim","2026-09-26 12:03:23","Carteira","Venda","Andrhei Henrique Queiroz Silva","41998354722","","andrheihqs@gmail.com","VolksWagen Polo Polo / placa: SEM-3B98",""
"9410213","2026-09-26 09:01:07","Thayna PRE-VENDAS","Agendado","Não","","Prospecção","Venda","Adjair","41997572873","","","",""
"9410205","2026-09-26 08:59:54","Thayna PRE-VENDAS","Agendado","Não","","Prospecção","Venda","Edson","41996321588","","","",""
"9410188","2026-09-26 08:57:55","Thayna PRE-VENDAS","Agendado","Não","","Prospecção","Venda","Rafael","41995545211","","","",""
"9410181","2026-09-26 08:56:40","Thayna PRE-VENDAS","Em atendimento","Não","","Prospecção","Venda"," Jose ","41988894106","","","",""
"9410172","2026-09-26 08:55:41","Thayna PRE-VENDAS","Agendado","Não","","Prospecção","Venda","Edson Ramos","41984705402","","edsoncardoso504@gmail.com","",""
"9410145","2026-09-26 08:52:17","Thayna PRE-VENDAS","Em atendimento","Não","","WhatsApp | Site","Venda","Rafael","6581127988","","","GWM Tank Tank / placa: TKK-3I03",""
"9408839","2026-09-26 06:28:16","Thayna PRE-VENDAS","Em atendimento","Não","","Olx","Venda","Tiago","43996846811","","tiagochiaratti@gmail.com","Volvo XC XC / placa: AXD-5E00",""
"9408600","2026-09-26 05:36:22","Thayna PRE-VENDAS","Em atendimento","Não","","Mercado Livre | ML WhatsApp","Venda","Max Batista Trindade","91987036547","","maxeemprestimos@gmail.com","Honda HR-V HR-V / placa: RHN-3A00",""
"9408597","2026-09-26 05:34:27","Thayna PRE-VENDAS","Em atendimento","Não","","Mercado Livre | WhatsApp","Venda","9191499450","9191499450","","","",""
"9408291","2026-09-26 01:48:48","Allan Junior Dos Santos Ramos","Insucesso","Não","","Facebook Ads","Venda","Jr Azevedo .'.","41999969088","41999969088","jrazevedo306@gmail.com","",""
"9408226","2026-09-26 01:11:28","Thayna PRE-VENDAS","Em atendimento","Não","","WhatsApp | Instagram Ads","Venda","FernandovBdn","4199220161","","","",""
"9407650","2026-09-26 00:11:34","Lais Narimã Ferreira Vieira","Em atendimento","Não","","Facebook Ads","Financiamento","pedro Carvalho","46999112616","46999112616","pedrocleverson2@gmail.com","",""
"9407546","2026-09-25 23:48:55","Thayna PRE-VENDAS","Em atendimento","Não","","WhatsApp | Instagram Ads","Venda","J̌.Alpha Style!","4197175711","","","",""
"9407540","2026-09-25 23:47:24","Thayna PRE-VENDAS","Em atendimento","Não","","WhatsApp | Facebook Ads","Compra","菅野 Paulo","4187850240","","","",""
"9407260","2026-09-25 23:09:55","Thayna PRE-VENDAS","Em atendimento","Não","","Facebook | WhatsApp","Venda","Cosme Afonso da silva","4192394176","","","",""
"9407222","2026-09-25 23:01:38","DIMAS FEIRÃO","Em atendimento","Não","","Indicação","Não informado","Josiane de Fátima Ribeiro Gomes","41991516459","","","Caoa Chery Tiggo Tiggo / placa: RTU-9I28",""
"9407197","2026-09-25 22:56:23","Thayna PRE-VENDAS","Em atendimento","Não","","WhatsApp","Venda","Rodrigo Bastos","9888980000","","","",""
"9407180","2026-09-25 22:52:59","Thayna PRE-VENDAS","Em atendimento","Não","","Olx","Venda","Raphael ","41999388415","","vendasart.com@hotmail.com","GWM Tank Tank / placa: TKK-3I03",""
"9407123","2026-09-25 22:43:06","Allan Junior Dos Santos Ramos","Recontato","Não","","Mercado Livre | WhatsApp","Venda","Joe","4788507310","","jsilveirasouza794@gmail.com","Caoa Chery Tiggo Tiggo / placa: RTU-9I28",""
"9407121","2026-09-25 22:42:37","Lais Narimã Ferreira Vieira","Em atendimento","Não","","Facebook Ads","Financiamento","Alysson pedro da silva","41996596368","41996596368","alyssonpry@gmail.com","",""
"9407119","2026-09-25 22:42:16","Thayna PRE-VENDAS","Insucesso","Não","","Facebook Ads","Venda","Adriano Miranda","41987966718","41987966718","adrianomiranda12111993@gmail.com","",""
"9407103","2026-09-25 22:40:06","Allan Junior Dos Santos Ramos","Insucesso","Não","","Facebook Ads","Venda","Lucas de Oliveira","67998548440","67998548440","ovalucas@icloud.com","",""
"9406980","2026-09-25 22:14:28","Thayna PRE-VENDAS","Em atendimento","Não","","Chaves na Mão","Venda","Luiz","49999126823","","silva31cezar@gmail.com","Volkswagen Outros Outros / placa: CZK-6A22",""
"9406935","2026-09-25 22:06:41","Allan Junior Dos Santos Ramos","Recontato","Não","","Facebook Ads","Compra","Luciana Ananias Maia","41984412013","41984412013","lumaiaa15@gmail.com","",""
"9406647","2026-09-25 21:16:40","Thayna PRE-VENDAS","Em atendimento","Não","","SóCarrão","Venda","Flamarionr1@gmail.com","47997542597","","flamarionr1@gmail.com","Audi A3 A3 / placa: FRZ-5I95",""
"9406606","2026-09-25 21:10:04","Allan Junior Dos Santos Ramos","Recontato","Não","","SóCarrão","Venda","Rodrigo vieira","46999845455","","freitasrodrigo203@gmail.com","VolksWagen JETTA JETTA / placa: AZV-4110",""
"9406495","2026-09-25 20:54:38","Allan Junior Dos Santos Ramos","Recontato","Não","","WhatsApp | Facebook Ads","Troca","Michel Antunes","4185067262","","","",""
"9406461","2026-09-25 20:50:24","Thayna PRE-VENDAS","Em atendimento","Não","","Facebook Ads","Compra","Marcelo Adriano C. Pagliaci","41991553300","41991553300","macpagliaci@gmail.com","",""
"9406373","2026-09-25 20:40:05","Thayna PRE-VENDAS","Em atendimento","Não","","Mercado Livre | WhatsApp","Não informado","Alessandro Furlan","4197368788","","alessandro1994furlan@gmail.com","Audi A3 A3 / placa: FRZ-5I95",""
"9406217","2026-09-25 20:23:23","Thayna PRE-VENDAS","Insucesso","Não","","Facebook Ads","Venda","Yara","41997918012","41997918012","yagomicheski09@gmail.com","",""
"9406004","2026-09-25 20:00:08","Allan Junior Dos Santos Ramos","Insucesso","Não","","Facebook Ads","Venda","REBA","41999324673","41999324673","guilhermereba@icloud.com","",""
"9405774","2026-09-25 19:27:53","Allan Junior Dos Santos Ramos","Insucesso","Não","","Facebook Ads","Compra","Rodrigo Storti","44998273565","44998273565","rodrigostorti2010@hotmail.com","",""
"9405764","2026-09-25 19:26:27","Thayna PRE-VENDAS","Insucesso","Não","","Facebook Ads","Venda","Kaique Rosnnork","41995506345","41995506345","kaiqueoliveira6666@gmail.com","",""
"9405689","2026-09-25 19:14:46","Thayna PRE-VENDAS","Em atendimento","Não","","Mercado Livre | WhatsApp","Venda","Zanetti","3193011262","","ronaldo@construtorazanetti.com","Volvo XC XC / placa: AXD-5E00",""
"9405672","2026-09-25 19:12:52","Allan Junior Dos Santos Ramos","Insucesso","Não","","WhatsApp | Instagram Ads","Não informado","Aninha😇","4195686692","","Aninha😇","",""
"9405666","2026-09-25 19:12:25","Ana Dal Bello","Visita","Sim","2026-09-25 19:12:25","Avaliação","Não informado","Ana bello","41998472084","","","","Chevrolet EQUINOX EQUINOX / placa: BBS-1F79"
"9405643","2026-09-25 19:10:43","Allan Junior Dos Santos Ramos","Recontato","Não","","SóCarrão","Venda","MAURICIO FRANCISCO DOS SANTOS","41999233926","","mauriciomelodia10@gmail.com","Renault OROCH OROCH / placa: SEA-3D65",""
"9405273","2026-09-25 18:29:35","Lais Narimã Ferreira Vieira","Em atendimento","Não","","Facebook Ads","Financiamento","Maria Carvalho","41995296077","41995296077","mariaalemr3@gmail.com","",""
"9405131","2026-09-25 18:11:28","Allan Junior Dos Santos Ramos","Recontato","Não","","Facebook Ads","Compra","Jasiel Silva - Fonoaudiólogo","41988358947","41988358947","jasieldasilvape@hotmail.com","",""
"9405114","2026-09-25 18:09:49","Lead Sem Interesse","Insucesso","Não","","Instagram","Não informado","Celso lucas (fofo)| O seu consultor de veículos","","","celso.fofo@instagram.com","",""
"9404891","2026-09-25 17:48:23","Lead Sem Interesse","Insucesso","Não","","Instagram","Não informado","Silvan Dal Bello","","","silvan.belloscar@instagram.com","",""
"9404829","2026-09-25 17:43:47","Lais Narimã Ferreira Vieira","Em atendimento","Não","","Facebook Ads","Financiamento","Igleice Silva","41996329777","41996329777","igleicessilva@outlook.com","",""
"9404644","2026-09-25 17:25:44","Thayna PRE-VENDAS","Em atendimento","Não","","WhatsApp | Instagram Ads","Compra",".","4784202242","","","",""
"9404639","2026-09-25 17:25:27","Recepção","Visita","Sim","2026-09-25 17:31:06","Passante","Troca","Jorge","41988569127","4198856912","","","Volkswagen T Cross T Cross / placa: BEW-4J48"
"9404450","2026-09-25 17:05:28","Lead Sem Interesse","Insucesso","Não","","Instagram","Não informado","Alex Imoski","","","_eualeximoski@instagram.com","",""
"9404437","2026-09-25 17:04:34","Lead Sem Interesse","Insucesso","Não","","Instagram","Não informado","Marcos da Costa","","","marquinhos_mac@instagram.com","",""
"9404438","2026-09-25 17:04:34","Lead Sem Interesse","Insucesso","Não","","Instagram","Não informado","Mac Imports","","","marquinhosmac_belloscar@instagram.com","",""
"9404129","2026-09-25 16:42:13","Thayna PRE-VENDAS","Em atendimento","Não","","Olx","Venda","Marcus Tadeu Vidal Alves de Sá","87988531014","","mtadeu_sa@hotmail.com","GWM Tank Tank / placa: TKK-3I03",""
"9404019","2026-09-25 16:32:48","Allan Junior Dos Santos Ramos","Agendado","Não","","Prospecção","Não informado","Mariott","41996243200","","","",""
"9403881","2026-09-25 16:23:00","Allan Junior Dos Santos Ramos","Insucesso","Não","","Olx","Venda","MARCIO HELIANDRO","62982119078","","marcioheliandro@hotmail.com","GWM Tank Tank / placa: TKK-3I03",""
"9403837","2026-09-25 16:19:59","Thayna PRE-VENDAS","Visita","Sim","2026-09-26 11:08:21","Prospecção","Venda","Fabricio Silva","41984030055","","fstaticas@hotmail.com","","Honda HR-V HR-V / placa: BBX-1I20"
"9403789","2026-09-25 16:16:28","Thayna PRE-VENDAS","Em atendimento","Não","","Na Pista","Venda","Alvaro da cruz Paiva","71984472431","","alvarocruz31111@gmail.com","VolksWagen TIGUAN TIGUAN / placa: QXE-1D83",""
"9403669","2026-09-25 16:07:44","Thayna PRE-VENDAS","Em atendimento","Não","","WhatsApp","Venda","Giana","4198442553","","","",""
"9403666","2026-09-25 16:07:29","Allan Junior Dos Santos Ramos","Insucesso","Não","","Facebook Ads","Venda","Aline | Especialista em Cabelos","41987333392","41987333392","alinesilva3060@gmail.com","",""
"9403608","2026-09-25 16:02:38","Thayna PRE-VENDAS","Em atendimento","Não","","Olx","Venda","Tatiane Freitas","41998447717","","tatianegrendel@gmail.com","Chevrolet TRACKER TRACKER / placa: SFE-3C02",""
"9403473","2026-09-25 15:53:45","Andressa K B Kreia","Insucesso","Não","","Google","Não informado","ANDRESSA","41997560308","","","",""
"9403461","2026-09-25 15:52:59","Allan Junior Dos Santos Ramos","Agendado","Não","","Prospecção","Não informado","JUCENIA DE FATIMA PIRES DE LUCCA 01839054905","41996609347","","profissionalsempre@hotmail.com.br","",""
"9403432","2026-09-25 15:51:28","Allan Junior Dos Santos Ramos","Agendado","Não","","Prospecção","Não informado","Fernanda Kumer","41995234460","","felipeosn@gmail.com","",""
"9403406","2026-09-25 15:49:56","Allan Junior Dos Santos Ramos","Agendado","Não","","Prospecção","Não informado","Sandro Corrêa","41998142630","","","",""
"9403385","2026-09-25 15:48:43","Allan Junior Dos Santos Ramos","Agendado","Não","","Prospecção","Não informado","Marcos Kohls ","47999963580","","kohls@kohls.com.br","",""
"9403353","2026-09-25 15:46:51","Thayna PRE-VENDAS","Em atendimento","Não","","Facebook Ads","Venda","Felipe Almeida","41992374178","","boyfelipe2016@gmail.com","",""
"9403335","2026-09-25 15:45:32","Andressa K B Kreia","Descartado","Não","","Instagram","Não informado","Gabriel Ricardo","","","gabriel_rkb@instagram.com","",""
"9403336","2026-09-25 15:45:32","Andressa K B Kreia","Descartado","Não","","Instagram","Não informado","Silvan Dal Bello","","","silvan.belloscar@instagram.com","",""
"9403330","2026-09-25 15:45:14","Allan Junior Dos Santos Ramos","Agendado","Não","","Prospecção","Não informado","Galma Santos Pereira","41995184759","","","",""
"9403310","2026-09-25 15:43:53","Allan Junior Dos Santos Ramos","Agendado","Não","","Prospecção","Não informado","WALDEMAR","41996116565","","","",""
"9403205","2026-09-25 15:34:47","Lais Narimã Ferreira Vieira","Em atendimento","Não","","Facebook Ads","Financiamento","Paulo Cesar Souza","41988024492","41988024492","paulocesar@edipactransportes.com.br","",""
"9403192","2026-09-25 15:33:35","LIRIANE LARISSA RIBEIRO","Agendado","Não","","Olx","Compra","Gabriela ","41998643273","","","",""
"9403089","2026-09-25 15:26:30","Allan Junior Dos Santos Ramos","Recontato","Não","","Chaves na Mão","Venda","Lariane","41999548102","","lariane.maske@gmail.com","Honda Fit Fit / placa: AXE-1G52",""
"9403038","2026-09-25 15:23:16","Allan Junior Dos Santos Ramos","Agendado","Não","","Prospecção","Não informado","José María Ribeiro","41996233730","","jose.maria.ribeiro.030658@gmail.com","",""
"9402796","2026-09-25 15:05:02","Thayna PRE-VENDAS","Em atendimento","Não","","WhatsApp | Site","Venda","MURILO","41995659083","","","VolksWagen T-Cross T-Cross / placa: SEP-6F73",""
"9402784","2026-09-25 15:04:12","Thayna PRE-VENDAS","Em atendimento","Não","","WhatsApp | Site","Venda","Léo Wenoli","4197096552","","","Volvo XC XC / placa: AXD-5E00",""
"9402673","2026-09-25 14:56:22","Thayna PRE-VENDAS","Em atendimento","Não","","Olx","Venda","Gabriel Marcos","62996927607","","bielzinho.marcos.2@gmail.com","BENTLEY Outros Outros / placa: OOB-0A23",""
"9402663","2026-09-25 14:55:54","Lead Sem Interesse","Insucesso","Não","","WhatsApp","Não informado","Eduardo Rodrigues","4199360186","","Eduardo Rodrigues","",""
"9402513","2026-09-25 14:44:00","Thayna PRE-VENDAS","Em atendimento","Não","","WhatsApp","Não informado","Kauã Duarte","4188228226","","","",""
"9402512","2026-09-25 14:43:58","Lead Sem Interesse","Insucesso","Não","","SóCarrão","Não informado","Kauã Duarte","41988119734","","kauaprofissional@gmail.com","Caoa Chery Tiggo Tiggo / placa: RTU-9I28",""
"9402365","2026-09-25 14:32:26","Allan Junior Dos Santos Ramos","Recontato","Não","","WhatsApp","Venda","Particular","49920036619","","","GWM Tank Tank / placa: TKK-3I03",""
"9402218","2026-09-25 14:21:05","Allan Junior Dos Santos Ramos","Recontato","Não","","Facebook Ads","Compra","Vinicius Costa","4132621690","4132621690","Centrooticovisao@gmail.com","",""
"9402185","2026-09-25 14:18:10","Thayna PRE-VENDAS","Visita","Sim","2026-09-26 11:28:02","Prospecção","Venda","Marcos","41991796445","","","",""
"9402092","2026-09-25 14:08:27","Thayna PRE-VENDAS","Insucesso","Não","","Chaves na Mão","Não informado","Mauricio","","4133668470","contadormauricio@hotmail.com","Mini COOPER COOPER / placa: BAZ-1874",""
"9402030","2026-09-25 14:03:32","Recepção","Visita","Sim","2026-09-25 14:03:49","Passante","Consignação","Felipe","11945953822","","","","Jeep Commander Commander / placa: ABQ-1C88"
"9402019","2026-09-25 14:02:40","Lais Narimã Ferreira Vieira","Em atendimento","Não","","Facebook Ads","Financiamento","Rodrigo Mimo","45999011855","45999011855","rodrigomimo10@gmail.com","",""
"9401814","2026-09-25 13:45:44","Lead Sem Interesse","Insucesso","Não","","WhatsApp","Não informado","Celei","4196192926","","","",""
"9401800","2026-09-25 13:44:51","Thayna PRE-VENDAS","Em atendimento","Não","","WhatsApp | Instagram Ads","Não informado","LORIVA PERUCHE","11925901059","","","",""
"9401665","2026-09-25 13:34:17","Thayna PRE-VENDAS","Em atendimento","Não","","SóCarrão","Venda","GUILHERME RAPHAEL DE NOVAIS","13996030594","","guilhermenovais5555@gmail.com","VolksWagen Polo Polo / placa: SEM-3B98",""
"9401454","2026-09-25 13:16:14","Allan Junior Dos Santos Ramos","Insucesso","Não","","Facebook Ads","Venda","Natalino Taborda","41985004080","41985004080","natalinotaborda26@gmail.com","",""
"9401412","2026-09-25 13:13:54","Recepção","Sucesso","Sim","2026-09-25 13:13:58","Passante","Venda","thomas","41996306805","","","",""
"9401397","2026-09-25 13:12:10","Thayna PRE-VENDAS","Em atendimento","Não","","Na Pista","Venda","Marlene Pandolfo","51991312744","","marlenepanfolfo580@gmail.com","VolksWagen TIGUAN TIGUAN / placa: QXE-1D83",""
"9401369","2026-09-25 13:09:02","Lead Sem Interesse","Insucesso","Não","","Instagram","Não informado","Celso lucas (fofo)| O seu consultor de veículos","","","celso.fofo@instagram.com","",""
"9401305","2026-09-25 13:04:06","Thayna PRE-VENDAS","Agendado","Não","","WhatsApp | Site","Troca","David","4888660842","","","VolksWagen Fox Fox / placa: BBD-2397",""
"9400998","2026-09-25 12:40:29","Lais Narimã Ferreira Vieira","Em atendimento","Não","","Facebook Ads","Financiamento","Deives Gomes","22992664936","22992664936","deives439@gmail.com","",""
"9400923","2026-09-25 12:34:45","Thayna PRE-VENDAS","Em atendimento","Não","","Mercado Livre | WhatsApp","Não informado","Hildebrando Galvão Junior","4799836541","","galvaohj@yahoo.com.br","Jeep COMPASS COMPASS / placa: SEY-7F96",""
"9400830","2026-09-25 12:27:09","Ana Dal Bello","Visita","Sim","2026-09-25 12:27:09","Avaliação","Não informado","Ana bello","41998472084","","","","GMC Empilhadeira Empilhadeira / placa: EEE-0000"
"9400545","2026-09-25 12:06:19","Thayna PRE-VENDAS","Em atendimento","Não","","Site","Compra","Daniele","41987778391","","danielefantin70@gmail.com","",""
"9400533","2026-09-25 12:05:35","Allan Junior Dos Santos Ramos","Recontato","Não","","WhatsApp | Site","Venda","Leandro Kosiba","4187351370","","","VolksWagen Polo Polo / placa: SEM-3B98",""
"9400432","2026-09-25 11:57:02","Allan Junior Dos Santos Ramos","Insucesso","Não","","Facebook Ads","Compra","vinicyus","41987858195","41987858195","radcheskivinicyus@gmail.com","",""
"9400307","2026-09-25 11:47:08","Thayna PRE-VENDAS","Em atendimento","Não","","WhatsApp","Não informado","17991372707","17991372707","","","",""
"9400276","2026-09-25 11:45:28","Recepção","Visita","Sim","2026-09-25 11:50:17","Passante","Compra","valdecir","41999638452","","","","VolksWagen Polo Polo / placa: APC-6441"
"9400109","2026-09-25 11:32:48","Thayna PRE-VENDAS","Em atendimento","Não","","Chaves na Mão","Venda","Vera","11999000560","","veracosta@outlook.com","Honda HR-V HR-V / placa: RHN-3A00",""
"9399930","2026-09-25 11:18:52","MARCIA FEIRÃO","Em atendimento","Não","","Prospecção","Não informado","Noeli","41999670044","","","",""
"9399856","2026-09-25 11:12:50","Allan Junior Dos Santos Ramos","Recontato","Não","","Facebook Ads","Venda","Francisco Granatto","51999990110","","Franciscogranatto@gmail.com","",""
"9399743","2026-09-25 11:03:45","Allan Junior Dos Santos Ramos","Recontato","Não","","WhatsApp","Venda","Emerson","17997881971","","","GWM Tank Tank / placa: TKK-3I03",""
"9399524","2026-09-25 10:47:37","Allan Junior Dos Santos Ramos","Recontato","Não","","SóCarrão","Venda","jessica","41999999991","","plenovale1@gmail.com","Fiat ARGO ARGO / placa: SEP-3I46",""
"9399422","2026-09-25 10:40:47","Allan Junior Dos Santos Ramos","Recontato","Não","","WhatsApp | Facebook Ads","Compra","Rubensito","4598482318","","","",""
"9399013","2026-09-25 10:16:15","Thayna PRE-VENDAS","Agendado","Não","","Prospecção","Troca","VITOR HENRIQUE DEMORAL CASTELO BRANCO","41996449469","","vitordemoral@hotmail.com","VolksWagen Fox Fox / placa: BBD-2397",""
"9398991","2026-09-25 10:14:42","Thayna PRE-VENDAS","Insucesso","Não","","Facebook Ads","Venda","Lucas Vinícius Segobis","46991095395","46991095395","lucas_botafogo200@hotmail.com","",""
"9398872","2026-09-25 10:07:01","Lead Sem Interesse","Insucesso","Não","","WhatsApp","Não informado","restaurante e assados","4196017544","","restaurante e assados","",""
"9398326","2026-09-25 09:20:47","Thayna PRE-VENDAS","Agendado","Não","","Prospecção","Venda","Artur","41992128822","","arturgato@hotmail.com","Jeep COMPASS COMPASS / placa: RHW-7I83",""
"9398219","2026-09-25 09:11:44","Allan Junior Dos Santos Ramos","Recontato","Não","","WhatsApp | Site","Venda","Renan Vanel","4189014475","","","",""
"9398193","2026-09-25 09:09:51","Thayna PRE-VENDAS","Visita","Sim","2026-09-25 09:12:22","Prospecção","Compra","Leandro salles","41998371009","","Galoologa@gmail.com","","VolksWagen Nivus Nivus / placa: TBA-8B10"
"9398123","2026-09-25 09:03:20","Thayna PRE-VENDAS","Em atendimento","Não","","WhatsApp","Venda","Maria Sofia Luz","4195477783","","","",""
"9398116","2026-09-25 09:02:54","Allan Junior Dos Santos Ramos","Agendado","Não","","Prospecção","Não informado","Ediel","41998827329","","","",""
"9397908","2026-09-25 08:41:35","Recepção","Sucesso","Sim","2026-09-25 08:41:39","Indicação","Compra","Luiz","41985213191","","","","Fiat Idea Idea / placa: PHG-1334"
"9397862","2026-09-25 08:35:52","Allan Junior Dos Santos Ramos","Recontato","Não","","Facebook Ads","Compra","Pedro Shima","41996763983","41996763983","pedronmshima@gmail.com","",""
"9397678","2026-09-25 08:10:57","Thayna PRE-VENDAS","Em atendimento","Não","","Facebook Ads","Venda","Simone Santos","41997506787","41997506787","simonebsantos1@hotmail.com","",""
"9397625","2026-09-25 08:01:32","Allan Junior Dos Santos Ramos","Recontato","Não","","Olx","Venda","Valquiria Cazatti","41984441688","","vcazatti@gmail.com","Renault DUSTER DUSTER / placa: SEA-7F47",""
"9397501","2026-09-25 07:41:05","Thayna PRE-VENDAS","Sucesso","Sim","2026-09-25 13:41:56","Olx","Venda","Marcelo César Tadeu Pereira","41999871021","","marceloctpereira@hotmail.com","Chevrolet ONIX ONIX / placa: SEA-6G05",""
"9397392","2026-09-25 07:10:15","Thayna PRE-VENDAS","Em atendimento","Não","","WhatsApp | Site","Não informado","Tanaka","4191047174","","","",""
"9397304","2026-09-25 06:42:55","Lais Narimã Ferreira Vieira","Em atendimento","Não","","Facebook Ads","Financiamento","Fagner Vavah","47992756579","47992756579","fagner.hokahber@gmail.com","",""
"9396232","2026-09-25 04:35:19","Allan Junior Dos Santos Ramos","Recontato","Não","","Na Pista","Venda","Sergio de arruda","41995764183","","serarruda13@gmail.com","VolksWagen TIGUAN TIGUAN / placa: QXE-1D83",""
"9396211","2026-09-25 04:02:35","Thayna PRE-VENDAS","Em atendimento","Não","","SóCarrão","Venda","Luan carlos","41987198203","","luan3menezes@gmail.com","Honda Civic Civic / placa: AWM-9654",""
"9396132","2026-09-25 02:40:12","Allan Junior Dos Santos Ramos","Recontato","Não","","Na Pista","Troca","Willy Max de Melo orlandi","41987359241","","willy.orlandi@gmail.com","Caoa Chery Tiggo Tiggo / placa: TPM-6E07",""
"9396010","2026-09-25 01:44:59","Thayna PRE-VENDAS","Em atendimento","Não","","Facebook Ads","Compra","Fuxo Strapasson","41991912936","41991912936","elisandro.prm@hotmail.com","",""
"9395960","2026-09-25 01:18:17","Allan Junior Dos Santos Ramos","Insucesso","Não","","Facebook Ads","Venda","Adriane Martins","41998649746","41998649746","adrijkp@gmail.com","",""
"9395508","2026-09-25 00:12:30","Thayna PRE-VENDAS","Insucesso","Não","","Mercado Livre | ML WhatsApp","Não informado","Lillian Martinez","43991944790","","lii.mtz92@gmail.com","Jeep COMPASS COMPASS / placa: SEY-7F96",""
"9395256","2026-09-24 23:42:40","Thayna PRE-VENDAS","Em atendimento","Não","","WhatsApp | Instagram Ads","Venda","Zé Carlos Ribeiro","4195817142","","","",""
"9394816","2026-09-24 23:08:19","Thayna PRE-VENDAS","Insucesso","Não","","Facebook Ads","Venda","Rosely Rosangela Ignácio","41995648034","41995648034","roselyig@hotmail.com","",""
"9394604","2026-09-24 22:33:54","Allan Junior Dos Santos Ramos","Agendado","Não","","Site","Venda","Cinthia Natel","45988255580","","cinthia-natel@hotmail.com","Chevrolet ONIX ONIX / placa: SEA-6G05",""
"9394590","2026-09-24 22:31:47","Lais Narimã Ferreira Vieira","Em atendimento","Não","","Facebook Ads","Financiamento","Gustavo Oliveira","41987373737","41987373737","gustavooliveira.gvt@gmail.com","",""
"9394353","2026-09-24 21:56:27","Allan Junior Dos Santos Ramos","Recontato","Não","","Chaves na Mão","Venda","Joao","41992263004","","joaovictorgutierrezfigueira@gmail.com","Hyundai Elantra Elantra / placa: OON-6E37",""
"9394337","2026-09-24 21:53:44","Lais Narimã Ferreira Vieira","Em atendimento","Não","","Facebook Ads","Financiamento","HUDSON HIROTAKA YAMAGUCHI","41987225729","41987225729","hudsonhiroyamaguchi@gmail.com","",""
"9394267","2026-09-24 21:44:35","Allan Junior Dos Santos Ramos","Recontato","Não","","Mercado Livre | WhatsApp","Venda","Lillian Martinez","4191724790","","","Jeep COMPASS COMPASS / placa: SEY-7F96",""
"9394184","2026-09-24 21:33:41","Allan Junior Dos Santos Ramos","Recontato","Não","","Facebook Ads","Compra","Vinycius Osadczuk","41998124004","41998124004","vinyosadczuk@hotmail.com","",""
"9394122","2026-09-24 21:25:02","Lead Sem Interesse","Insucesso","Não","","WhatsApp","Não informado","Celei","4196192926","","","",""
"9393753","2026-09-24 20:37:03","Thayna PRE-VENDAS","Insucesso","Não","","Facebook Ads","Venda","Atos Henrique","43991800697","43991800697","atoshenrique04@gmail.com","",""
"9393635","2026-09-24 20:23:22","Allan Junior Dos Santos Ramos","Recontato","Não","","Mercado Livre | ML WhatsApp","Venda","Zuzana lisboa","47989040854","","zuzana.lisboa4@gmail.com","Honda Civic Civic / placa: BET-4014",""
"9393348","2026-09-24 19:52:05","Thayna PRE-VENDAS","Em atendimento","Não","","Chaves na Mão","Venda","Marinalva","45991041337","","merceariabeibe@gmail.com","Kia Motors Sorento Sorento / placa: AZK-2C04",""
"9393129","2026-09-24 19:30:02","Allan Junior Dos Santos Ramos","Recontato","Não","","Facebook Ads","Compra","Rafael Serpa Giacomet","46984146488","46984146488","rafael_giacomet@hotmail.com","",""
"9393047","2026-09-24 19:20:17","Allan Junior Dos Santos Ramos","Recontato","Não","","WhatsApp | Instagram Ads","Venda","Édison Rocha","4192354004","","","Nissan Frontier Frontier / placa: TAN-7J50",""
"9392595","2026-09-24 18:34:31","Allan Junior Dos Santos Ramos","Insucesso","Não","","Chaves na Mão | WhatsApp","Venda","Fernando Ehlert","4195712898","","fernandoehlert@gmail.com","VolksWagen Fox Fox / placa: BBD-2397",""
"9392241","2026-09-24 18:00:22","Allan Junior Dos Santos Ramos","Recontato","Não","","Chaves na Mão | WhatsApp","Venda","Daiane","4197618989","","daianemay@hotmail.co","VolksWagen Fox Fox / placa: BBD-2397",""
"9392204","2026-09-24 17:56:16","Allan Junior Dos Santos Ramos","Recontato","Não","","WhatsApp | Site","Venda","Juan Paiva","41936181406","","","VolksWagen Polo Polo / placa: SEM-3B98",""
"9391852","2026-09-24 17:24:23","Thayna PRE-VENDAS","Agendado","Não","","Mercado Livre | ML WhatsApp","Venda","FLAVIO KUSS","47996031308","","caveira16@hotmail.com","Toyota ETIOS ETIOS / placa: AZY-2D20",""
"9391851","2026-09-24 17:24:22","Allan Junior Dos Santos Ramos","Insucesso","Não","","Olx","Venda","Bruno Borges","91984164271","","bruno@rcamoveis.com.br","GWM Tank Tank / placa: TKK-3I03",""
"9391802","2026-09-24 17:19:36","Thayna PRE-VENDAS","Em atendimento","Não","","WhatsApp | Site","Venda","Fer 🩷Nanda!","4185404558","","","Honda HR-V HR-V / placa: RHN-3A00",""
"9391786","2026-09-24 17:17:52","Thayna PRE-VENDAS","Em atendimento","Não","","Olx","Venda","Ricardo Militão de souza","41995068251","","ricksou@gmail.com","Renault DUSTER DUSTER / placa: SEA-7F47",""
"9391528","2026-09-24 16:59:01","Thayna PRE-VENDAS","Insucesso","Não","","Facebook Ads","Venda","Leonice Ortiz","41999561520","41999561520","leoort24@hotmail.com","",""
"9391202","2026-09-24 16:29:25","Recepção","Visita","Sim","2026-09-24 16:29:30","Carteira","Troca","LUCIANA MOREIRA","41991139919","","","","Mercedes Glc250 Glc250 / placa: QIP-6E93"
"9391130","2026-09-24 16:23:53","FELIPE TORTATO FEIRÃO","Visita","Sim","2026-09-24 16:24:45","Prospecção","Não informado","Luiz Ribeiro","41996562640","","","","Ford Fiesta Fiesta / placa: AOH-7736"
"9391027","2026-09-24 16:13:56","Thayna PRE-VENDAS","Visita","Sim","2026-09-26 11:44:41","Prospecção","Venda","Alexandre Dangui","41991886777","","alexpastro@hotmail.com","",""
"9391008","2026-09-24 16:11:57","Thayna PRE-VENDAS","Agendado","Não","","Prospecção","Troca","AROLDO/ SILVIA","41999986411","","","",""
"9390809","2026-09-24 15:57:31","Andressa K B Kreia","Sucesso","Não","","Carteira","Não informado","Formiga","41999743283","","","VolksWagen JETTA JETTA / placa: AQD-8B18",""
"9390587","2026-09-24 15:40:22","Thayna PRE-VENDAS","Em atendimento","Não","","WhatsApp","Não informado","Rauzer R Pereira","64992364389","","","",""
"9390460","2026-09-24 15:31:28","Lais Narimã Ferreira Vieira","Em atendimento","Não","","Facebook Ads","Não informado","Felipe Luan","45999599331","45999599331","felipeluanricardo@gmail.com","",""
"9390432","2026-09-24 15:29:07","Thayna PRE-VENDAS","Em atendimento","Não","","Site","Compra","Lício","41988661053","","lidomit8@gmail.com","",""
"9390357","2026-09-24 15:24:11","Thayna PRE-VENDAS","Em atendimento","Não","","SóCarrão | WhatsApp","Não informado","Welliton Portela","41987326682","","welliton450@hotmail.com","VolksWagen Gol Gol / placa: RHE-9G62",""
"9390317","2026-09-24 15:20:30","Allan Junior Dos Santos Ramos","Insucesso","Não","","Facebook Ads","Venda","Alcemar Junior","41996453217","41996453217","arst.jr@gmail.com","",""
"9390161","2026-09-24 15:10:39","Thayna PRE-VENDAS","Agendado","Não","","Prospecção","Troca","Gilmar Abreu oliveira","41992220747","","","",""
"9389768","2026-09-24 14:47:00","Recepção","Insucesso","Sim","2026-09-24 14:47:22","Carteira","Compra","MARLENE","41999896278","","","","Hyundai HB20S HB20S / placa: GGD-7G85"
"9389716","2026-09-24 14:42:48","Allan Junior Dos Santos Ramos","Agendado","Não","","WhatsApp","Compra","Lucas","7466828802","","","",""
"9389699","2026-09-24 14:41:38","Thayna PRE-VENDAS","Em atendimento","Não","","Facebook Ads","Não informado","Lucas Bitencourt","447306889569","447306889569","lucasvbs2018@gmail.com","",""
"9389661","2026-09-24 14:38:33","Allan Junior Dos Santos Ramos","Recontato","Não","","Facebook Ads","Compra","Rafael Onorio","47996427840","47996427840","rafasonorio@gmail.com","",""
"9389557","2026-09-24 14:30:27","Lais Narimã Ferreira Vieira","Em atendimento","Não","","WhatsApp","Não informado","ADRIANA PEREIRA","41987634040","","adri_luan@yahoo.com.br","",""
"9389124","2026-09-24 13:57:56","Thayna PRE-VENDAS","Em atendimento","Não","","Olx","Não informado","Luiz Roberto Souza","41984170337","","beto_moveis@hotmail.com","GWM Tank Tank / placa: TKK-3I03",""
"9389079","2026-09-24 13:54:33","Thayna PRE-VENDAS","Em atendimento","Não","","Olx","Venda","Edson jose montanarin junior","41999207440","","junior@montanarin.com","Honda Fit Fit / placa: AXE-1G52",""
"9388826","2026-09-24 13:34:02","Allan Junior Dos Santos Ramos","Recontato","Não","","WhatsApp","Venda","Duda Souza","21978800880","","","GWM Tank Tank / placa: TKK-3I03",""
"9388591","2026-09-24 13:14:43","Thayna PRE-VENDAS","Em atendimento","Não","","Na Pista","Não informado","Arino Nuness","41984976465","","locameletrica@gmail.com","Chevrolet MONTANA MONTANA / placa: EXJ-5J00",""
"9388083","2026-09-24 12:32:12","LIRIANE LARISSA RIBEIRO","Visita","Sim","2026-09-24 13:08:54","Olx","Compra","Diego Klimczak","41991818999","","","","Mitsubishi ASX ASX / placa: AXS-2900"
"9388082","2026-09-24 12:32:07","Lais Narimã Ferreira Vieira","Em atendimento","Não","","Facebook Ads","Financiamento","Ricardo Riby","41995799990","41995799990","ribyricardo@gmail.com","",""
"9387726","2026-09-24 12:07:15","Thayna PRE-VENDAS","Em atendimento","Não","","Facebook Ads","Não informado","Juliano Guimaraes","41995882710","41995882710","julianofabricio100@icloud.com","",""
"9387694","2026-09-24 12:04:37","Recepção","Visita","Sim","2026-09-24 12:04:51","Passante","Compra","Rudi","44998772103","","","","Fiat CRONOS CRONOS / placa: BDJ-9D08"
"9387634","2026-09-24 12:00:09","Allan Junior Dos Santos Ramos","Insucesso","Não","","Facebook Ads","Venda","Francisco Granatto","51999990110","51999990110","Franciscogranatto@gmail.com","",""
"9387588","2026-09-24 11:56:49","Lais Narimã Ferreira Vieira","Em atendimento","Não","","Facebook Ads","Financiamento","Inon Gomes Marques","41987313399","41987313399","inongomes1000@gmail.com","",""
"9387561","2026-09-24 11:55:20","Allan Junior Dos Santos Ramos","Agendado","Não","","WhatsApp | Site","Venda","Elson ","41936197364","","","Caoa Chery Tiggo Tiggo / placa: RTU-9I28",""
"9387552","2026-09-24 11:54:36","Recepção","Visita","Sim","2026-09-24 11:54:53","Carteira","Compra","DIEGO","41984993037","","","","Chevrolet EQUINOX EQUINOX / placa: BCD-8278"
"9387390","2026-09-24 11:43:33","Lais Narimã Ferreira Vieira","Em atendimento","Não","","Facebook Ads","Financiamento","Junior Vieira","42991189727","42991189727","jcvj130@gmail.com","",""
"9387292","2026-09-24 11:34:13","Thayna PRE-VENDAS","Em atendimento","Não","","Olx","Venda","Leandro","41987349610","","l1960795800@gmail.com","Honda Fit Fit / placa: AXE-1G52",""
"9387242","2026-09-24 11:30:24","Allan Junior Dos Santos Ramos","Insucesso","Não","","Facebook Ads","Venda","Rodrigo.","41988550996","41988550996","depaularodrigo1985@gmail.com","",""
"9387076","2026-09-24 11:17:28","Lead Sem Interesse","Insucesso","Não","","Instagram","Não informado","LEONARDO KOCHANI || BELLOS CAR","","","leonardokochani@instagram.com","",""
"9387077","2026-09-24 11:17:28","Lead Sem Interesse","Insucesso","Não","","Instagram","Não informado","Gabriel Ricardo","","","gabriel_rkb@instagram.com","",""
"9387078","2026-09-24 11:17:28","Lead Sem Interesse","Insucesso","Não","","Instagram","Não informado","Silvan Dal Bello","","","silvan.belloscar@instagram.com","",""
"9387065","2026-09-24 11:17:04","Allan Junior Dos Santos Ramos","Insucesso","Não","","Facebook Ads","Venda","Denis Oliveira","41998974722","41998974722","denisoliveira25@yahoo.com.br","",""
"9386967","2026-09-24 11:10:44","Thayna PRE-VENDAS","Agendado","Não","","Olx","Venda","Kelmitt","41997574854","","kelmittgnr@gmail.com","Caoa Chery Tiggo Tiggo / placa: RTU-9I28",""
"9386860","2026-09-24 11:02:54","Allan Junior Dos Santos Ramos","Agendado","Não","","Prospecção","Não informado","Leandro  Martins","41998795428","","leandromrts8588@gmail.com","",""
"9386834","2026-09-24 11:01:25","Allan Junior Dos Santos Ramos","Agendado","Não","","Prospecção","Não informado","Luiz Gustavo","41999845399","","","",""
"9386767","2026-09-24 10:57:07","Allan Junior Dos Santos Ramos","Agendado","Não","","Prospecção","Não informado","FLORI","41985153139","","","",""
"9386726","2026-09-24 10:54:43","Allan Junior Dos Santos Ramos","Agendado","Não","","Prospecção","Não informado","Matheus Rocha leite","41999765506","","matheus_r_leite@hotmail.com","",""
"9386401","2026-09-24 10:36:28","Lais Narimã Ferreira Vieira","Insucesso","Não","","Facebook Ads","Não informado","Cesar Nagai","81983435730","81983435730","cesar_nagai@yahoo.com.br","",""
"9386394","2026-09-24 10:36:01","Recepção","Sucesso","Sim","2026-09-24 10:36:06","Carteira","Consignação","ALEXANDRE","41999904447","","","","Porsche Cayenne Cayenne / placa: BBJ-5J00"
"9386378","2026-09-24 10:35:03","LIRIANE LARISSA RIBEIRO","Visita","Sim","2026-09-24 10:36:28","Olx","Não informado","Gustavo ","41999332815","","","","Honda Civic Civic / placa: AYA-7694"
"9386139","2026-09-24 10:19:42","Thayna PRE-VENDAS","Insucesso","Não","","Facebook Ads","Venda","Mauro Luz","41997164988","41997164988","pedrapapel22@gmail.com","",""
"9385890","2026-09-24 10:02:35","Allan Junior Dos Santos Ramos","Insucesso","Não","","Facebook Ads","Venda","Juarez willians Junior","419984552964","419984552964","angelicadiasbatistawillians@gmail.com","",""
"9385375","2026-09-24 09:23:10","Recepção","Sucesso","Sim","2026-09-24 09:23:16","Carteira","Consignação","ROBERTO ANTONIO MASSARO","41991271974","","","","Volkswagen Fusca Fusca / placa: ADR-1D68"
"9384675","2026-09-24 08:20:18","Lead Sem Interesse","Insucesso","Não","","Instagram","Não informado","Contato Instagram","","","","",""
"9384640","2026-09-24 08:16:32","Thayna PRE-VENDAS","Em atendimento","Não","","WhatsApp | Facebook Ads","Venda","Suzamara","4195132997","","","",""
"9384619","2026-09-24 08:14:09","Thayna PRE-VENDAS","Agendado","Não","","WhatsApp | Site","Troca","Dr. Miguel Setim","4184963991","","","Caoa Chery Tiggo Tiggo / placa: TBT-1F59",""
"9384612","2026-09-24 08:12:38","Thayna PRE-VENDAS","Insucesso","Não","","Facebook Ads","Venda","Marcelo Mayer","41988977335","41988977335","mayerms@hotmail.com","",""
"9384397","2026-09-24 07:34:59","Thayna PRE-VENDAS","Em atendimento","Não","","Olx","Venda","Claudianno C.","75992205155","","coliveiracerqueira@gmail.com","GWM Tank Tank / placa: TKK-3I03",""
"9384054","2026-09-24 06:32:45","Lais Narimã Ferreira Vieira","Em atendimento","Não","","Facebook Ads","Financiamento","Wellington Rodrigo Cecatto","41984188343","41984188343","wellington@cecatto.com.br","",""
"9383426","2026-09-24 06:10:15","Lais Narimã Ferreira Vieira","Em atendimento","Não","","Facebook Ads","Financiamento","Lucas Silva","41999709456","41999709456","lucassilvapersonaltrainer@gmail.com","",""
"9383019","2026-09-24 01:50:15","Allan Junior Dos Santos Ramos","Insucesso","Não","","Facebook Ads","Venda","Beatriz Antunes","41995620237","41995620237","mariabeatrizanrunesdar@gmail.com","",""
"9382966","2026-09-24 01:16:48","Thayna PRE-VENDAS","Insucesso","Não","","Facebook Ads","Venda","Alessandra Santos","41992901633","41992901633","alessandra_schuch@hotmail.com","",""
"9382707","2026-09-24 01:03:59","Lead Sem Interesse","Insucesso","Não","","WhatsApp","Não informado","João Maria clarimundo","5983189675","","","",""
"9382312","2026-09-23 23:41:14","Lais Narimã Ferreira Vieira","Em atendimento","Não","","Facebook Ads","Financiamento","Xixo Malucelli","41997191901","41997191901","xixowm@gmail.com","",""
"9382028","2026-09-23 23:19:02","Thayna PRE-VENDAS","Em atendimento","Não","","WhatsApp","Não informado","GILBERTO","42999250850","","","Chevrolet Monza Monza / placa: CVJ-7J46",""
"9381936","2026-09-23 23:10:08","Thayna PRE-VENDAS","Insucesso","Não","","Facebook Ads","Não informado","Luiz Costa | Especialista em equipamentos para academias","81973296991","81973296991","lcvendasfitness@gmail.com","",""
"9381861","2026-09-23 22:56:43","Allan Junior Dos Santos Ramos","Insucesso","Não","","Facebook Ads","Venda","HM moda e acessórios","41985242379","41985242379","maranacastro114@gmail.com","",""
"9381743","2026-09-23 22:36:48","Lais Narimã Ferreira Vieira","Em atendimento","Não","","Facebook Ads","Financiamento","Jota","42984280949","42984280949","joaovitorpds@hotmail.com","",""
"9381706","2026-09-23 22:31:27","Lais Narimã Ferreira Vieira","Em atendimento","Não","","Facebook Ads","Financiamento","Murilo Ronqui (Muka)","44997156657","44997156657","muriloronquidasilva@gmail.com","",""
"9381688","2026-09-23 22:28:37","Lais Narimã Ferreira Vieira","Em atendimento","Não","","Facebook Ads","Financiamento","Jailton Lauriano","49999294701","49999294701","papytolauriano@gmail.com","",""
"9381621","2026-09-23 22:18:54","Allan Junior Dos Santos Ramos","Recontato","Não","","WhatsApp | Instagram Ads","Troca","Vilson","4599814754","","","Honda Civic Civic / placa: AWM-9654",""
"9381531","2026-09-23 22:05:55","Allan Junior Dos Santos Ramos","Insucesso","Não","","Facebook Ads","Venda","Genilson Karras","41992060842","41992060842","gekarras@hotmail.com","",""
"9381268","2026-09-23 21:32:51","Thayna PRE-VENDAS","Insucesso","Não","","Facebook Ads","Compra","Ubirajara Moreira","44998068492","44998068492","ubirajaramoreira@hotmail.com","",""
"9381130","2026-09-23 21:15:30","Allan Junior Dos Santos Ramos","Recontato","Não","","Facebook Ads","Compra","Robson Tourin","42984355292","42984355292","robsontourin@hotmail.com","",""
"9380758","2026-09-23 20:30:03","Lead Sem Interesse","Insucesso","Não","","Instagram","Não informado","Contato Instagram","","","","",""
"9380649","2026-09-23 20:19:08","Allan Junior Dos Santos Ramos","Sucesso","Sim","2026-09-25 15:34:15","Site","Venda","Julianne","41996397987","","ju_zamb@yahoo.com.br","Honda Fit Fit / placa: AXE-1G52",""
"9380325","2026-09-23 19:44:18","Lead Sem Interesse","Insucesso","Não","","Instagram","Não informado","Mac Imports","","","marquinhosmac_belloscar@instagram.com","",""
"9380323","2026-09-23 19:44:15","Lead Sem Interesse","Insucesso","Não","","Instagram","Não informado","Silvan Dal Bello","","","silvan.belloscar@instagram.com","",""
"9380324","2026-09-23 19:44:15","Lead Sem Interesse","Insucesso","Não","","Instagram","Não informado","Marcos da Costa","","","marquinhos_mac@instagram.com","",""
"9380272","2026-09-23 19:38:53","Thayna PRE-VENDAS","Em atendimento","Não","","WhatsApp | Instagram Ads","Não informado","Elizeu","41997714339","","","",""
"9380082","2026-09-23 19:18:11","Lais Narimã Ferreira Vieira","Em atendimento","Não","","Facebook Ads","Financiamento","Raquel Brum","41992653637","41992653637","kellbrum00@gmail.com","",""
"9379983","2026-09-23 19:08:45","Lais Narimã Ferreira Vieira","Em atendimento","Não","","Facebook Ads","Financiamento","Marco A Miranda","41991437881","41991437881","marcoam@outlook.com","",""
"9379840","2026-09-23 18:54:25","Allan Junior Dos Santos Ramos","Recontato","Não","","Olx","Venda","Edival V.","44998620659","","edivalvasques2017@gmail.com","Ford Fusion Fusion / placa: QPD-1B40",""
"9379785","2026-09-23 18:47:44","Thayna PRE-VENDAS","Insucesso","Não","","WhatsApp | Facebook Ads","Venda","valdinei Lima","4488449547","","","",""
"9379699","2026-09-23 18:37:26","Thayna PRE-VENDAS","Em atendimento","Não","","Mercado Livre | ML WhatsApp","Venda","Fabrício Oliveira","31988880080","","fabregaoliveira@yahoo.com.br","Honda HR-V HR-V / placa: RHN-3A00",""
"9379680","2026-09-23 18:35:37","Ana Dal Bello","Sucesso","Sim","2026-09-23 18:35:56","Carteira","Não informado","Karolina","41995001500","","","",""
"9379676","2026-09-23 18:35:24","Allan Junior Dos Santos Ramos","Recontato","Não","","WhatsApp | Site","Compra","Luiza Leite","11956541278","","","",""
"9379478","2026-09-23 18:16:20","Allan Junior Dos Santos Ramos","Insucesso","Não","","Facebook Ads","Venda","Anderson Falcão","42998104169","42998104169","studiomusicguitar@gmail.com","",""
"9377951","2026-09-23 16:17:13","LIRIANE LARISSA RIBEIRO","Visita","Sim","2026-09-23 16:19:38","Olx","Não informado","Cristiane ","41998036992","","","","BMW X1 X1 / placa: GHD-9B42"
"9377868","2026-09-23 16:11:51","Allan Junior Dos Santos Ramos","Recontato","Não","","Site","Compra","Nicoly Rodrigues","41984890635","","nicolirs06@gmal.com","",""
"9377835","2026-09-23 16:09:37","Thayna PRE-VENDAS","Em atendimento","Não","","Mercado Livre | WhatsApp","Venda","rodriguesmilton72195","15997156243","","","",""
"9377596","2026-09-23 15:52:56","Recepção","Visita","Sim","2026-09-23 15:53:03","Carteira","Compra","RENATO","41992553347","","","","Kia Motors Sorento Sorento / placa: AHM-5588"
"9377482","2026-09-23 15:46:25","Recepção","Visita","Sim","2026-09-23 15:46:31","Carteira","Compra","LUIZ FERNANDO","41999766557","","","","Caoa Chery Tiggo Tiggo / placa: TAY-1I00"
"9377409","2026-09-23 15:41:31","Thayna PRE-VENDAS","Em atendimento","Não","","Instagram","Não informado","Contato Instagram","","","","",""
"9377332","2026-09-23 15:37:06","Lais Narimã Ferreira Vieira","Em atendimento","Não","","Facebook Ads","Financiamento","melo","41984107721","41984107721","aluciomelo@bol.com.br","",""
"9377168","2026-09-23 15:26:11","Thayna PRE-VENDAS","Em atendimento","Não","","Facebook Ads","Não informado","Maah","41995292569","41995292569","Mairabonfim39@gmail.com","",""
"9377166","2026-09-23 15:26:08","Thayna PRE-VENDAS","Em atendimento","Não","","WhatsApp | Site","Não informado","Kevin","4199226403","",".","Hyundai Elantra Elantra / placa: OON-6E37",""
"9377164","2026-09-23 15:25:56","Thayna PRE-VENDAS","Em atendimento","Não","","WhatsApp | Site","Troca","KEVIN","41995249672","","kevin.martins9903@gmail.com","Hyundai Elantra Elantra / placa: OON-6E37",""
"9376851","2026-09-23 15:01:36","Lead Sem Interesse","Insucesso","Não","","WhatsApp | Site","Não informado","Marcio Siqueira","4199018645","","","",""
"9376666","2026-09-23 14:46:27","Allan Junior Dos Santos Ramos","Recontato","Não","","Facebook Ads","Compra","Freitas","41996438582","41996438582","nicollyfreitasferreira@gmail.com","",""
"9376431","2026-09-23 14:27:14","Recepção","Visita","Sim","2026-09-23 14:27:20","Passante","Compra","atila","41992445311","","","","BYD Song Song / placa: AIW-9A13"
"9376153","2026-09-23 14:03:48","Recepção","Visita","Sim","2026-09-23 14:03:56","Passante","Compra","Andre Matinez","41996765960","","","","VolksWagen AMAROK AMAROK / placa: AXR-7E68"
"9376011","2026-09-23 13:53:08","Lead Sem Interesse","Insucesso","Não","","WhatsApp","Não informado","beto997359614","41997359614","","","",""
"9375952","2026-09-23 13:49:09","LIRIANE LARISSA RIBEIRO","Agendado","Não","","Olx","Compra","Lucas ","41996983784","","","",""
"9375545","2026-09-23 13:19:39","Lead Sem Interesse","Insucesso","Não","","WhatsApp","Não informado","João Maria clarimundo","5983189675","","","",""
"9375515","2026-09-23 13:17:06","Lais Narimã Ferreira Vieira","Em atendimento","Não","","Google | Site","Financiamento","Rogerio Luiz Schelbauer","41998548201","","","",""
"9375211","2026-09-23 12:54:57","Thayna PRE-VENDAS","Em atendimento","Não","","WhatsApp | Instagram Ads","Compra","Carlos","4188698609","","","",""
"9375210","2026-09-23 12:54:53","Thayna PRE-VENDAS","Insucesso","Não","","WhatsApp","Compra","Fabrizzio","41997724289","","bricio_ctba@hotmail.com","",""
"9375168","2026-09-23 12:51:55","Lais Narimã Ferreira Vieira","Em atendimento","Não","","Facebook Ads","Financiamento","Victor Rodrigues","42999191320","42999191320","victor1994work@gmail.com","",""
"9374943","2026-09-23 12:35:44","Lais Narimã Ferreira Vieira","Em atendimento","Não","","Facebook Ads","Financiamento","Miro Guedes","41998458831","41998458831","miroguedes470@gmail.com","",""
"9374791","2026-09-23 12:24:31","Allan Junior Dos Santos Ramos","Recontato","Não","","SóCarrão","Troca","Cristiano Ilnitski","41988419788","","cristianoilnitski@gmail.com","Honda Civic Civic / placa: AWM-9654",""
"9374501","2026-09-23 12:03:23","Thayna PRE-VENDAS","Agendado","Não","","WhatsApp | Site","Troca","Paulo Cesar Lopes Vicente","41995040290","","Nelmacangussu@gmail.com","Renault SANDERO SANDERO / placa: BBP-8236",""
"9374426","2026-09-23 11:58:02","Lais Narimã Ferreira Vieira","Em atendimento","Não","","WhatsApp | Site | Facebook Ads","Não informado","Kelvin Oliveira","41999162981","41999162981","eytoroliver@gmail.com","",""
"9374325","2026-09-23 11:51:34","Recepção","Visita","Sim","2026-09-23 11:51:49","Passante","Venda","Marco Aurelio","41996807755","","","","BMW X5 X5 / placa: RQG-7E77"
"9374262","2026-09-23 11:47:49","Lais Narimã Ferreira Vieira","Em atendimento","Não","","Facebook Ads","Financiamento","Marcio Santos","43988278274","43988278274","marciospana@icloud.com","",""
"9373961","2026-09-23 11:29:47","Allan Junior Dos Santos Ramos","Agendado","Não","","Mercado Livre | WhatsApp","Venda","Matheus Savulski","4196601127","","matheussavulski001@gmail.com","Volvo XC XC / placa: SEK-3G62",""
"9373531","2026-09-23 11:01:59","Thayna PRE-VENDAS","Insucesso","Não","","Olx","Venda","Saulo Amorim","41989046898","","saullobright@gmail.com","Honda Fit Fit / placa: AXE-1G52",""
"9373428","2026-09-23 10:56:20","Allan Junior Dos Santos Ramos","Insucesso","Não","","Olx","Troca","Leodir marcos de Sá ribas","11972277811","","ribas.leo@hotmail.com","Honda Fit Fit / placa: AXE-1G52",""
"9373128","2026-09-23 10:38:13","Allan Junior Dos Santos Ramos","Recontato","Não","","Mercado Livre | WhatsApp","Venda","Nanny Melo","4198122095","","rosilainemelo07@outlook.com","Volvo XC XC / placa: AXD-5E00",""
"9373113","2026-09-23 10:37:24","Lead Sem Interesse","Insucesso","Não","","Instagram","Não informado","Gabriel Ricardo","","","gabriel_rkb@instagram.com","",""
"9373049","2026-09-23 10:33:23","Thayna PRE-VENDAS","Em atendimento","Não","","WhatsApp | Site","Não informado","Mi💜","4199049317","","","Ford Fiesta Fiesta / placa: AYG-8122",""
"9372813","2026-09-23 10:18:18","Thayna PRE-VENDAS","Em atendimento","Não","","Instagram","Não informado","Contato Instagram","","","","",""
"9372701","2026-09-23 10:11:35","Thayna PRE-VENDAS","Em atendimento","Não","","WhatsApp | Site","Não informado","Fabrício","4184664700","","","Hyundai HB20S HB20S / placa: BBF-8G16",""
"9372452","2026-09-23 09:53:26","Thayna PRE-VENDAS","Em atendimento","Não","","Olx","Venda","alex mauro silva fagundes","21969624619","","alexfagundeslife@hotmail.com","Honda HR-V HR-V / placa: PCA-0H55",""
"9372418","2026-09-23 09:51:11","Thayna PRE-VENDAS","Em atendimento","Não","","Olx","Venda","Marcio Trindade Dantas","46999226792","","marciotdantas@hotmail.com","Caoa Chery Tiggo Tiggo / placa: TBT-1F59",""
"9372094","2026-09-23 09:26:30","Thayna PRE-VENDAS","Em atendimento","Não","","WhatsApp | Site","Venda","Marcelo Martins Ferreira","41999658675","","","Jeep COMPASS COMPASS / placa: RHW-7I83",""
"9372047","2026-09-23 09:23:04","Thayna PRE-VENDAS","Em atendimento","Não","","Telefone","Compra","Nelson","41999140073","","","",""
"9371673","2026-09-23 08:55:26","Allan Junior Dos Santos Ramos","Recontato","Não","","WhatsApp | Instagram Ads","Compra","Rafe","4192239754","","","",""
"9371669","2026-09-23 08:55:04","LIRIANE FEIRÃO","Sucesso","Sim","2026-09-23 10:27:03","Indicação","Troca","Marcos Chagas","41996769711","","","","Nissan KICKS KICKS / placa: RHP-1I87"
"9371621","2026-09-23 08:51:38","Allan Junior Dos Santos Ramos","Recontato","Não","","Mercado Livre | WhatsApp","Venda","Jorge EDILSON MORAES","41999262813","","","VolksWagen TIGUAN TIGUAN / placa: QXE-1D83",""
"9371556","2026-09-23 08:45:50","Allan Junior Dos Santos Ramos","Recontato","Não","","WhatsApp | Site","Venda","Alex","21999999330","","","Audi A3 A3 / placa: FRZ-5I95",""
"9371462","2026-09-23 08:37:08","Allan Junior Dos Santos Ramos","Recontato","Não","","WhatsApp","Venda","Conde","15998189888","","","",""
"9371235","2026-09-23 08:14:17","Allan Junior Dos Santos Ramos","Insucesso","Não","","Facebook Ads","Venda","Johnatan Luiz","41984197855","41984197855","johnatan.lferreira@hotmail.com","",""
"9371110","2026-09-23 07:59:26","Allan Junior Dos Santos Ramos","Recontato","Não","","WhatsApp | Site","Venda","Tailane","4199606922","","","Caoa Chery Tiggo Tiggo / placa: TBT-1F59",""
"9370936","2026-09-23 07:32:09","Thayna PRE-VENDAS","Em atendimento","Não","","Olx","Venda","Gilberto Andrey Lima","41999939317","","betomotos@outlook.com","Honda HR-V HR-V / placa: PCA-0H55",""
"9370433","2026-09-23 06:35:05","Thayna PRE-VENDAS","Insucesso","Não","","Facebook Ads","Venda","Celia Anjos","41995112590","41995112590","Contatoexpress22@gmail.com","",""
"9369674","2026-09-23 02:55:20","Allan Junior Dos Santos Ramos","Recontato","Não","","Google | Site","Compra","Jaqueline Ferreira","41985360874","","jaquelinefmk@gmail.com","",""
"9369657","2026-09-23 02:37:29","Thayna PRE-VENDAS","Agendado","Não","","WhatsApp | Site","Troca","Heron","41987939854","","","Renault Kardian Kardian / placa: TAS-6B09",""
"9369468","2026-09-23 01:57:51","Thayna PRE-VENDAS","Insucesso","Não","","Facebook Ads","Venda","Gabriela Yoshitani Granatto","41992420520","41992420520","gabigabrielayoshitani@outlook.com","",""
"9368763","2026-09-23 00:23:47","Allan Junior Dos Santos Ramos","Insucesso","Não","","Facebook Ads","Venda","Jhonatan Lopes","41996580282","41996580282","ljhow85@gmail.com","",""
"9368694","2026-09-23 00:14:59","Thayna PRE-VENDAS","Em atendimento","Não","","Mercado Livre | ML WhatsApp","Venda","Cesar Carneiro","21981872809","","cesar.carneiro@gmail.com","Kia Motors Sorento Sorento / placa: AZK-2C04",""
"9368627","2026-09-23 00:13:12","Thayna PRE-VENDAS","Em atendimento","Não","","WhatsApp | Site","Não informado","Leandro Tulles","4187176715","","","Hyundai Elantra Elantra / placa: OON-6E37",""
"9368405","2026-09-22 23:41:23","Allan Junior Dos Santos Ramos","Insucesso","Não","","Facebook Ads","Venda","Rômulo Silva","19982005574","19982005574","hyury03@gmail.com","",""
"9368381","2026-09-22 23:38:43","Lais Narimã Ferreira Vieira","Em atendimento","Não","","Facebook Ads","Financiamento","Lilian Moura Wolf","41999743417","41999743417","lmourawolf@hotmail.com","",""
"9367957","2026-09-22 23:07:22","Lais Narimã Ferreira Vieira","Insucesso","Não","","Facebook Ads","Financiamento","joao efigenio da rosa neto","41974038018","41974038018","efigeniojoao5@gmail.com","",""
"9367812","2026-09-22 22:43:28","Lais Narimã Ferreira Vieira","Em atendimento","Não","","Facebook Ads","Financiamento","Thiago Yuri Olivera","41997292246","41997292246","to64027@gmail.com","",""
"9367735","2026-09-22 22:29:02","Allan Junior Dos Santos Ramos","Recontato","Não","","WhatsApp | Instagram Ads","Compra","Luis 2","4191572683","","","",""
"9367379","2026-09-22 21:35:59","Allan Junior Dos Santos Ramos","Insucesso","Não","","WhatsApp | Instagram Ads","Compra","Gabriel Zanolo","4498331413","","","",""
"9367309","2026-09-22 21:26:36","Allan Junior Dos Santos Ramos","Recontato","Não","","SóCarrão","Venda","Alisson Jessé renzcherchen","42999315282","","alissonjesse89renzcherchen@gmail.com","Honda Civic Civic / placa: AWM-9654",""
"9367205","2026-09-22 21:09:50","Lais Narimã Ferreira Vieira","Em atendimento","Não","","Facebook Ads","Financiamento","Roberta","49991991222","49991991222","riro231085@gmail.com","",""
"9367157","2026-09-22 21:02:12","Allan Junior Dos Santos Ramos","Recontato","Não","","SóCarrão","Venda","Ivanira Terezinha Rodrigues","41998514675","","ivanirabertoti@gmail.com","VolksWagen Nivus Nivus / placa: TBT-7E62",""
"9367123","2026-09-22 20:58:07","Thayna PRE-VENDAS","Insucesso","Não","","Facebook Ads","Venda","Daywison Soares do Rosario","41991967834","41991967834","daywisonsoares@hotmail.com","",""
"9367009","2026-09-22 20:44:18","Allan Junior Dos Santos Ramos","Recontato","Não","","SóCarrão","Venda","simoesdebeatriz@gmail.com","47997012084","","simoesdebeatriz@gmail.com","Renault OROCH OROCH / placa: SEA-3D65",""
"9366914","2026-09-22 20:29:01","Thayna PRE-VENDAS","Em atendimento","Não","","Mercado Livre | WhatsApp","Venda","Philippe Mattos","025976277","","","",""
"9366849","2026-09-22 20:18:20","Thayna PRE-VENDAS","Agendado","Não","","Olx","Troca","Lucas","41999350114","","lucaspc@me.com","GWM Tank Tank / placa: TKK-3I03",""
"9366739","2026-09-22 20:06:46","","Pendente","Não","","WhatsApp | Instagram Ads","Não informado","Jardel Gomes","4199936802","","","",""
"9366702","2026-09-22 20:02:15","Thayna PRE-VENDAS","Em atendimento","Não","","Facebook Ads","Compra","Gian Franchini","21988915873","21988915873","gianfranchini@gmail.com","",""
"9366333","2026-09-22 19:21:55","Allan Junior Dos Santos Ramos","Recontato","Não","","Facebook Ads","Compra","Juliano Iurkiv","41987243922","41987243922","julianomorsom@gmail.com","",""
"9366209","2026-09-22 19:10:17","Lais Narimã Ferreira Vieira","Em atendimento","Não","","Facebook Ads","Financiamento","Debra","16920089821","16920089821","gdebrarenatafernanda@gmail.com","",""
"9366155","2026-09-22 19:02:42","Lais Narimã Ferreira Vieira","Em atendimento","Não","","Facebook Ads","Financiamento","João Vitor Mokfa","49988841510","49988841510","joaovitor-mokfa@hotmail.com","",""
"9366100","2026-09-22 18:57:36","Thayna PRE-VENDAS","Em atendimento","Não","","Olx","Venda","Eber","27992410089","","eberalves2011@gmail.com","Honda Civic Civic / placa: AWM-9654",""
"9365506","2026-09-22 17:59:19","Allan Junior Dos Santos Ramos","Agendado","Não","","Facebook Ads","Compra","Adilson Saldanha","41988060682","41988060682","adilson.saldanha@gmail.com","",""
"9365438","2026-09-22 17:52:27","Thayna PRE-VENDAS","Em atendimento","Não","","Facebook Ads","Compra","Antonio Raul Cavalli","41999730738","41999730738","toninho@multiplapack.com.br","",""
"9365304","2026-09-22 17:41:53","Recepção","Insucesso","Sim","2026-09-22 17:42:11","Site","Troca","FERNANDO","41999957262","","","","Ford Ranger Ranger / placa: BEP-5I27"
"9365292","2026-09-22 17:40:59","Maria Cristine Ripka","Insucesso","Sim","2026-09-22 17:40:59","Avaliação","Não informado","ANA PAULA SANTOS DAL BELLO","","","","","Peugeot 208 208 / placa: UMG-4C00"
"9365054","2026-09-22 17:19:59","Allan Junior Dos Santos Ramos","Recontato","Não","","Google | Site","Compra","Mateus Rossetin","41999119264","","mateusrossetin@remax.com.br","",""
"9364877","2026-09-22 17:07:46","Lais Narimã Ferreira Vieira","Em atendimento","Não","","Facebook Ads","Financiamento","Cleber Santos","41988259551","41988259551","bentocleber83@gmail.com","",""
"9364859","2026-09-22 17:06:48","Allan Junior Dos Santos Ramos","Insucesso","Não","","Facebook Ads","Venda","Mateus","41995106353","41995106353","mateusdkl.fernandes@gmail.com","",""
"9364559","2026-09-22 16:45:03","","Pendente","Não","","WhatsApp | Site","Não informado","Valmor Moura","4691011080","","","Honda Civic Civic / placa: BET-4014",""
"9364557","2026-09-22 16:44:50","Andressa K B Kreia","Sucesso","Não","","OLX Vendedores","Troca","Claudio","47991223047","","","Hyundai HB20 HB20 / placa: BEU-5B11",""
"9364497","2026-09-22 16:40:31","Thayna PRE-VENDAS","Em atendimento","Não","","Site","Compra","Felipe","41998348911","","fpadillamiranda@gmail.com","",""
"9364247","2026-09-22 16:23:21","Allan Junior Dos Santos Ramos","Agendado","Não","","WhatsApp","Compra","Netao","41996477316","","","",""
"9364039","2026-09-22 16:06:53","Thayna PRE-VENDAS","Em atendimento","Não","","WhatsApp | Instagram Ads","Venda","Ricardo Maciel","4291554314","","","",""
"9364034","2026-09-22 16:06:28","Allan Junior Dos Santos Ramos","Insucesso","Não","","Facebook Ads","Venda","Ezequiel Leite","41995817842","41995817842","garage95zicomanobras@gmail.com","",""
"9363984","2026-09-22 16:02:37","Thayna PRE-VENDAS","Sucesso","Sim","2026-09-22 16:04:53","Telefone","Compra","Leonardo","47991212154","","","","Renault Kardian Kardian / placa: SXB-1B35"
"9363818","2026-09-22 15:50:38","Allan Junior Dos Santos Ramos","Recontato","Não","","Na Pista","Venda","Dionésio Nunes da Silva","41984445212","","","Audi A3 A3 / placa: FRZ-5I95",""
"9363787","2026-09-22 15:48:41","Thayna PRE-VENDAS","Em atendimento","Não","","Facebook Ads","Não informado","Fernando Carrilho","41995241547","41995241547","fercarrilho@yahoo.com.br","",""
"9363419","2026-09-22 15:24:05","Allan Junior Dos Santos Ramos","Recontato","Não","","Na Pista","Venda","Flavio Anabor Maia de Alemida","41996170884","","","Toyota RAV4 RAV4 / placa: BDW-6G48",""
"9363372","2026-09-22 15:20:48","Allan Junior Dos Santos Ramos","Recontato","Não","","Na Pista","Venda","Adir Pires Cordeiro","41999252510","","","Renault Kwid Kwid / placa: BCV-9E28",""
"9363320","2026-09-22 15:17:57","Allan Junior Dos Santos Ramos","Recontato","Não","","Na Pista","Venda","Ricardo Amaral Julio","41997132372","","","Renault SANDERO SANDERO / placa: BBP-8236",""
"9362964","2026-09-22 14:51:08","Allan Junior Dos Santos Ramos","Insucesso","Não","","Instagram","Não informado","Contato Instagram","","","","",""
"9362905","2026-09-22 14:47:36","Andressa K B Kreia","Descartado","Não","","Instagram","Não informado","Silvan Dal Bello","","","silvan.belloscar@instagram.com","",""
"9362903","2026-09-22 14:47:35","Lead Sem Interesse","Insucesso","Não","","Instagram","Não informado","Contato Instagram","","","","",""
"9362904","2026-09-22 14:47:35","Lead Sem Interesse","Insucesso","Não","","Instagram","Não informado","Contato Instagram","","","","",""
"9362897","2026-09-22 14:47:16","Thayna PRE-VENDAS","Em atendimento","Não","","Olx","Venda","DDS","41999368576","","dalttex@gmail.com","Volkswagen Outros Outros / placa: AFU-9216",""
"9362636","2026-09-22 14:29:30","Lead Sem Interesse","Insucesso","Não","","Na Pista","Não informado","ANDRESSA","41997560308","","andressabarra.belloscar@gmail.com","Ford Fiesta Fiesta / placa: AYG-8122",""
"9362610","2026-09-22 14:27:18","Allan Junior Dos Santos Ramos","Recontato","Não","","WhatsApp","Venda","Valdomira","4198292707","","","",""
"9362383","2026-09-22 14:13:40","Lais Narimã Ferreira Vieira","Em atendimento","Não","","Facebook Ads","Financiamento","Marcia Galdino","41996966830","41996966830","marciagm77@gmail.com","",""
"9362337","2026-09-22 14:11:43","Allan Junior Dos Santos Ramos","Recontato","Não","","Na Pista","Venda","Alexandre Dias","41988324803","","","Renault Kwid Kwid / placa: BCV-9E28",""
"9362289","2026-09-22 14:08:35","Allan Junior Dos Santos Ramos","Recontato","Não","","Chaves na Mão","Venda","Joscimar","63992477266","","maozinha17041983@gmail.com","GWM Tank Tank / placa: TKK-3I03",""
"9362276","2026-09-22 14:07:59","Andressa K B Kreia","Sucesso","Sim","2026-09-22 14:40:13","Busca Ativa","Compra","Tiago","41996867887","","","","BMW 118iA 118iA / placa: AWS-7F87"
"9362265","2026-09-22 14:07:32","Thayna PRE-VENDAS","Visita","Sim","2026-09-25 15:50:37","WhatsApp","Compra","🤍","4198565252","","","","VolksWagen Polo Polo / placa: BCQ-4925"
"9362202","2026-09-22 14:03:53","Thayna PRE-VENDAS","Em atendimento","Não","","Olx","Venda","Joao","47999154014","","jangojed@hotmail.com","Honda HR-V HR-V / placa: SED-1F31",""
"9362181","2026-09-22 14:02:04","Allan Junior Dos Santos Ramos","Insucesso","Não","","Facebook Ads","Venda","suzana cipriano","43996455144","43996455144","suzaninha11@outlook.com","",""
"9362151","2026-09-22 14:00:10","Allan Junior Dos Santos Ramos","Agendado","Não","","WhatsApp | Instagram Ads","Compra","Hello Nuzda","4291029140","","","",""
"9361999","2026-09-22 13:50:32","Thayna PRE-VENDAS","Em atendimento","Não","","Na Pista","Venda","Paulo","41999596512","","","VolksWagen JETTA JETTA / placa: AZV-4110",""
"9361903","2026-09-22 13:43:30","Thayna PRE-VENDAS","Visita","Sim","2026-09-25 11:30:16","Olx","Troca","Luciano Balaban","41997516250","","luciano_balaban@hotmail.com","Chevrolet TRACKER TRACKER / placa: SFE-3C02","Chevrolet ONIX ONIX / placa: SEL-3B80"
"9361540","2026-09-22 13:16:16","Thayna PRE-VENDAS","Em atendimento","Não","","WhatsApp","Venda","GIOVANNI/KAROLINE","41999074269","","","",""
"9361456","2026-09-22 13:09:25","Thayna PRE-VENDAS","Insucesso","Sim","2026-09-22 14:54:25","Site","Troca","Edilson sgarbi","41996081718","","Edilson_sgarbi@hotmail.com","Volvo XC XC / placa: SEK-3G62","Volvo XC XC / placa: ARX-8G87"
"9361416","2026-09-22 13:06:49","LIRIANE LARISSA RIBEIRO","Sucesso","Sim","2026-09-22 14:03:49","Olx","Não informado","Johnson","41999943034","","","","Honda WR-V WR-V / placa: BCG-3044"
"9361254","2026-09-22 12:52:03","Allan Junior Dos Santos Ramos","Insucesso","Sim","2026-09-22 12:52:09","Prospecção","Compra","GESICA","41998477767","","","","Chevrolet ONIX ONIX / placa: BEU-3E95"
"9361218","2026-09-22 12:49:04","Thayna PRE-VENDAS","Em atendimento","Não","","WhatsApp","Compra","Lucas","41984106542","","","",""
"9361017","2026-09-22 12:33:47","Thayna PRE-VENDAS","Insucesso","Sim","2026-09-22 12:35:10","Telefone","Troca","Arthur","41987764096","","","Honda Civic Civic / placa: BET-4014","VolksWagen Bora Bora / placa: IRH-9A29"
"9360994","2026-09-22 12:32:12","Recepção","Sucesso","Sim","2026-09-22 12:32:18","Indicação","Venda","ANTENOR AUER ","41992413310","","","",""
"9360780","2026-09-22 12:16:46","Thayna PRE-VENDAS","Em atendimento","Não","","Mercado Livre | ML WhatsApp","Venda","Andre Luiz Moraes","41998640938","","anderlui2026@gmail.com","Renault SANDERO SANDERO / placa: BBP-8236",""
"9360380","2026-09-22 11:47:09","Lais Narimã Ferreira Vieira","Em atendimento","Não","","Facebook Ads","Financiamento","Matheus Victor Goulart","48999834881","48999834881","goulartmatheus02@gmail.com","",""
"9360221","2026-09-22 11:35:56","Allan Junior Dos Santos Ramos","Insucesso","Não","","WhatsApp | Facebook Ads","Compra","Alexandre Daczuk","4199817113","","","",""
"9360115","2026-09-22 11:29:15","Allan Junior Dos Santos Ramos","Agendado","Não","","Olx","Venda","Aline Pessin","44991377734","","douglasssbellafonte@outlook.com","Honda Civic Civic / placa: RHL-1G03",""
"9360096","2026-09-22 11:28:06","Thayna PRE-VENDAS","Recontato","Não","","WhatsApp | Site","Troca","Rodrigo","4133000010","","","Jeep Renegade Renegade / placa: SEN-6I62",""
"9359963","2026-09-22 11:18:40","Lead Sem Interesse","Insucesso","Não","","Instagram","Não informado","Gabriel Ricardo","","","gabriel_rkb@instagram.com","",""
"9359964","2026-09-22 11:18:40","Lead Sem Interesse","Insucesso","Não","","Instagram","Não informado","Felipe Tortato","","","felipetortato92@instagram.com","",""
"9359965","2026-09-22 11:18:40","Lead Sem Interesse","Insucesso","Não","","Instagram","Não informado","DjDimas Noldin","","","dimas.noldin@instagram.com","",""
"9359923","2026-09-22 11:16:40","Thayna PRE-VENDAS","Em atendimento","Não","","WhatsApp | Site","Venda","Jorge","4198777549","","","Ford Taurus Taurus / placa: AFI-3F45",""
"9359787","2026-09-22 11:09:33","Recepção","Insucesso","Sim","2026-09-22 11:15:10","Carteira","Consignação","nelson","41991411330","","","","Chevrolet ONIX ONIX / placa: SHK-6G02"
"9359791","2026-09-22 11:09:01","Thayna PRE-VENDAS","Em atendimento","Não","","Olx","Venda","Jose Castro","99991552768","","josecastro62746@gmail.com","GWM Tank Tank / placa: TKK-3I03",""
"9359773","2026-09-22 11:08:38","Allan Junior Dos Santos Ramos","Insucesso","Não","","WhatsApp","Venda","Victor Borges","6282500006","","","GWM Tank Tank / placa: TKK-3I03",""
"9359582","2026-09-22 10:57:55","Thayna PRE-VENDAS","Em atendimento","Não","","WhatsApp","Troca","Helder Bosi","3496907100","","","",""
"9359522","2026-09-22 10:53:07","Lais Narimã Ferreira Vieira","Em atendimento","Não","","Facebook Ads","Financiamento","Robson Da Silva Trindade","41996601763","41996601763","robinhotrindade5@gmail.com","",""
"9359516","2026-09-22 10:52:36","Allan Junior Dos Santos Ramos","Recontato","Não","","WhatsApp","Venda","Calvin","3791299122","","","GWM Tank Tank / placa: TKK-3I03",""
"9359494","2026-09-22 10:51:26","Allan Junior Dos Santos Ramos","Insucesso","Não","","WhatsApp | Site","Venda","Márcio Fuse","21986048525","","","",""
"9359172","2026-09-22 10:32:00","Andressa K B Kreia","Sucesso","Não","","Carteira","Venda","deivid","41999169182","","","Nissan VERSA VERSA / placa: QIW-8D31",""
"9358722","2026-09-22 10:01:09","Allan Junior Dos Santos Ramos","Insucesso","Não","","Olx","Venda","Aline Pessin","44991377734","","douglasssbellafonte@outlook.com","Honda Civic Civic / placa: RHL-1G03",""
"9358177","2026-09-22 09:25:31","Thayna PRE-VENDAS","Em atendimento","Não","","WhatsApp","Troca","Denys","83998312091","","Drveiculospb@gmail.com","",""
"9358176","2026-09-22 09:25:25","Allan Junior Dos Santos Ramos","Visita","Sim","2026-09-22 14:57:25","Telefone","Compra","Djalma ","41988359529","","","","Nissan KICKS KICKS / placa: SEO-3I08"
"9357980","2026-09-22 09:09:56","Allan Junior Dos Santos Ramos","Recontato","Não","","WhatsApp | Facebook Ads","Venda","Valdir","4699749738","","","",""
"9357967","2026-09-22 09:08:29","Allan Junior Dos Santos Ramos","Agendado","Não","","WhatsApp | Site","Venda","VITOR","41995015562","","","Renault SANDERO SANDERO / placa: BBP-8236",""
"9357933","2026-09-22 09:05:39","Thayna PRE-VENDAS","Em atendimento","Não","","Olx | WhatsApp","Venda","Freitas","35998097144","","freitaswander174@gmail.com","GWM Tank Tank / placa: TKK-3I03",""
"9357465","2026-09-22 08:24:36","Lais Narimã Ferreira Vieira","Insucesso","Não","","Facebook Ads","Não informado","Alessandro Nilsen","42999283432","42999283432","alessandronilsen796@gmail.com","",""
"9357386","2026-09-22 08:17:08","Thayna PRE-VENDAS","Em atendimento","Não","","WhatsApp | Site","Não informado","Fabinho Fortcar","18981189848","","","Hyundai HB20S HB20S / placa: BBF-8G16",""
"9357270","2026-09-22 08:00:32","Thayna PRE-VENDAS","Em atendimento","Não","","Facebook Ads","Compra","Michel Sfreddo","41991421973","41991421973","sfreddo.michel@gmail.com","",""
"9357078","2026-09-22 07:23:53","Thayna PRE-VENDAS","Insucesso","Não","","WhatsApp | Instagram Ads","Não informado","JAB 👪😍","4999865163","","","",""
"9356090","2026-09-22 06:11:35","Lead Sem Interesse","Insucesso","Não","","WhatsApp","Venda","João B. Marcon","4899786465","","","",""
"9356073","2026-09-22 06:08:07","Thayna PRE-VENDAS","Em atendimento","Não","","Facebook Ads","Compra","Thiago Gobbato","44998968649","44998968649","thiago.gobbato@gmail.com","",""
"9356061","2026-09-22 06:04:47","Allan Junior Dos Santos Ramos","Recontato","Não","","Facebook Ads","Compra","Diovana","41991315935","41991315935","diovana.ge@gmail.com","",""
"9356027","2026-09-22 05:45:07","Thayna PRE-VENDAS","Em atendimento","Não","","Facebook Ads","Compra","Carlos Menosso","54999588669","54999588669","eloivir.menosso@gmail.com","",""
"9355990","2026-09-22 05:19:07","Lais Narimã Ferreira Vieira","Em atendimento","Não","","Facebook Ads","Financiamento","Lucas Felipe","42991569331","42991569331","lucas.padilha.santos@hotmail.com","",""
"9355839","2026-09-22 04:34:43","Allan Junior Dos Santos Ramos","Insucesso","Sim","2026-09-22 16:01:22","WhatsApp | Instagram Ads","Compra","David","4199066613","","","",""
"9355772","2026-09-22 03:04:55","Allan Junior Dos Santos Ramos","Insucesso","Não","","Facebook Ads","Venda","thomas weslley de paula","41997163944","41997163944","thomasweslley1994@gmail.com","",""
"9355768","2026-09-22 02:53:57","Thayna PRE-VENDAS","Insucesso","Não","","WhatsApp","Venda","Werner Damásio","8494069481","","","GWM Tank Tank / placa: TKK-3I03",""
"9355668","2026-09-22 01:29:22","Lais Narimã Ferreira Vieira","Em atendimento","Não","","Facebook Ads","Financiamento","Gil Prestes","41998487809","41998487809","gildoprestes3@gmail.com","",""
"9355642","2026-09-22 01:13:13","Lais Narimã Ferreira Vieira","Em atendimento","Não","","Facebook Ads","Financiamento","Renata Rodrigues","41984651993","41984651993","renataknopik20@gmail.com","",""
"9355591","2026-09-22 00:51:08","Thayna PRE-VENDAS","Insucesso","Não","","Facebook Ads","Venda","Gilberto silva de Lima","41995583876","41995583876","gilbertoslima32111@gmail.com","",""
"9355342","2026-09-22 00:05:32","Thayna PRE-VENDAS","Em atendimento","Não","","Facebook Ads","Compra","Kassielle Rocha","41998656719","41998656719","kassielle.rochaa@gmail.com","",""
"9355218","2026-09-21 23:47:27","Allan Junior Dos Santos Ramos","Agendado","Não","","Facebook Ads","Venda","Marcos Araujo","41996345927","41996345927","marcos.ademir@yahoo.com.br","",""
"9354703","2026-09-21 23:08:08","Lais Narimã Ferreira Vieira","Em atendimento","Não","","Facebook Ads","Financiamento","Hendrik","41995102459","41995102459","hendrik.filho@gmail.com","",""
"9354600","2026-09-21 22:50:03","Ernesto Wendeler Filho","Descartado","Não","","Site","Não informado","Ernesto de Mello Wendeler Filho","41984057565","","ernesto@autoconf.com.br","GWM Tank Tank / placa: TKK-3I03",""
"9354587","2026-09-21 22:48:11","Ernesto Wendeler Filho","Descartado","Não","","Site","Não informado","Ernesto de Mello Wendeler Filho","41984057565","","ernesto@autoconf.com.br","GWM Tank Tank / placa: TKK-3I03",""
"9354368","2026-09-21 22:07:54","Allan Junior Dos Santos Ramos","Recontato","Não","","Olx","Venda","Gustavo","41997245278","","gfiquene@gmail.com","GWM Tank Tank / placa: TKK-3I03",""
"9354217","2026-09-21 21:44:13","Allan Junior Dos Santos Ramos","Insucesso","Não","","Facebook Ads","Venda","Alexandra Arteaga","41999002192","41999002192","ceo.alfastore@gmail.com","",""
"9354119","2026-09-21 21:27:35","Thayna PRE-VENDAS","Em atendimento","Não","","Facebook Ads","Compra","Eliane Bertoja","41996461910","41996461910","eliane.bertoja@yahoo.com.br","",""
"9353855","2026-09-21 20:53:31","Thayna PRE-VENDAS","Em atendimento","Não","","WhatsApp | Instagram Ads","Não informado","Sonia Lima🥰","4199811577","","","",""
"9353728","2026-09-21 20:38:27","Allan Junior Dos Santos Ramos","Insucesso","Não","","Olx","Venda","Henrique Rodrigues","75983638537","","henriquehra@gmail.com","GWM Tank Tank / placa: TKK-3I03",""
"9353698","2026-09-21 20:34:41","Lais Narimã Ferreira Vieira","Em atendimento","Não","","Facebook Ads","Financiamento","Amanda Moacir","49988056949","49988056949","amandamoacir0712@gmail.com","",""
"9353677","2026-09-21 20:32:01","Lead Sem Interesse","Insucesso","Não","","WhatsApp","Não informado","Dona NINA","4199817925","","","",""
"9353655","2026-09-21 20:29:41","Allan Junior Dos Santos Ramos","Insucesso","Não","","Facebook Ads","Venda","Sandro Kamaroski","41996261585","41996261585","sandrokamaroski@yahoo.com.br","",""
"9353541","2026-09-21 20:18:15","Thayna PRE-VENDAS","Em atendimento","Não","","SóCarrão","Venda","PAULO ROBERTO SERAFIN","41991788321","","serafin.paulo@gmail.com","Chevrolet CRUZE CRUZE / placa: BAA-9A18",""
"9353447","2026-09-21 20:07:15","Lais Narimã Ferreira Vieira","Em atendimento","Não","","Facebook Ads","Financiamento","Lincoln Ferreira","41987654321","41987654321","lincolnferreiraoliveira@gmail.com","",""
"9353270","2026-09-21 19:50:59","","Pendente","Não","","Chaves na Mão | WhatsApp","Não informado","Daruge","19989838558","","alexandredaruge@hotmail.com.br","GWM Tank Tank / placa: TKK-3I03",""
"9353026","2026-09-21 19:25:22","Thayna PRE-VENDAS","Em atendimento","Não","","Facebook Ads","Compra","Carol Pereira","44988078432","44988078432","scaroline002@gmail.com","",""
"9352985","2026-09-21 19:23:11","Allan Junior Dos Santos Ramos","Insucesso","Não","","Facebook Ads","Venda","Luciane Ribeiro","41997181591","41997181591","lulubah@gmail.com","",""
"9352446","2026-09-21 18:27:01","Thayna PRE-VENDAS","Agendado","Não","","Olx","Venda","LUCAS HABITZREITER","47992046966","","lucasmengao-11@hotmail.com","VolksWagen Polo Polo / placa: SEM-3B98",""
"9352365","2026-09-21 18:18:21","Lead Sem Interesse","Insucesso","Não","","Instagram","Não informado","Silvan Dal Bello","","","silvan.belloscar@instagram.com","",""
"9352278","2026-09-21 18:10:53","Thayna PRE-VENDAS","Em atendimento","Não","","WhatsApp | Instagram Ads","Não informado","Tudo Nessa Vida Passa","7191038793","","","",""
"9352253","2026-09-21 18:08:54","Thayna PRE-VENDAS","Em atendimento","Não","","WhatsApp","Venda","Gustavo Loterio","41996116788","","gloterio@gmail.com","",""
"9352194","2026-09-21 18:02:27","Lais Narimã Ferreira Vieira","Em atendimento","Não","","Facebook Ads","Não informado","Heder Filho","41997710139","41997710139","hedinho310805@gmail.com","",""
"9352036","2026-09-21 17:50:17","Allan Junior Dos Santos Ramos","Agendado","Não","","Prospecção","Venda","Louise Duquesne","41995332910","","","Hyundai HB20 HB20 / placa: BEU-5B11",""
"9351902","2026-09-21 17:38:30","Lais Narimã Ferreira Vieira","Sucesso","Sim","2026-09-23 17:57:16","Facebook Ads","Financiamento","Jane Diniz Poli","42998191745","42998191745","jpoli811@gmail.com","",""
"9351702","2026-09-21 17:24:11","Thayna PRE-VENDAS","Insucesso","Não","","Facebook Ads","Venda","Claudio Soares","21980540891","21980540891","claudio91266@gmail.com","",""
"9351199","2026-09-21 16:48:37","Allan Junior Dos Santos Ramos","Recontato","Não","","Facebook Ads","Compra","Romildo","41995048878","4195048878","beaben2020@yahoo.com","",""
"9351185","2026-09-21 16:47:59","Andressa K B Kreia","Sucesso","Não","","Carteira","Venda","Michael","41998735752","","","",""
"9350937","2026-09-21 16:30:03","Allan Junior Dos Santos Ramos","Insucesso","Não","","Olx","Venda","Fábio","44999685018","","fpressinatte@gmail.com","VolksWagen Saveiro Saveiro / placa: ",""
"9350862","2026-09-21 16:23:18","Thayna PRE-VENDAS","Insucesso","Não","","Facebook Ads","Venda","Andressa Marcelino","41995206532","41995206532","dressabatera@hotmail.com","",""
"9350793","2026-09-21 16:17:56","Recepção","Insucesso","Sim","2026-09-21 16:18:00","Passante","Troca","Micheli/Andre","41996484039","","","","Honda Fit Fit / placa: AWH-9586"
"9350773","2026-09-21 16:16:56","Allan Junior Dos Santos Ramos","Agendado","Não","","WhatsApp | Site","Venda","Cleverson Antunes","41995076222","","cleantunes556@gmail.com","VolksWagen Fox Fox / placa: BBD-2397",""
"9350366","2026-09-21 15:49:01","Lead Sem Interesse","Insucesso","Não","","Instagram","Não informado","Contato Instagram","","","","",""
"9350111","2026-09-21 15:34:08","Recepção","Sucesso","Sim","2026-09-21 15:34:12","Carteira","Compra","ERIKA","41997300470","","","","BMW 320iA 320iA / placa: SFI-3E69"
"9349963","2026-09-21 15:23:19","Lais Narimã Ferreira Vieira","Em atendimento","Não","","Facebook Ads","Financiamento","Mateus Sampaio","55984238334","55984238334","mateus_133@hotmail.com","",""
"9349889","2026-09-21 15:17:51","Lead Sem Interesse","Insucesso","Não","","WhatsApp","Não informado","Wander","41996112620","","","",""
"9349229","2026-09-21 14:30:28","Allan Junior Dos Santos Ramos","Recontato","Não","","WhatsApp | Site","Compra","Lipe Augusto","4288636397","","","",""
"9349084","2026-09-21 14:20:49","Thayna PRE-VENDAS","Em atendimento","Não","","WhatsApp","Não informado","Eduardo Melo","4188684539","","","",""
"9348721","2026-09-21 13:50:58","Thayna PRE-VENDAS","Em atendimento","Não","","WhatsApp | Site","Não informado","Claudiney","4199969671","","","",""
"9348623","2026-09-21 13:42:32","Recepção","Insucesso","Sim","2026-09-21 13:42:52","Passante","Venda","harry","41999713355","","","Volkswagen Outros Outros / placa: AFU-9216",""
"9348523","2026-09-21 13:35:08","Lais Narimã Ferreira Vieira","Agendado","Não","","Facebook Ads","Compra","Anderson Bueno","41991295718","","ander_bueno15@hotmail.com","",""
"9348386","2026-09-21 13:25:40","Thayna PRE-VENDAS","Insucesso","Sim","2026-09-22 15:03:26","Google | Site","Compra","Allini","41992459065","","alliniklos@gmail.com","","Citroën AIRCROSS AIRCROSS / placa: FYS-2B36"
"9348373","2026-09-21 13:24:42","Thayna PRE-VENDAS","Em atendimento","Não","","Facebook Ads","Compra","Patrícia Bandolin","41999696417","41999696417","patybandola@gmail.com","",""
"9348283","2026-09-21 13:18:20","Lead Sem Interesse","Insucesso","Não","","WhatsApp","Não informado","Sonia / Kadoshi","4188116316","","","",""
"9348254","2026-09-21 13:16:11","Lais Narimã Ferreira Vieira","Em atendimento","Não","","WhatsApp | Site | Facebook Ads","Financiamento","Debora Miquelleto","41995699736","41995699736","skiuniverso@yahoo.com","",""
"9348251","2026-09-21 13:15:50","Thayna PRE-VENDAS","Em atendimento","Não","","SóCarrão","Venda","Vagner Bernardino","41997032020","","vagner@gpssa.com","VolksWagen VIRTUS VIRTUS / placa: TAM-0I00",""
"9348213","2026-09-21 13:13:02","Lais Narimã Ferreira Vieira","Em atendimento","Não","","Facebook Ads","Financiamento","Felipe Ken","41996746800","41996746800","fenaka51@gmail.com","",""
"9348102","2026-09-21 13:04:17","Recepção","Sucesso","Sim","2026-09-21 13:05:42","Passante","Compra","RODRIGO","41997515131","","","","Renault SANDERO SANDERO / placa: BDV-9I87"
"9348024","2026-09-21 12:57:13","Lead Sem Interesse","Insucesso","Não","","Instagram","Não informado","Contato Instagram","","","","",""
"9347837","2026-09-21 12:40:17","Thayna PRE-VENDAS","Em atendimento","Não","","WhatsApp | Instagram Ads","Venda","Osmar","41999462130","","Osmarmayer@hotmail.com","",""
"9347784","2026-09-21 12:34:35","Thayna PRE-VENDAS","Agendado","Não","","Chaves na Mão | WhatsApp","Troca","ronaldo cezar","4197114093","","ronaldocezardepaula@gmail.com","Renault OROCH OROCH / placa: SEA-3D65",""
"9347765","2026-09-21 12:33:05","Thayna PRE-VENDAS","Insucesso","Sim","2026-09-21 15:06:43","Telefone","Compra","Valdineia ","41996381267","","","","Toyota Corolla Corolla / placa: BDK-6J05"
"9347658","2026-09-21 12:24:42","Thayna PRE-VENDAS","Insucesso","Sim","2026-09-22 15:01:14","Google","Compra","Jorge Miguel de Souza","41998194933","","jorgemiguelctt@gmail.com","","VolksWagen up! up! / placa: AZE-2A91"
"9347621","2026-09-21 12:22:09","Thayna PRE-VENDAS","Recontato","Não","","Olx","Venda","Ricardo","41999222732","","ricardorodriguezmelo@gmail.com","Ford Outros Outros / placa: MAJ-8F56",""
"9347111","2026-09-21 11:44:36","Lead Sem Interesse","Insucesso","Não","","WhatsApp","Não informado","Roberto dos Santos","54999123546","","","",""
"9346861","2026-09-21 11:26:23","Recepção","Insucesso","Sim","2026-09-21 11:26:28","Carteira","Compra","ITAMAR","41985102740","","","","Renault SANDERO SANDERO / placa: BEY-4H11"
"9346621","2026-09-21 11:11:26","Recepção","Sucesso","Sim","2026-09-21 11:11:30","Carteira","Troca","Ronaldo","42998106406","","","","Chevrolet Vectra Vectra / placa: MHU-6B46"
"9346217","2026-09-21 10:46:14","Recepção","Insucesso","Sim","2026-09-21 10:46:29","Passante","Compra","DIEGO","42998638214","","","","Ford Ranger Ranger / placa: UBC-1C74"
"9346192","2026-09-21 10:44:22","Recepção","Insucesso","Sim","2026-09-21 10:46:34","Passante","Compra","luis","41998130820","","","","VolksWagen TIGUAN TIGUAN / placa: BBM-1229"
"9345786","2026-09-21 10:18:36","Allan Junior Dos Santos Ramos","Agendado","Não","","Olx","Venda","michel alexandre tavares","41992233073","","micheltavares126@gmail.com","BMW X1 X1 / placa: ABM-9C33",""
"9345780","2026-09-21 10:17:58","Allan Junior Dos Santos Ramos","Recontato","Não","","Google | Site","Compra","Verônica","41988257611","","vehfontes@gmail.com","",""
"9345738","2026-09-21 10:15:15","Recepção","Insucesso","Sim","2026-09-21 10:15:40","Carteira","Consignação","JEFERSON","41996380317","","","","Renault Boreal Boreal / placa: UBH-4A61"
"9345697","2026-09-21 10:12:46","Thayna PRE-VENDAS","Em atendimento","Não","","WhatsApp | Facebook Ads","Venda","Fernando","41920002480","","","",""
"9345659","2026-09-21 10:10:01","Allan Junior Dos Santos Ramos","Recontato","Não","","WhatsApp | Instagram Ads","Troca","Luiz/ Claudia ","41998214184","","","Honda Civic Civic / placa: AWM-9654",""
"9345453","2026-09-21 09:55:48","Lead Sem Interesse","Insucesso","Não","","WhatsApp","Venda","João B. Marcon","4899786465","","","",""
"9345365","2026-09-21 09:49:24","Thayna PRE-VENDAS","Sucesso","Sim","2026-09-21 10:43:21","Telefone","Compra","Anderson","41997368475","","","","Ford Fusion Fusion / placa: FNP-8A53"
"9345029","2026-09-21 09:29:46","Thayna PRE-VENDAS","Em atendimento","Não","","WhatsApp | Site","Venda","Gui Vasco","4197637607","","","Ford F-1000 F-1000 / placa: IHK-1I94",""
"9344977","2026-09-21 09:26:09","Thayna PRE-VENDAS","Em atendimento","Não","","WhatsApp | Site","Venda","Wilian","4188977148","","","Renault SANDERO SANDERO / placa: BBP-8236",""
"9344886","2026-09-21 09:20:12","Lais Narimã Ferreira Vieira","Em atendimento","Não","","WhatsApp | Facebook Ads","Financiamento","Rosane Miranda","4196541595","","","",""
"9344839","2026-09-21 09:16:41","Lais Narimã Ferreira Vieira","Em atendimento","Não","","Facebook Ads","Financiamento","Marli Patene","45998466059","45998466059","marlipatenef2@gmail.com","",""
"9344345","2026-09-21 08:35:19","Thayna PRE-VENDAS","Insucesso","Não","","Facebook Ads","Venda","Erianne Soares","41998375293","41998375293","erianesoaresz10@outlook.com","",""
"9344186","2026-09-21 08:16:35","Allan Junior Dos Santos Ramos","Insucesso","Não","","Facebook Ads","Venda","Paulo Roberto","41997242323","41997242323","paulinhorb_cfc@hotmail.com","",""
"9344117","2026-09-21 08:07:51","Thayna PRE-VENDAS","Em atendimento","Não","","WhatsApp | Instagram Ads","Compra","lenizinha  🫦","9182250906","","","",""
"9344069","2026-09-21 08:02:38","Lais Narimã Ferreira Vieira","Em atendimento","Não","","Facebook Ads","Financiamento","Romario Dias","41995193701","41995193701","romariodiasdias077@gmail.com","",""
"9344057","2026-09-21 07:59:26","Allan Junior Dos Santos Ramos","Recontato","Não","","Na Pista | WhatsApp","Venda","Claudenei Alves","4199552645","","","Chevrolet MONTANA MONTANA / placa: EXJ-5J00",""
"9344051","2026-09-21 07:58:46","Allan Junior Dos Santos Ramos","Insucesso","Não","","SóCarrão","Venda","Bruno Batista","41998116696","","6swp9nc5rw@privaterelay.appleid.com","Renault Kardian Kardian / placa: TAS-6B09",""
"9344029","2026-09-21 07:54:24","Thayna PRE-VENDAS","Insucesso","Sim","2026-09-22 10:46:33","Facebook Ads","Compra","Jaque Thomé","41998380100","41998380100","jaqpassos@hotmail.com","","Hyundai Creta Creta / placa: SFN-8A73"
"9343854","2026-09-21 07:19:53","Allan Junior Dos Santos Ramos","Insucesso","Não","","Facebook Ads","Venda","Elizeu Pereira","49999546010","49999546010","pereiraelizeu302@gmail.com","",""
"9343781","2026-09-21 06:59:35","Allan Junior Dos Santos Ramos","Recontato","Não","","WhatsApp | Instagram Ads","Compra","Everaldo","4187406167","","","",""
"9343316","2026-09-21 06:31:21","Thayna PRE-VENDAS","Em atendimento","Não","","WhatsApp | Instagram Ads","Venda","Maria Eunice Endo","4399457740","","","",""
"9343106","2026-09-21 06:08:26","Thayna PRE-VENDAS","Insucesso","Sim","2026-09-21 10:34:29","WhatsApp | Facebook Ads","Compra","Alexandre","4196781602","","","","Fiat Palio Palio / placa: NKW-5A67"
"9342927","2026-09-21 03:04:39","Allan Junior Dos Santos Ramos","Insucesso","Sim","2026-09-21 16:30:25","Facebook Ads","Compra","Renato Torres","41991712804","41991712804","renato.morais.torres@hotmail.com","","Jeep COMPASS COMPASS / placa: RAA-6D25"
"9342863","2026-09-21 02:01:36","Allan Junior Dos Santos Ramos","Recontato","Não","","WhatsApp | Site","Venda","Joao Moreira","4184353689","","","",""
"9342073","2026-09-20 23:58:57","Lais Narimã Ferreira Vieira","Em atendimento","Não","","Facebook Ads","Financiamento","Jessika Melo","49988128345","49988128345","jessikamelot@gmail.com","",""
"9341941","2026-09-20 23:25:47","Thayna PRE-VENDAS","Em atendimento","Não","","WhatsApp","Venda","Kadu Veiculos","9198190581","","","",""
"9341706","2026-09-20 23:05:37","Lais Narimã Ferreira Vieira","Em atendimento","Não","","Facebook Ads","Financiamento","Adao Andrade","41996979860","41996979860","adjandeandrade@gmail.com","",""
"9341583","2026-09-20 22:40:16","Thayna PRE-VENDAS","Em atendimento","Não","","Facebook Ads","Compra","Jorge Leitte","41998757915","41998757915","jorgeleiten@gmail.com","",""
"9341513","2026-09-20 22:28:49","Allan Junior Dos Santos Ramos","Insucesso","Não","","Facebook Ads","Venda","Egmar Woellner","41999679467","41999679467","dudumarcel0@hotmail.com","",""
"9341328","2026-09-20 21:56:35","Thayna PRE-VENDAS","Insucesso","Não","","Facebook Ads","Venda","Emerson Mendes","41988163974","41988163974","emepap@hotmail.com","",""
"9341279","2026-09-20 21:47:58","Allan Junior Dos Santos Ramos","Agendado","Não","","WhatsApp","Troca","Michele","15996356250","","","Citroën C4 C4 / placa: RTG-2C87",""
"9341005","2026-09-20 21:05:22","Allan Junior Dos Santos Ramos","Recontato","Não","","Facebook Ads","Compra","Gino Rodrigo Rampazzo","41999162287","41999162287","ginorodrigo@yahoo.com.br","",""
"9340994","2026-09-20 21:04:00","Thayna PRE-VENDAS","Em atendimento","Não","","Facebook Ads","Compra","Joel Braga","41984872530","41984872530","joelantoniobraga@hotmail.com","",""
"9340915","2026-09-20 20:53:34","Allan Junior Dos Santos Ramos","Insucesso","Não","","Site","Não informado","Leonardo Koerich","04799121215","","Leonardo.koerich.jr@gmail.com","",""
"9340880","2026-09-20 20:47:54","Thayna PRE-VENDAS","Em atendimento","Não","","SóCarrão","Venda","silvio","42999202870","","silvioar55@gmail.com","Audi A3 A3 / placa: FRZ-5I95",""
"9340679","2026-09-20 20:21:38","Thayna PRE-VENDAS","Em atendimento","Não","","Na Pista | WhatsApp","Venda","AFJ","4399951045","","","",""
"9340623","2026-09-20 20:13:37","Allan Junior Dos Santos Ramos","Insucesso","Não","","Facebook Ads","Venda","Kari","41998303280","41998303280","Kahorst05@gmail.com","",""
"9340367","2026-09-20 19:40:44","Lead Sem Interesse","Insucesso","Não","","WhatsApp | Site","Venda","João Maria clarimundo","5983189675","","","",""
"9340193","2026-09-20 19:16:30","Allan Junior Dos Santos Ramos","Recontato","Não","","WhatsApp | Instagram Ads","Troca","Jean Robert","4196242997","","","Citroën C4 C4 / placa: RTG-2C87",""
"9340135","2026-09-20 19:09:14","Thayna PRE-VENDAS","Em atendimento","Não","","WhatsApp | Instagram Ads","Venda","😎","4284227610","","","",""
"9339994","2026-09-20 18:50:29","Lais Narimã Ferreira Vieira","Em atendimento","Não","","Facebook Ads","Financiamento","Caetano Estetica Automotiva","19994616482","19994616482","caetano25111984@gmail.com","",""
"9339908","2026-09-20 18:38:54","Allan Junior Dos Santos Ramos","Insucesso","Não","","Facebook Ads","Venda","Junior Modesto","43999877183","43999877183","odontologia_jr@hotmail.com","",""
"9339898","2026-09-20 18:36:23","Thayna PRE-VENDAS","Em atendimento","Não","","WhatsApp | Instagram Ads","Troca","Cristiane Frogel","4196698401","","","",""
"9339866","2026-09-20 18:30:33","Lais Narimã Ferreira Vieira","Em atendimento","Não","","Facebook Ads","Financiamento","Vanessa Miranda","41984034531","41984034531","vanessaviccenzo02@gmail.com","",""
"9339343","2026-09-20 17:18:00","Lead Sem Interesse","Insucesso","Não","","WhatsApp | Site","Não informado","auresina","4384799461","","","",""
"9339323","2026-09-20 17:13:46","Allan Junior Dos Santos Ramos","Insucesso","Não","","Site","Troca","João","11940783279","","J.mengardo@bol.com.br","Chevrolet TRACKER TRACKER / placa: SFE-3C02",""
"9339226","2026-09-20 17:01:19","Thayna PRE-VENDAS","Em atendimento","Não","","Google | Site","Compra","Juliano Gabriel Depetriz","41999691548","","julianodepetriz@gmail.com","",""
"9339037","2026-09-20 16:37:41","Allan Junior Dos Santos Ramos","Agendado","Não","","WhatsApp | Facebook Ads","Compra","Paulo","4998089124","","","",""
"9338959","2026-09-20 16:25:47","Allan Junior Dos Santos Ramos","Recontato","Não","","SóCarrão","Venda","Wagner","11973569983","","owagnerluiz14@gmail.com","VolksWagen T-Cross T-Cross / placa: TAX-6G37",""
"9338890","2026-09-20 16:17:25","Allan Junior Dos Santos Ramos","Recontato","Não","","WhatsApp | Instagram Ads","Venda","Fred buckmann","4197054452","","","Citroën C4 C4 / placa: RTG-2C87",""
"9338805","2026-09-20 16:08:01","Thayna PRE-VENDAS","Insucesso","Não","","Facebook Ads","Venda","Andrea Batista de Oliveira","43988231400","43988231400","andrea.oliveira05@hotmail.com","",""
"9338775","2026-09-20 16:03:54","Allan Junior Dos Santos Ramos","Recontato","Não","","Site","Venda","Larissa Luz","92991960956","","larissaluz099@gmail.com","Fiat ARGO ARGO / placa: BEH-2J71",""
"9338719","2026-09-20 15:57:34","Thayna PRE-VENDAS","Em atendimento","Não","","Facebook Ads","Financiamento","Luiz Fukushima","13981892929","13981892929","luiz_fukushima@hotmail.com","",""
"9338444","2026-09-20 15:24:55","Allan Junior Dos Santos Ramos","Insucesso","Não","","Facebook Ads","Venda","Arilto Mateus da Rosa","47999326868","47999326868","welington.matheus@hotmail.com","",""
"9338442","2026-09-20 15:24:52","Thayna PRE-VENDAS","Insucesso","Sim","2026-09-21 14:26:21","Facebook Ads","Troca","Simone Colletti","41984282324","41984282324","Sicolletti@gmail.com","Citroën AIRCROSS AIRCROSS / placa: AZC-2285","Jeep COMPASS COMPASS / placa: BDN-4D04"
"9338090","2026-09-20 14:38:33","Allan Junior Dos Santos Ramos","Insucesso","Sim","2026-09-21 17:39:29","Facebook Ads","Compra","Carlos Yamaguti","41992902200","41992902200","cyamaguti@hotmail.com","","Jeep Renegade Renegade / placa: BCY-2G00"
"9338066","2026-09-20 14:36:04","Thayna PRE-VENDAS","Em atendimento","Não","","Facebook Ads","Compra","Paulo cobertini leite","41996794165","41996794165","paulocobertini88.pcl20@gmail.com","",""
"9337678","2026-09-20 13:48:54","Thayna PRE-VENDAS","Em atendimento","Não","","WhatsApp | Instagram Ads","Não informado","Marcos Aparecido da Cunha","41992577294","41992577294","marcosfinasa2@hotmail.com","",""
"9337679","2026-09-20 13:48:54","Allan Junior Dos Santos Ramos","Recontato","Não","","WhatsApp | Facebook Ads","Compra","Alcione de Oliveira Corre","4999615044","","","",""
"9337560","2026-09-20 13:33:47","Thayna PRE-VENDAS","Em atendimento","Não","","WhatsApp | Site","Venda","Jana Congrossi 🦉","4188924540","","","",""
"9337436","2026-09-20 13:18:17","Thayna PRE-VENDAS","Em atendimento","Não","","SóCarrão","Venda","Alberto Apollo Satiro","41991743790","","albertoapollo@gmail.com","Chevrolet CRUZE CRUZE / placa: BAA-9A18",""
"9337195","2026-09-20 12:49:01","Allan Junior Dos Santos Ramos","Insucesso","Não","","SóCarrão","Venda","rodrigo alves","41998165296","","alvesdo2302@gmail.com","Citroën C4 C4 / placa: RTG-2C87",""
"9337058","2026-09-20 12:26:55","Thayna PRE-VENDAS","Agendado","Não","","WhatsApp | Instagram Ads","Venda","Valter Cardoso","4199997931","","","Caoa Chery Tiggo Tiggo / placa: TBT-1F59",""
"9336930","2026-09-20 12:08:43","Thayna PRE-VENDAS","Insucesso","Não","","Facebook Ads","Venda","Carolina Ali Odes","53981111866","53981111866","k86z4h877p@privaterelay.appleid.com","",""
"9336894","2026-09-20 12:05:19","Allan Junior Dos Santos Ramos","Recontato","Não","","WhatsApp | Facebook Ads","Compra","Roberto","4191994095","","","",""
"9336791","2026-09-20 11:53:25","Allan Junior Dos Santos Ramos","Insucesso","Não","","Facebook Ads","Venda","Cristian Carvalho  Silva","41997112546","41997112546","carvsilva1322@gmail.com","",""
"9336381","2026-09-20 10:58:22","Allan Junior Dos Santos Ramos","Recontato","Não","","WhatsApp | Site","Venda","Fernanda Weber de Araujo","4188153434","","","Renault SANDERO SANDERO / placa: BBP-8236",""
"9336299","2026-09-20 10:50:21","Thayna PRE-VENDAS","Em atendimento","Não","","WhatsApp | Instagram Ads","Compra","Sidnei","18997464829","","","",""
"9335956","2026-09-20 10:06:51","Allan Junior Dos Santos Ramos","Recontato","Não","","WhatsApp | Instagram Ads","Venda","valdemir rauber","4599489414","","","Toyota RAV4 RAV4 / placa: BDW-6G48",""
"9335626","2026-09-20 09:11:10","Thayna PRE-VENDAS","Em atendimento","Não","","Facebook Ads","Compra","Aldo Schmitz","41999337152","41999337152","Advschmitz@hotmail.com","",""
"9335421","2026-09-20 08:32:17","Lead Sem Interesse","Insucesso","Não","","WhatsApp","Não informado","Clarice","4184215902","","","",""
"9335211","2026-09-20 07:32:49","Allan Junior Dos Santos Ramos","Insucesso","Não","","Facebook Ads","Venda","Marlon Oliveira","41995571687","41995571687","marlondeoliveira136713@gmail.com","",""
"9335193","2026-09-20 07:28:10","Allan Junior Dos Santos Ramos","Recontato","Não","","WhatsApp | Instagram Ads","Venda","Cristiano Costa","6799690575","","","Honda Civic Civic / placa: AWM-9654",""
"9333173","2026-09-19 23:34:55","Lead Sem Interesse","Insucesso","Não","","Instagram","Não informado","Contato Instagram","","","","",""
"9332943","2026-09-19 23:13:37","Lead Sem Interesse","Insucesso","Não","","WhatsApp | Site","Não informado","Maria Tunin Salvalagio","4195233794","","","",""
"9332915","2026-09-19 23:08:02","Allan Junior Dos Santos Ramos","Recontato","Não","","WhatsApp","Venda","Izaque📞📞","11979583807","","","Caoa Chery Tiggo Tiggo / placa: TBT-1F59",""
"9332739","2026-09-19 22:26:13","Allan Junior Dos Santos Ramos","Insucesso","Não","","SóCarrão | WhatsApp","Venda","Ligia","41999720575","","ligiagsalomao@gmail.com","Volvo XC XC / placa: BCW-9E00",""
"9332430","2026-09-19 21:23:48","Allan Junior Dos Santos Ramos","Recontato","Não","","WhatsApp","Compra","Gabriel","4197631898","","","",""
"9332352","2026-09-19 21:10:03","Thayna PRE-VENDAS","Insucesso","Não","","Facebook Ads","Venda","Alexandre Dangui","41991886777","41991886777","alexpastro@hotmail.com","",""
"9332319","2026-09-19 21:04:28","Allan Junior Dos Santos Ramos","Recontato","Não","","WhatsApp","Venda","Odilon Inácio Antonio","6699649696","","","Toyota RAV4 RAV4 / placa: BDW-6G48",""
"9332155","2026-09-19 20:38:44","Thayna PRE-VENDAS","Insucesso","Não","","Mercado Livre | WhatsApp | ML WhatsApp","Venda","Estela Novosad","42999179502","","solucaoresiduos@gmail.com","Jeep COMPASS COMPASS / placa: SEY-7F96",""
"9332003","2026-09-19 20:17:21","Thayna PRE-VENDAS","Em atendimento","Não","","WhatsApp | Instagram Ads","Não informado","Viviana Castro","4196757516","","","",""
"9331930","2026-09-19 20:05:05","Lais Narimã Ferreira Vieira","Insucesso","Não","","Facebook Ads","Financiamento","Everton Lemes","47996874308","47996874308","evertonnnlemesss@gmail.com","",""
"9331818","2026-09-19 19:51:05","Thayna PRE-VENDAS","Em atendimento","Não","","WhatsApp | Site","Venda","Lola","4192884619","","","VolksWagen Fox Fox / placa: BBD-2397",""
"9331777","2026-09-19 19:45:17","Lead Sem Interesse","Insucesso","Não","","Instagram","Não informado","Silvan Dal Bello","","","silvan.belloscar@instagram.com","",""
"9331663","2026-09-19 19:28:31","Lead Sem Interesse","Insucesso","Não","","Instagram","Não informado","Contato Instagram","","","","",""
"9331618","2026-09-19 19:20:15","Lead Sem Interesse","Insucesso","Não","","WhatsApp | Site","Não informado","Cecilia","4197099130","","","",""
"9331373","2026-09-19 18:42:53","Allan Junior Dos Santos Ramos","Recontato","Não","","Chaves na Mão","Venda","Gilson","47988650459","","gilsonmichelon@yahoo.com.br","Toyota RAV4 RAV4 / placa: BDW-6G48",""
"9330965","2026-09-19 17:46:57","Thayna PRE-VENDAS","Em atendimento","Não","","WhatsApp | Instagram Ads","Venda","laudiele marmentini","4699425436","","","",""
"9330807","2026-09-19 17:23:18","Thayna PRE-VENDAS","Insucesso","Não","","Facebook Ads","Venda","Cristiane Souza","41999401690","41999401690","Cristianearaujo081@gmail.com","",""
"9330622","2026-09-19 17:03:54","Allan Junior Dos Santos Ramos","Insucesso","Não","","Facebook Ads","Venda","Anderson Dutra","41988604753","41988604753","anderdutra1@gmail.com","",""
"9330515","2026-09-19 16:48:26","LIRIANE LARISSA RIBEIRO","Insucesso","Sim","2026-09-19 17:06:08","Olx","Compra","Rodrigues ","41996196180","","","","Nissan MARCH MARCH / placa: AZS-5493"
"9330417","2026-09-19 16:34:39","Andressa K B Kreia","Em atendimento","Não","","Indicação","Não informado","Renan","43996121852","","","",""
"9330403","2026-09-19 16:33:13","Thayna PRE-VENDAS","Insucesso","Não","","Facebook Ads","Venda","Valdecirmatzke Peixe","41999011257","41999011257","valdecirmatzke84@gmail.com","",""
"9330363","2026-09-19 16:27:59","Allan Junior Dos Santos Ramos","Insucesso","Não","","Facebook Ads","Venda","Carlos Alberto dos Santos","41999140679","41999140679","carlos1971santos@hotmail.com","",""
"9330292","2026-09-19 16:18:29","Allan Junior Dos Santos Ramos","Recontato","Não","","Google | Site","Compra","Carolina","41996585430","","carolinnaeduarda22@gmail.com","",""
"9330270","2026-09-19 16:16:00","Thayna PRE-VENDAS","Insucesso","Não","","WhatsApp | Site","Venda","Geovani","4191778112","","","",""
"9330110","2026-09-19 15:54:21","Allan Junior Dos Santos Ramos","Recontato","Não","","WhatsApp | Site","Venda","Madalena Machado","4199633900","","","",""
"9330054","2026-09-19 15:48:30","Allan Junior Dos Santos Ramos","Recontato","Não","","Mercado Livre | ML WhatsApp","Venda","Erik Pandolfo","19989192488","","pandolfoerik@yahoo.com","WAOPAI Outros Outros / placa: AAA-0009",""
"9329890","2026-09-19 15:27:13","Thayna PRE-VENDAS","Em atendimento","Não","","WhatsApp | Site","Venda","Ana e Lucas","14988378693","","","Ford EcoSport EcoSport / placa: BDC-5H67",""
"9329876","2026-09-19 15:26:02","Recepção","Insucesso","Sim","2026-09-19 15:26:08","Carteira","Compra","ANA LAURA","41998101449","","","",""
"9329874","2026-09-19 15:25:49","Lais Narimã Ferreira Vieira","Em atendimento","Não","","Facebook Ads","Financiamento","José Sadi Grein","41997682209","41997682209","josesadi6@gmail.com","",""
"9329728","2026-09-19 15:09:07","Lead Sem Interesse","Insucesso","Não","","WhatsApp | Site","Não informado","Elza","4197354129","","","Ford Taurus Taurus / placa: AFI-3F45",""
"9329684","2026-09-19 15:04:46","Allan Junior Dos Santos Ramos","Insucesso","Sim","2026-09-19 15:07:14","Telefone","Compra","Marinei","42998429103","","","","Mercedes GLB GLB / placa: RKQ-3G71"
"9329522","2026-09-19 14:47:41","Lead Sem Interesse","Insucesso","Não","","Instagram","Não informado","Gabriel Ricardo","","","gabriel_rkb@instagram.com","",""
"9329481","2026-09-19 14:43:17","Allan Junior Dos Santos Ramos","Insucesso","Não","","Mercado Livre | WhatsApp","Venda","Paulo Turco","41991195670","","","Volvo XC XC / placa: AXD-5E00",""
"9329405","2026-09-19 14:33:24","Allan Junior Dos Santos Ramos","Recontato","Não","","Mercado Livre | ML WhatsApp","Venda","Paulo Cesar da Silva","41991195670","","paulinhoturco36@gmail.com","Volvo XC XC / placa: AXD-5E00",""
"9329341","2026-09-19 14:25:33","Allan Junior Dos Santos Ramos","Recontato","Não","","WhatsApp","Venda","Marcos Lech","4199926745","","","",""
"9329249","2026-09-19 14:13:09","Allan Junior Dos Santos Ramos","Insucesso","Não","","Facebook Ads","Venda","Leonidas Conke Junior","41999116779","41999116779","leonconke@hotmail.com","",""
"9328775","2026-09-19 13:23:09","Allan Junior Dos Santos Ramos","Insucesso","Não","","Facebook Ads","Venda","Mauricio Mariano de Paula","41992021422","41992021422","mauricio.marianop@gmail.com","",""
"9328538","2026-09-19 12:59:08","Allan Junior Dos Santos Ramos","Agendado","Não","","WhatsApp","Troca","André Ricardo","4999189673","","","BMW X1 X1 / placa: ABM-9C33",""
"9328347","2026-09-19 12:42:34","Allan Junior Dos Santos Ramos","Recontato","Não","","WhatsApp | Instagram Ads","Venda","Gabriel Correa","5497108467","","","",""
"9327958","2026-09-19 12:09:59","Lais Narimã Ferreira Vieira","Em atendimento","Não","","Facebook Ads","Financiamento","Ricardo Proencio","43991053940","43991053940","ricardoproencio42@gmail.com","",""
"9327953","2026-09-19 12:09:19","Allan Junior Dos Santos Ramos","Recontato","Não","","WhatsApp","Venda","Maria Francisca","5596445108","","","",""
"9327932","2026-09-19 12:06:51","Recepção","Insucesso","Sim","2026-09-19 12:06:57","Passante","Venda","Caique","11948626013","","","",""
"9327685","2026-09-19 11:46:13","Allan Junior Dos Santos Ramos","Insucesso","Sim","2026-09-19 14:37:06","Telefone","Compra","Bruno","41996429662","","","",""
"9327674","2026-09-19 11:45:08","Allan Junior Dos Santos Ramos","Recontato","Não","","WhatsApp | Instagram Ads","Venda","Ricardo Gouvea de Oliveira","12996741181","12996741181","ricardooliveiragouvea@gmail.com","Honda Civic Civic / placa: AWM-9654",""
"9327197","2026-09-19 11:08:39","Allan Junior Dos Santos Ramos","Recontato","Não","","Mercado Livre | ML WhatsApp","Venda","Jucie Davi Stefan","66996743140","","stefanjucie331@gmail.com","Ford F-1000 F-1000 / placa: IHK-1I94",""
"9327196","2026-09-19 11:08:37","Recepção","Insucesso","Sim","2026-09-19 11:08:48","Passante","Compra","Alexandre","41996605244","","","","Hyundai i30 i30 / placa: AXX-7325"
"9326979","2026-09-19 10:52:28","Allan Junior Dos Santos Ramos","Recontato","Não","","WhatsApp | Site","Venda","Jonathan Moura","41992164736","","","Renault OROCH OROCH / placa: SEA-3D65",""
"9326803","2026-09-19 10:40:12","Allan Junior Dos Santos Ramos","Recontato","Não","","Chaves na Mão","Venda","Geovani","41998266947","","geopedroso@outlook.com","Kia Motors Sorento Sorento / placa: AZK-2C04",""
"9326535","2026-09-19 10:20:47","Allan Junior Dos Santos Ramos","Insucesso","Não","","Facebook Ads","Venda","Christiane Silva","41984723874","41984723874","christianedasilvapr@gmail.com","",""
"9326072","2026-09-19 09:45:33","Allan Junior Dos Santos Ramos","Insucesso","Não","","Facebook Ads","Venda","Debora Martins","41999926528","41999926528","debora.rocil73@gmail.com","",""
"9325744","2026-09-19 09:17:22","Matheus Imbroinise","Sucesso","Sim","2026-09-19 10:48:21","Busca Ativa","Compra","rafael","41992125696","","","","VolksWagen AMAROK AMAROK / placa: NWV-6D84"
"9325047","2026-09-19 07:52:34","Allan Junior Dos Santos Ramos","Sucesso","Sim","2026-09-19 10:30:57","Facebook Ads","Compra","Renato Barbosa Neto","41996637914","41996637914","renatobarbosaneto@hotmail.com","","Citroën AIRCROSS AIRCROSS / placa: BDV-3E12"
"9323762","2026-09-19 04:13:42","Allan Junior Dos Santos Ramos","Recontato","Não","","Facebook Ads","Compra","Lu Anselmini","41999837360","","lu-anselmini@hotmail.com","",""
"9323748","2026-09-19 03:43:52","Allan Junior Dos Santos Ramos","Insucesso","Não","","WhatsApp","Venda","Grupo Massa Veiculos","6281837788","","","",""
"9323707","2026-09-19 02:54:11","Allan Junior Dos Santos Ramos","Recontato","Não","","Mercado Livre | WhatsApp","Venda","Alex😉","4199577816","","","Hyundai Elantra Elantra / placa: OON-6E37",""
"9323549","2026-09-19 01:30:24","Allan Junior Dos Santos Ramos","Recontato","Não","","Chaves na Mão | WhatsApp","Venda","Luiz","41999060088","","lbcalderari@gmail.com","Ford Corcel Corcel / placa: ADQ-4753",""
"9323191","2026-09-19 00:32:32","Allan Junior Dos Santos Ramos","Recontato","Não","","WhatsApp | Site","Compra","Joao Victor","11910398516","","","",""
"9323188","2026-09-19 00:31:53","Lais Narimã Ferreira Vieira","Recontato","Não","","Facebook Ads","Financiamento","José Moreira Soares","41992520647","","moreiraiguacu@hotmail.com","",""
"9322553","2026-09-18 23:14:47","Allan Junior Dos Santos Ramos","Agendado","Não","","WhatsApp | Instagram Ads","Compra","Carlos Eduardo","4298088285","","","",""
"9322097","2026-09-18 21:40:54","Allan Junior Dos Santos Ramos","Insucesso","Não","","Facebook Ads","Venda","Andressa Oliveira","41997801253","41997801253","dessa.oliveira0209@gmail.com","",""
"9321993","2026-09-18 21:21:57","Allan Junior Dos Santos Ramos","Insucesso","Não","","Facebook Ads","Venda","Sidney Dias","41999207480","41999207480","sidney2141@hotmail.com","",""
"9321830","2026-09-18 21:00:14","Allan Junior Dos Santos Ramos","Insucesso","Não","","Facebook Ads","Venda","Marcos Bif","41999238753","41999238753","marcosbif@hotmail.com","",""
"9321710","2026-09-18 20:43:39","Lais Narimã Ferreira Vieira","Em atendimento","Não","","Facebook Ads","Financiamento","Cleusa Oliveira","41984231649","41984231649","cleusamelloliveira19@hotmail.com","",""
"9321531","2026-09-18 20:20:28","Allan Junior Dos Santos Ramos","Recontato","Não","","WhatsApp","Venda","João Carlos Ortiz","4398228285","","","Toyota RAV4 RAV4 / placa: BDW-6G48",""
"9321515","2026-09-18 20:17:54","Allan Junior Dos Santos Ramos","Insucesso","Não","","Facebook Ads","Venda","Elias GESSE ROBERTO","41997121353","41997121353","eliasgesse@gmail.com","",""
"9321502","2026-09-18 20:15:26","Lead Sem Interesse","Insucesso","Não","","WhatsApp | Site","Venda","Lilian","4197099894","","","Fiat Fastback Fastback / placa: SEO-4B44",""
"9321210","2026-09-18 19:38:21","Lead Sem Interesse","Insucesso","Não","","Instagram","Não informado","DjDimas Noldin","","","dimas.noldin@instagram.com","",""
"9321209","2026-09-18 19:38:20","Lead Sem Interesse","Insucesso","Não","","Instagram","Não informado","Celso lucas (fofo)| O seu consultor de veículos","","","celso.fofo@instagram.com","",""
"9321033","2026-09-18 19:18:02","Allan Junior Dos Santos Ramos","Recontato","Não","","Facebook Ads","Compra","Rafael Asinelli","41988120329","41988120329","rafa_canada@hotmail.com","",""
"9321020","2026-09-18 19:16:35","Allan Junior Dos Santos Ramos","Recontato","Não","","Mercado Livre | WhatsApp","Venda","João Sota","11975477662","","","Jeep Wrangler Wrangler / placa: AQQ-8388",""
"9321005","2026-09-18 19:15:04","Allan Junior Dos Santos Ramos","Recontato","Não","","SóCarrão | WhatsApp","Venda","Vilson bellaver","45999645533","","vilsonbellave@gmail.com","Nissan Frontier Frontier / placa: TAN-7J50",""
"9321003","2026-09-18 19:14:44","Allan Junior Dos Santos Ramos","Recontato","Não","","Olx","Venda","Andre Marochi","41991513292","","amarochi01@gmail.com","Hyundai Elantra Elantra / placa: OON-6E37",""
"9320963","2026-09-18 19:10:43","Allan Junior Dos Santos Ramos","Insucesso","Sim","2026-09-19 09:25:31","WhatsApp | Site","Compra","josé","4298030801","","","","Toyota Hilux Hilux / placa: FHT-7F36"
"9320624","2026-09-18 18:34:16","Allan Junior Dos Santos Ramos","Insucesso","Não","","WhatsApp | Site","Troca","Williamis Araújo","4195922955","","","VolksWagen Fox Fox / placa: BBD-2397",""
"9320044","2026-09-18 17:32:04","Lais Narimã Ferreira Vieira","Em atendimento","Não","","Facebook Ads","Financiamento","David Denys","41997001196","41997001196","daviddenysh@gmail.com","",""
"9319564","2026-09-18 16:54:40","Recepção","Insucesso","Sim","2026-09-18 16:54:44","Carteira","Compra","Celso","41992118117","","","","VolksWagen SPACEFOX SPACEFOX / placa: MLN-4193"
"9319507","2026-09-18 16:51:44","Lead Sem Interesse","Insucesso","Não","","Instagram","Não informado","Contato Instagram","","","","",""
"9319493","2026-09-18 16:50:31","Lead Sem Interesse","Insucesso","Não","","WhatsApp","Não informado","Júnior","41996598939","","","",""
"9319421","2026-09-18 16:44:21","Allan Junior Dos Santos Ramos","Insucesso","Não","","WhatsApp | Site","Compra","Mateus Nascimento","4192868740","","","",""
"9319337","2026-09-18 16:36:55","Recepção","Insucesso","Sim","2026-09-18 16:37:10","Carteira","Consignação","MARCIO","41998288855","","","","Peugeot 2008 2008 / placa: BBP-0941"
"9319243","2026-09-18 16:28:45","Allan Junior Dos Santos Ramos","Recontato","Não","","WhatsApp | Instagram Ads","Venda","Uilson","41992445934","","","Honda Civic Civic / placa: RHL-1G03",""
"9319145","2026-09-18 16:21:31","Allan Junior Dos Santos Ramos","Insucesso","Não","","Telefone","Venda","Marcio","41999503849","","","",""
"9319136","2026-09-18 16:20:34","Lead Sem Interesse","Insucesso","Não","","WhatsApp | Site","Não informado","Elza","4197354129","","","",""
"9319051","2026-09-18 16:14:00","Lais Narimã Ferreira Vieira","Em atendimento","Não","","Facebook Ads","Financiamento","Elvis Mendes","41988238884","41988238884","elvisrmendes1@hotmail.com","",""
"9319012","2026-09-18 16:11:01","Recepção","Insucesso","Sim","2026-09-18 16:11:06","Carteira","Compra","NAIR","41991854424","","","","Honda HR-V HR-V / placa: BBN-2A46"
"9319000","2026-09-18 16:09:54","Allan Junior Dos Santos Ramos","Insucesso","Não","","Facebook Ads","Compra","Miguel Rosa Neto","41992075671","41992075671","mjrn@onda.com.br","",""
"9318867","2026-09-18 16:01:32","Lais Narimã Ferreira Vieira","Em atendimento","Não","","Facebook Ads","Financiamento","Jaciara Cardoso","41997287295","41997287295","jaci_engiurd@yahoo.com.br","",""
"9318702","2026-09-18 15:50:08","Allan Junior Dos Santos Ramos","Insucesso","Sim","2026-09-18 15:52:18","Telefone","Compra","Luiz","41984033517","","","","BMW X3 X3 / placa: BAD-5G84"
"9318687","2026-09-18 15:49:07","Maria Cristine Ripka","Insucesso","Sim","2026-09-18 15:49:07","Loja","Não informado","Wilson Rocha de Oliveira","41999743283","","","","VolksWagen Fusca Fusca / placa: FRL-5B12"
"9318641","2026-09-18 15:44:54","Allan Junior Dos Santos Ramos","Recontato","Não","","Mercado Livre | WhatsApp","Troca","Jean Linhares","4195191634","","jeanmlinhares@msn.com","Chevrolet CRUZE CRUZE / placa: BAA-9A18",""
"9318473","2026-09-18 15:31:49","Allan Junior Dos Santos Ramos","Insucesso","Não","","Facebook Ads","Venda","Leonardo Armstrong","41996554815","41996554815","leo23_armstrong@hotmail.com","",""
"9318364","2026-09-18 15:24:27","Lead Sem Interesse","Insucesso","Não","","Instagram","Não informado","Contato Instagram","","","","",""
"9318109","2026-09-18 15:06:50","Thayna PRE-VENDAS","Insucesso","Sim","2026-09-18 15:10:05","Carteira","Consignação","Cleverson","41991939091","","","","RAM 3500 3500 / placa: AUP-6A61"
"9318036","2026-09-18 15:00:51","Thayna PRE-VENDAS","Insucesso","Sim","2026-09-19 09:10:41","Olx","Venda","Diethard Pauls","42984193365","","dpauls64@hotmail.com","Hyundai ix35 ix35 / placa: AYR-4E62",""
"9318014","2026-09-18 14:59:34","Allan Junior Dos Santos Ramos","Recontato","Não","","Chaves na Mão","Venda","Saymon","41997987803","","Saymonossuna@gmail.com","Volkswagen Outros Outros / placa: AFU-9216",""
"9317978","2026-09-18 14:56:16","Allan Junior Dos Santos Ramos","Recontato","Não","","WhatsApp | Instagram Ads","Venda","Jéssika","4184519817","","","Hyundai HB20 HB20 / placa: BEU-5B11",""
"9317921","2026-09-18 14:52:12","LIRIANE LARISSA RIBEIRO","Agendado","Não","","Olx","Compra","Pedro ","41999152604","","","",""
"9317408","2026-09-18 14:14:26","Recepção","Insucesso","Sim","2026-09-18 14:15:34","Carteira","Venda","Marlei","41988088800","","","",""
"9317342","2026-09-18 14:09:09","Thayna PRE-VENDAS","Agendado","Não","","SóCarrão","Troca","Emerson Behnke","47988214787","","emerson.behnke@portodesaofranciscodosul.com.br","Citroën C4 C4 / placa: RTG-2C87",""
"9317261","2026-09-18 14:03:23","Thayna PRE-VENDAS","Insucesso","Não","","SóCarrão | WhatsApp","Venda","Mario Eduardo","41991124184","","mess.eduardo28@gmail.com","VolksWagen T-Cross T-Cross / placa: TAX-6G37",""
"9317221","2026-09-18 14:01:02","Thayna PRE-VENDAS","Insucesso","Sim","2026-09-22 09:43:42","WhatsApp","Troca","Reinaldo Spinola","11992498459","","","BMW X1 X1 / placa: ABM-9C33",""
"9317101","2026-09-18 13:50:20","LIRIANE LARISSA RIBEIRO","Insucesso","Sim","2026-09-19 10:50:04","Olx","Compra","Paulo","41998870181","","","","BMW X1 X1 / placa: EXB-0B11"
"9317055","2026-09-18 13:47:03","Allan Junior Dos Santos Ramos","Insucesso","Não","","Facebook Ads","Compra","Adeilson Santos","11988787510","11988787510","adesantosbr@hotmail.com","",""
"9317041","2026-09-18 13:46:19","Allan Junior Dos Santos Ramos","Insucesso","Sim","2026-09-18 14:04:09","WhatsApp","Venda","Alceu","41999575447","","","","BMW 320iA 320iA / placa: RHR-8A08"
"9316977","2026-09-18 13:40:46","Allan Junior Dos Santos Ramos","Recontato","Não","","WhatsApp | Site","Venda","René Hernández Rodríguez","4188264413","","","",""
"9316655","2026-09-18 13:15:56","Allan Junior Dos Santos Ramos","Insucesso","Não","","Telefone","Compra","Edson","44999343155","","","",""
"9316604","2026-09-18 13:10:55","Recepção","Insucesso","Sim","2026-09-18 13:11:06","Passante","Venda","Felipe ","41984079197","","","","Caoa Chery Tiggo Tiggo / placa: UBS-0C36"
"9316233","2026-09-18 12:43:10","Allan Junior Dos Santos Ramos","Insucesso","Sim","2026-09-19 11:24:07","WhatsApp | Site","Venda","Julciana","4199662246","","","Jeep COMPASS COMPASS / placa: SEY-7F96","Fiat Fastback Fastback / placa: SFE-0J39"
"9316018","2026-09-18 12:26:13","Thayna PRE-VENDAS","Insucesso","Não","","SóCarrão","Venda","RODOLFO TENORIO ZEBALOS","69992603751","","rodolfo93140198@gmail.com","VolksWagen Polo Polo / placa: AXU-8A22",""
"9315889","2026-09-18 12:15:40","Lais Narimã Ferreira Vieira","Insucesso","Não","","Facebook Ads","Financiamento","Confeitaria_PatyCakes","42999798352","42999798352","anaclaramaier1@gmail.com","",""
"9315831","2026-09-18 12:10:55","Allan Junior Dos Santos Ramos","Recontato","Não","","WhatsApp","Troca","Dhemor Closet","4195520032","","","Chevrolet TRACKER TRACKER / placa: SFE-3C02",""
"9315609","2026-09-18 11:54:43","Thayna PRE-VENDAS","Insucesso","Não","","SóCarrão","Troca","Vinícius","47999579076","","veniitai@gmail.com","Chevrolet CRUZE CRUZE / placa: BDG-2G27",""
"9315534","2026-09-18 11:51:36","Allan Junior Dos Santos Ramos","Recontato","Não","","WhatsApp | Site","Venda","🙏🏽","19978174831","","","Volkswagen Outros Outros / placa: CZK-6A22",""
"9315463","2026-09-18 11:48:52","Thayna PRE-VENDAS","Insucesso","Não","","WhatsApp | Site","Venda","Elza T. Piotto Gumiero","4384254108","","","",""
"9315120","2026-09-18 11:31:11","Lais Narimã Ferreira Vieira","Insucesso","Não","","Facebook Ads","Financiamento","Flavio Luiz","41984867806","41984867806","flavio.335@hotmail.com","",""
"9314979","2026-09-18 11:20:05","Lead Sem Interesse","Insucesso","Não","","WhatsApp","Não informado","Diego Farias","41998452784","","","",""
"9314965","2026-09-18 11:18:27","Allan Junior Dos Santos Ramos","Recontato","Não","","Google | Site","Compra","Jonas","41987792983","","Johunas.lima123@gmail.com","",""
"9314946","2026-09-18 11:16:58","Andressa K B Kreia","Sucesso","Não","","Carteira","Troca","JUNIOR","41999983737","","","Mitsubishi L200 L200 / placa: AZB-6A04",""
"9314929","2026-09-18 11:15:10","Allan Junior Dos Santos Ramos","Agendado","Não","","WhatsApp","Compra","Fernando Gaioski","41991799308","","f.gaioski@gmail.com","",""
"9314926","2026-09-18 11:14:47","Lais Narimã Ferreira Vieira","Insucesso","Não","","Facebook Ads","Financiamento","Paulo Silva","43988092614","43988092614","pcpslondrina@hotmail.com","",""
"9314342","2026-09-18 10:37:19","Allan Junior Dos Santos Ramos","Recontato","Não","","SóCarrão","Venda","carlos henrique zeidan","41987473773","","czeidan@ics.curitiba.pr.gov.br","Citroën C4 C4 / placa: RTG-2C87",""
"9314282","2026-09-18 10:33:48","Thayna PRE-VENDAS","Insucesso","Não","","Facebook Ads","Venda","Anna Julya Perez","41996316808","41996316808","ajulya276@gmail.com","",""
"9314105","2026-09-18 10:22:47","Lais Narimã Ferreira Vieira","Insucesso","Não","","WhatsApp | Facebook Ads","Financiamento","Mayana Belarmino De Freitas","44974005683","44974005683","belarminomayana@gmail.com","",""
"9313966","2026-09-18 10:12:29","Thayna PRE-VENDAS","Insucesso","Não","","Facebook Ads","Venda","Rafael Schuartz","41991941173","41991941173","lrafaelschuartz@gmail.com","",""
"9313900","2026-09-18 10:08:48","Allan Junior Dos Santos Ramos","Recontato","Não","","Google | Site","Financiamento","Milena","41997333424","","","",""
"9313800","2026-09-18 10:00:41","Thayna PRE-VENDAS","Insucesso","Não","","Olx","Não informado","LAYKSON LUCAS RODRIGUES COSTA","98985601665","","laykson.costa@gmail.com","Renault OROCH OROCH / placa: SEA-3D65",""
"9313701","2026-09-18 09:54:21","LIRIANE LARISSA RIBEIRO","Insucesso","Sim","2026-09-19 08:13:34","Olx","Compra","Roberson","41996704031","","","","Hyundai HB20 HB20 / placa: RUK-6A52"
"9313378","2026-09-18 09:32:12","Thayna PRE-VENDAS","Insucesso","Não","","Facebook Ads","Venda","Sandro Patricio Freza","41999677876","41999677876","sandropatricio336@gmail.com","",""
"9313196","2026-09-18 09:19:06","Ana Dal Bello","Sucesso","Sim","2026-09-18 09:19:06","Loja","Não informado","Ana bello","41998472084","","","","GWM Tank Tank / placa: TKK-3I03"
"9313121","2026-09-18 09:11:13","Recepção","Sucesso","Sim","2026-09-18 09:26:04","Carteira","Não informado","claudecir","41991430909","","","","VolksWagen T-Cross T-Cross / placa: SEZ-2J10"
"9312446","2026-09-18 08:05:38","Allan Junior Dos Santos Ramos","Sucesso","Sim","2026-09-18 15:53:56","Mercado Livre | WhatsApp","Venda","Ricardo mingueto","4198589133","","ricardo_mingueto@hotmail.com","Nissan Sentra Sentra / placa: ATQ-8484","Nissan VERSA VERSA / placa: QIW-8D31"
"9312294","2026-09-18 07:34:08","Lead Sem Interesse","Insucesso","Não","","WhatsApp","Não informado","Clarice","4184215902","","","",""
"9312124","2026-09-18 06:42:42","Allan Junior Dos Santos Ramos","Recontato","Não","","SóCarrão","Venda","Jonatas Mianes Pereira","41995119989","","jonatasmianespereira@gmail.com","Chevrolet CRUZE CRUZE / placa: BAA-9A18",""
"9311006","2026-09-18 02:56:49","Lais Narimã Ferreira Vieira","Insucesso","Não","","Facebook Ads","Financiamento","Bruno Pereira","41987921733","41987921733","brunosantospereira0608@gmail.com","",""
"9310902","2026-09-18 02:19:40","Allan Junior Dos Santos Ramos","Insucesso","Não","","Facebook Ads","Venda","Rafael Colaço","41999677769","41999677769","polacolxr@hotmail.com","",""
"9310853","2026-09-18 01:53:52","Thayna PRE-VENDAS","Insucesso","Não","","SóCarrão","Venda","Thiago bezerra lima","12987117454","","thiagolima3398@gmail.com","HONDA CG CG / placa: TJM-5D46",""
"9310786","2026-09-18 01:17:40","Lais Narimã Ferreira Vieira","Insucesso","Não","","Facebook Ads","Financiamento","Edson Campos","41999503471","41999503471","edson.campos.tst@gmail.com","",""
"9310782","2026-09-18 01:16:28","Thayna PRE-VENDAS","Insucesso","Não","","Chaves na Mão","Venda","Francielle","41996729365","","fraan.d.2@hotmail.com","Honda HR-V HR-V / placa: RHN-3A00",""
"9310474","2026-09-18 01:00:08","Lais Narimã Ferreira Vieira","Insucesso","Não","","Facebook Ads","Financiamento","Eder Medeiros","41999835896","41999835896","edermedeiros05@gmail.com","",""
"9310395","2026-09-18 00:31:41","Thayna PRE-VENDAS","Agendado","Não","","Facebook Ads","Compra","Patricia Xavier","71993451650","71993451650","p72_xavier@yahoo.com.br","",""
"9310370","2026-09-18 00:27:57","Thayna PRE-VENDAS","Insucesso","Não","","Olx","Troca","Adriano Pereira","41996017666","","adrianopereira2975@gmail.com","Nissan Sentra Sentra / placa: ATQ-8484",""
"9310111","2026-09-17 23:55:22","Allan Junior Dos Santos Ramos","Insucesso","Não","","Facebook Ads","Venda","Rosilda Gomes de Assis","41985185257","41985185257","fatima_rosilda@yahoo.com.br","",""
"9309477","2026-09-17 22:43:44","Thayna PRE-VENDAS","Insucesso","Não","","Olx","Troca","Fabio S.","41996683477","","carnizal1984@gmail.com","Nissan Sentra Sentra / placa: ATQ-8484",""
"9309358","2026-09-17 22:23:49","Thayna PRE-VENDAS","Insucesso","Não","","Facebook Ads","Venda","Peterson Freitas","41996922193","41996922193","peter.escolinhapilarzinho@gmail.com","",""
"9309030","2026-09-17 21:27:09","Lais Narimã Ferreira Vieira","Insucesso","Não","","Facebook Ads","Financiamento","Josinei de Oliveira souza","11971686345","11971686345","josinei.soldador@gmail.com","",""
"9308975","2026-09-17 21:20:42","","Pendente","Não","","WhatsApp | Instagram Ads","Não informado","Marcos Anconi","4199270054","","","",""
"9308858","2026-09-17 21:05:17","Allan Junior Dos Santos Ramos","Recontato","Não","","Facebook Ads","Compra","Michael Camargo","41992900883","41992900883","michaelmcamargo@hotmail.com","",""
"9308760","2026-09-17 20:52:00","Thayna PRE-VENDAS","Insucesso","Não","","WhatsApp | Facebook Ads","Não informado","edivaldo Moraes de Lima","4299297808","","","",""
"9308759","2026-09-17 20:51:54","Thayna PRE-VENDAS","Insucesso","Não","","Facebook Ads","Venda","Jhonatan Marques","42988547374","42988547374","hagforce@hotmail.com","",""
"9308670","2026-09-17 20:40:58","Lais Narimã Ferreira Vieira","Insucesso","Não","","Facebook Ads","Financiamento","Kauana Velloso","41996842743","41996842743","kauana.veloso@gmail.com","",""
"9308433","2026-09-17 20:08:26","Thayna PRE-VENDAS","Insucesso","Não","","Facebook Ads","Venda","Camila Moraes","41999281700","41999281700","cami.moraes03@icloud.com","",""
"9308361","2026-09-17 20:02:24","Allan Junior Dos Santos Ramos","Recontato","Não","","Facebook Ads","Compra","Cristiane Rocha","41996329461","41996329461","cris4687@hotmail.com","",""
"9308130","2026-09-17 19:35:37","Lead Sem Interesse","Insucesso","Não","","WhatsApp","Venda","Flávia 🤍","4196897443","","","",""
"9308114","2026-09-17 19:33:26","Allan Junior Dos Santos Ramos","Insucesso","Não","","WhatsApp | Instagram Ads","Venda","Corrêa","4192214844","","","Chevrolet CRUZE CRUZE / placa: BDG-2G27",""
"9308013","2026-09-17 19:21:08","Thayna PRE-VENDAS","Insucesso","Não","","Facebook Ads","Compra","Laid katherine","41999197907","41999197907","laidkatherine@hotmail.com","",""
"9307931","2026-09-17 19:10:56","Allan Junior Dos Santos Ramos","Insucesso","Não","","Facebook Ads","Venda","Wesley Chagas","41997081470","41997081470","chagaswesley456@gmail.com","",""
"9307768","2026-09-17 18:53:12","Thayna PRE-VENDAS","Insucesso","Não","","Facebook Ads","Venda","Junior Santos","41998853271","41998853271","juniorcezardossantos441@gmail.com","",""
"9307691","2026-09-17 18:46:28","Allan Junior Dos Santos Ramos","Recontato","Não","","Facebook Ads","Compra","Raphael Marzola","41996237850","41996237850","r.marzola@hotmail.com","",""
"9307628","2026-09-17 18:39:35","Thayna PRE-VENDAS","Recontato","Não","","Google | Site","Compra","Renan Jorge Soares da Silva","41991390156","","renanjuba15@hotmail.com","",""
"9307565","2026-09-17 18:32:03","Allan Junior Dos Santos Ramos","Insucesso","Não","","Facebook Ads","Venda","Rafael Alves","41997540983","41997540983","rafaelzanatelo49@gmail.com","",""
"9307463","2026-09-17 18:22:07","Thayna PRE-VENDAS","Insucesso","Não","","Facebook Ads","Venda","jurandir fernandes nogueira junior","43984559088","43984559088","jurandirfnjunior@gmail.com","",""
"9307362","2026-09-17 18:13:03","Allan Junior Dos Santos Ramos","Insucesso","Não","","Facebook Ads","Venda","Andréa Stocco","64997979676","","andyst56@gmail.com","",""
"9307323","2026-09-17 18:08:55","Recepção","Sucesso","Sim","2026-09-17 18:09:00","Passante","Compra","MARCOS","41996884390","","","","Mitsubishi ASX ASX / placa: BDA-0B79"
"9307193","2026-09-17 17:57:33","Thayna PRE-VENDAS","Insucesso","Não","","Facebook Ads","Venda","Luiz Filipe","41998004857","41998004857","luizfilipe.lima96@gmail.com","",""
"9306903","2026-09-17 17:34:15","Lais Narimã Ferreira Vieira","Insucesso","Não","","Facebook Ads","Financiamento","Julcileia Fernandes","44991441229","44991441229","secretaria_anestesista@hotmail.com","",""
"9306579","2026-09-17 17:06:20","Thayna PRE-VENDAS","Insucesso","Não","","Facebook Ads","Compra","Giombelli Valdir","45999652526","45999652526","giombellivaldir@gmail.com","",""
"9306532","2026-09-17 17:01:49","Lead Sem Interesse","Insucesso","Não","","Instagram","Não informado","DjDimas Noldin","","","dimas.noldin@instagram.com","",""
"9306533","2026-09-17 17:01:49","Lead Sem Interesse","Insucesso","Não","","Instagram","Não informado","Silvan Dal Bello","","","silvan.belloscar@instagram.com","",""
"9306251","2026-09-17 16:42:29","Thayna PRE-VENDAS","Insucesso","Não","","Facebook Ads","Venda","Marcio Alexandre Fernandes De Mesquita","21964457639","21964457639","marciomesq39@gmail.com","",""
"9306198","2026-09-17 16:39:43","Allan Junior Dos Santos Ramos","Insucesso","Não","","Olx","Troca","Sidinei da Silva","49988151407","","sidineisjc@gmail.com","Honda HR-V HR-V / placa: SED-1F31",""
"9306096","2026-09-17 16:32:33","Allan Junior Dos Santos Ramos","Insucesso","Não","","Mercado Livre | WhatsApp","Venda","Gabrielly","4184981721","","","Renault CAPTUR CAPTUR / placa: RHQ-1J02",""
"9306070","2026-09-17 16:30:07","Allan Junior Dos Santos Ramos","Recontato","Não","","WhatsApp | Site","Troca","Claudia","4198194613","","","Honda HR-V HR-V / placa: PCA-0H55",""
"9305814","2026-09-17 16:12:19","Allan Junior Dos Santos Ramos","Insucesso","Não","","Facebook Ads","Compra","Evandro Setim","41996198470","41996198470","evandrosetim@yahoo.com.br","",""
"9305786","2026-09-17 16:10:12","Lead Sem Interesse","Insucesso","Não","","WhatsApp","Não informado","Jason Sheng","18521004677","","","",""
"9305774","2026-09-17 16:09:48","Recepção","Insucesso","Sim","2026-09-17 16:11:11","Passante","Não informado","JEAN","42984410209","","","","Chevrolet PRISMA PRISMA / placa: FND-5F80"
"9305631","2026-09-17 15:59:37","Recepção","Insucesso","Sim","2026-09-17 15:59:44","Carteira","Troca","GUILHERME","41996141390","","","",""
"9305230","2026-09-17 15:29:52","Allan Junior Dos Santos Ramos","Insucesso","Não","","WhatsApp | Site","Venda","Sueli Dietrich","4197011144","","","",""
"9305138","2026-09-17 15:22:30","Allan Junior Dos Santos Ramos","Agendado","Não","","SóCarrão","Venda","Kauan Alisson Maia da Silva","41998075579","","kauan.alisson17@gmail.com","Hyundai HB20S HB20S / placa: BBF-8G16",""
"9305116","2026-09-17 15:20:41","Lead Sem Interesse","Insucesso","Não","","WhatsApp","Não informado","Especialista SOUNET","4499518476","","","",""
"9304859","2026-09-17 15:01:21","Allan Junior Dos Santos Ramos","Insucesso","Sim","2026-09-17 16:06:15","WhatsApp | Site","Compra","Yasmin Fagundes","11959958855","","","","Hyundai HB20 HB20 / placa: BAX-6240"
"9304807","2026-09-17 14:57:24","Lead Sem Interesse","Insucesso","Não","","Instagram","Não informado","Contato Instagram","","","","",""
"9304787","2026-09-17 14:56:09","Allan Junior Dos Santos Ramos","Insucesso","Não","","Chaves na Mão | WhatsApp","Troca","Davi Cunha ","13997332702","","davi.vg@hotmail.com","Honda Civic Civic / placa: AWM-9654",""
"9304310","2026-09-17 14:21:39","Thayna PRE-VENDAS","Insucesso","Não","","WhatsApp | Site","Venda","Daniel","11940697236","","","",""
"9303157","2026-09-17 12:53:24","Allan Junior Dos Santos Ramos","Insucesso","Não","","WhatsApp","Venda","Leonardo Escolaro","4199986192","","Leodelboni2009@hotmail.com","",""
"9302915","2026-09-17 12:35:03","Allan Junior Dos Santos Ramos","Insucesso","Não","","WhatsApp | Site","Compra","Daiana","4197524796","","","",""
"9302733","2026-09-17 12:20:40","Allan Junior Dos Santos Ramos","Insucesso","Não","","WhatsApp","Compra","Sueli escritório","1933075004","","Sueli escritório","",""
"9302715","2026-09-17 12:19:32","Thayna PRE-VENDAS","Insucesso","Não","","WhatsApp | Site","Venda","celso","4195455191","","","Renault SANDERO SANDERO / placa: BBP-8236",""
"9302633","2026-09-17 12:13:12","Allan Junior Dos Santos Ramos","Sucesso","Sim","2026-09-17 12:35:07","Mercado Livre | WhatsApp | ML WhatsApp","Venda","Pedro Barboza","41988811488","","medula@pedromedula.com.br","Mercedes GLK-220 GLK-220 / placa: BDA-2807","Hyundai Tucson Tucson / placa: KXZ-9H32"
"9302410","2026-09-17 11:56:34","Thayna PRE-VENDAS","Insucesso","Não","","Facebook Ads","Venda","Ney Veiga","41999204743","41999204743","neyveiga@hotmail.com","",""
"9302158","2026-09-17 11:39:33","Recepção","Insucesso","Sim","2026-09-17 11:39:38","Busca Ativa","Compra","MELLO","41999994150","","","","Ford Fiesta Fiesta / placa: AYL-2119"
"9302134","2026-09-17 11:38:14","Lead Sem Interesse","Insucesso","Não","","WhatsApp","Não informado","Jason Sheng","18521004677","","","",""
"9302010","2026-09-17 11:29:44","Allan Junior Dos Santos Ramos","Insucesso","Não","","Chaves na Mão","Venda","Geonisse","55992014430","","geomattos633@gmail.com","Hyundai Elantra Elantra / placa: OON-6E37",""
"9301871","2026-09-17 11:19:28","Allan Junior Dos Santos Ramos","Insucesso","Não","","WhatsApp | Facebook Ads","Compra","Edenilson Deda","4198641080","","","",""
"9301848","2026-09-17 11:17:45","Thayna PRE-VENDAS","Sucesso","Sim","2026-09-17 11:17:50","WhatsApp","Compra","Jeferson","41998648926","","","","VolksWagen JETTA JETTA / placa: AQD-8B18"
"9301781","2026-09-17 11:13:30","Allan Junior Dos Santos Ramos","Insucesso","Não","","WhatsApp","Não informado","johnypetervidalneto","4187968943","","","",""
"9301771","2026-09-17 11:13:05","Allan Junior Dos Santos Ramos","Insucesso","Não","","WhatsApp | Site","Venda","Maiane De Oliveira","42991667811","","","",""
"9301608","2026-09-17 11:02:07","LIRIANE LARISSA RIBEIRO","Sucesso","Sim","2026-09-17 13:13:38","Olx","Consignação","Roger","41996545050","","","","Toyota ETIOS ETIOS / placa: AZY-2D20"
"9301519","2026-09-17 10:56:09","Thayna PRE-VENDAS","Insucesso","Não","","Telefone","Venda","Felipe","41988083353","","","Fiat Uno Uno / placa: AYI-4F56",""
"9301274","2026-09-17 10:37:43","Thayna PRE-VENDAS","Insucesso","Não","","Site","Compra","Candida","41996948454","","","",""
"9301138","2026-09-17 10:26:58","Lead Sem Interesse","Insucesso","Não","","WhatsApp","Não informado","johnypetervidalneto","4187968943","","","",""
"9300998","2026-09-17 10:18:23","Allan Junior Dos Santos Ramos","Insucesso","Não","","WhatsApp | Instagram Ads","Compra","Fábio Alamino","14981159492","","","",""
"9300707","2026-09-17 09:56:55","Andressa K B Kreia","Insucesso","Sim","2026-09-17 09:59:40","Carteira","Não informado","Silvan","41985184050","","","","Nissan Frontier Frontier / placa: SCE-0F20"
"9300596","2026-09-17 09:47:36","Lais Narimã Ferreira Vieira","Insucesso","Não","","Facebook Ads","Financiamento","Anderson dalla palma","41988663821","41988663821","andersondllp@hotmail.com","",""
"9300533","2026-09-17 09:42:44","Thayna PRE-VENDAS","Insucesso","Não","","WhatsApp | Site","Troca","Luciana Baeta","21980371621","","","Peugeot 2008 2008 / placa: TTR-7C81",""
"9300514","2026-09-17 09:41:21","Allan Junior Dos Santos Ramos","Insucesso","Não","","WhatsApp","Venda","Gabriel Ramos","4198173156","","","",""
"9300203","2026-09-17 09:17:25","Lead Sem Interesse","Insucesso","Não","","WhatsApp","Não informado","sdfc","4198825687","","","",""
"9300069","2026-09-17 09:06:23","Lais Narimã Ferreira Vieira","Insucesso","Não","","Facebook Ads","Financiamento","Mateus Furtado Ferreira","49999600633","49999600633","mateusfurtadoferreira365@gmail.com","",""
"9299925","2026-09-17 08:51:46","Thayna PRE-VENDAS","Insucesso","Sim","2026-09-19 15:24:24","WhatsApp | Site","Venda","Matheus Millarch","4198069789","","","Renault SANDERO SANDERO / placa: BBP-8236","VolksWagen JETTA JETTA / placa: FXR-1J26"
"9299787","2026-09-17 08:38:22","Thayna PRE-VENDAS","Insucesso","Não","","WhatsApp | Site","Venda","Julio","41988650889","","","Fiat ARGO ARGO / placa: BEH-2J71",""
"9299639","2026-09-17 08:22:00","Allan Junior Dos Santos Ramos","Insucesso","Não","","WhatsApp | Instagram Ads","Venda","Fernando Henrique","3197227269","","","Honda Civic Civic / placa: AWM-9654",""
"9299601","2026-09-17 08:17:10","Lais Narimã Ferreira Vieira","Insucesso","Não","","Facebook Ads","Financiamento","L&C Festas e Decoração","41984584420","41984584420","patyjdo@hotmail.com","",""
"9299547","2026-09-17 08:09:39","Lais Narimã Ferreira Vieira","Insucesso","Não","","Facebook Ads","Financiamento","Alex Castle","13991988373","13991988373","jochi.licea@gmail.com","",""
"9299348","2026-09-17 07:35:59","Lais Narimã Ferreira Vieira","Insucesso","Não","","Facebook Ads","Financiamento","maikon Cesar","43984216852","43984216852","maikondj7@gmail.com","",""
"9299236","2026-09-17 07:11:00","Lais Narimã Ferreira Vieira","Insucesso","Não","","Facebook Ads","Financiamento","Maria Claudia Motta","16992094676","16992094676","ambrosiomotta@hotmail.com","",""
"9298289","2026-09-17 06:17:19","Thayna PRE-VENDAS","Insucesso","Não","","Facebook Ads","Compra","Gloria","41987674797","41987674797","gloriabarcki@gmail.com","",""
"9297502","2026-09-17 00:29:01","Lais Narimã Ferreira Vieira","Insucesso","Não","","Facebook Ads","Financiamento","Rosângela de Jesus dos Santos","41992737226","41992737226","rose-2008-aju@hotmail.com","",""
"9297174","2026-09-16 23:34:38","Allan Junior Dos Santos Ramos","Agendado","Não","","WhatsApp | Site","Venda","Marcelo Santos","4187134583","","","Honda Fit Fit / placa: AXE-1G52",""
"9297085","2026-09-16 23:20:35","Allan Junior Dos Santos Ramos","Insucesso","Não","","Facebook Ads","Venda","joelson dos santos Mendes","41997523414","41997523414","joelsonmendes1@hotmail.com","",""
"9296922","2026-09-16 23:10:18","Allan Junior Dos Santos Ramos","Insucesso","Não","","WhatsApp","Venda","Kide","5599256041","","","",""
"9296872","2026-09-16 23:01:20","Allan Junior Dos Santos Ramos","Insucesso","Não","","WhatsApp","Venda","Pedro","5599356041","","","",""
"9296867","2026-09-16 23:00:38","Thayna PRE-VENDAS","Insucesso","Não","","WhatsApp | Site","Venda","Popular Nas Redes Dionathan","5596553331","","","Hyundai ix35 ix35 / placa: AYR-4E62",""
"9296735","2026-09-16 22:39:02","Lais Narimã Ferreira Vieira","Insucesso","Não","","Facebook Ads","Financiamento","Luis Fernando de Lima Silva","45988176570","45988176570","gigio.luisf@gmail.com","",""
"9296509","2026-09-16 22:04:31","Thayna PRE-VENDAS","Recontato","Não","","SóCarrão","Venda","Luciana Evelize de Camargo Misiak","42988262049","","misiakcleon@hotmail.com","Hyundai ix35 ix35 / placa: AYR-4E62",""
"9296489","2026-09-16 22:00:56","Allan Junior Dos Santos Ramos","Insucesso","Não","","WhatsApp | Site","Venda","vieiraarnoldo61","4198737996","","","VolksWagen JETTA JETTA / placa: AZV-4110",""
"9296420","2026-09-16 21:51:03","Thayna PRE-VENDAS","Insucesso","Não","","SóCarrão","Venda","Valdenir da Silva","41997812474","","du_vale@icloud.com","Audi A3 A3 / placa: FRZ-5I95",""
"9296417","2026-09-16 21:50:52","Lead Sem Interesse","Insucesso","Não","","WhatsApp","Não informado","Sheila Cristina Machado","4187761284","","","",""
"9296203","2026-09-16 21:22:32","Thayna PRE-VENDAS","Insucesso","Não","","Facebook Ads","Compra","Marcelo Oliveira","41992343344","41992343344","marcelo.t.o@hotmail.com","",""
"9296155","2026-09-16 21:16:43","Allan Junior Dos Santos Ramos","Insucesso","Não","","Facebook Ads","Venda","Jose  Bonifácio da Cruz","41996070460","41996070460","boni.cruz@hotmail.com","",""
"9296085","2026-09-16 21:05:20","Thayna PRE-VENDAS","Insucesso","Não","","WhatsApp | Instagram Ads","Troca","Irineu Nazareno","4998215492","","","",""
"9295707","2026-09-16 20:18:18","Thayna PRE-VENDAS","Insucesso","Não","","WhatsApp | Facebook Ads","Não informado","jonilsonv513","4588036340","","","",""
"9295481","2026-09-16 19:53:05","Allan Junior Dos Santos Ramos","Insucesso","Não","","WhatsApp | Site","Venda","Joel Dias","4187406047","","","VolksWagen T-Cross T-Cross / placa: TAX-6G37",""
"9295456","2026-09-16 19:49:10","Allan Junior Dos Santos Ramos","Insucesso","Não","","WhatsApp | Site","Venda","Evandro D.S Luz","4199690692","","","Jeep Renegade Renegade / placa: SDY-9J62",""
"9295437","2026-09-16 19:46:47","Lead Sem Interesse","Insucesso","Não","","WhatsApp | Site","Não informado","Jully","4197487443","","","",""
"9295417","2026-09-16 19:44:46","Thayna PRE-VENDAS","Insucesso","Não","","Olx","Venda","Marcelinho1 m","41991975393","","ms1457475@gmail.com","HONDA CG CG / placa: TJM-5D46",""
"9295383","2026-09-16 19:40:18","Allan Junior Dos Santos Ramos","Insucesso","Não","","WhatsApp | Instagram Ads","Venda","Roberto","42999470333","","","Nissan Frontier Frontier / placa: TAN-7J50",""
"9295053","2026-09-16 19:02:20","Thayna PRE-VENDAS","Insucesso","Não","","WhatsApp | Instagram Ads","Compra","Voldemar Penner","4191871899","","","",""
"9294902","2026-09-16 18:45:01","Lais Narimã Ferreira Vieira","Insucesso","Não","","Facebook Ads","Financiamento","Luiz Carlos/ Professor","87998191035","87998191035","luizjupi381@gmail.com","",""
"9294636","2026-09-16 18:20:08","Allan Junior Dos Santos Ramos","Recontato","Não","","WhatsApp | Instagram Ads","Compra","Everton Valesko","4188669536","","everton_valesko@hotmail.com","",""
"9294391","2026-09-16 17:58:01","Thayna PRE-VENDAS","Insucesso","Não","","WhatsApp | Instagram Ads","Venda","Lorena Lucia Uilli❤️","4396260547","","","",""
"9294133","2026-09-16 17:34:03","Allan Junior Dos Santos Ramos","Insucesso","Não","","Facebook Ads","Venda","Thiago Mantovanello","41996736645","41996736645","jtmantovanello@gmail.com","",""
"9294123","2026-09-16 17:33:16","Thayna PRE-VENDAS","Insucesso","Não","","Facebook Ads","Compra","Andrey","4130252525","4130252525","andrey@creci.org.br","",""
"9293898","2026-09-16 17:16:03","Allan Junior Dos Santos Ramos","Insucesso","Sim","2026-09-18 10:48:41","WhatsApp","Venda","Major","4196829976","","","Honda HR-V HR-V / placa: PCA-0H55","Fiat Palio Palio / placa: AQE-0G33"
"9293836","2026-09-16 17:09:46","Allan Junior Dos Santos Ramos","Insucesso","Não","","WhatsApp | Site","Venda","Gian Alexandre","4899102694","","","",""
"9293827","2026-09-16 17:08:25","Allan Junior Dos Santos Ramos","Insucesso","Não","","Facebook Ads","Venda","Angela Guimarães","41991981605","41991981605","angela.guimaraesf@gmail.com","",""
"9293692","2026-09-16 16:59:41","Lead Sem Interesse","Insucesso","Não","","Instagram","Não informado","Silvan Dal Bello","","","silvan.belloscar@instagram.com","",""
"9293637","2026-09-16 16:55:53","Allan Junior Dos Santos Ramos","Insucesso","Não","","WhatsApp | Instagram Ads","Compra","😎","4598556086","","","",""
"9293611","2026-09-16 16:54:09","Thayna PRE-VENDAS","Insucesso","Não","","WhatsApp | Site","Compra","Marquinhos","4187936064","","","",""
"9293565","2026-09-16 16:51:35","Thayna PRE-VENDAS","Insucesso","Não","","WhatsApp | Site","Venda","Micaelly Bonfim","4199946755","","","VolksWagen JETTA JETTA / placa: AZV-4110",""
"9293522","2026-09-16 16:48:19","Allan Junior Dos Santos Ramos","Agendado","Não","","LINK AUTO","Compra","Vanessa","41984133958","","","",""
"9293327","2026-09-16 16:32:34","Recepção","Insucesso","Sim","2026-09-16 16:32:41","Passante","Venda","Humberto","41999918730","","","","Toyota YARIS YARIS / placa: FCH-2G99"
"9293187","2026-09-16 16:23:42","LIRIANE LARISSA RIBEIRO","Insucesso","Sim","2026-09-16 16:25:41","Olx","Não informado","Stefhani","41991452300","","","","Jeep Renegade Renegade / placa: SEA-7I09"
"9293094","2026-09-16 16:16:28","LIRIANE LARISSA RIBEIRO","Insucesso","Não","","Olx","Não informado","Gilberto","41998800570","","","",""
"9293033","2026-09-16 16:12:05","Lais Narimã Ferreira Vieira","Insucesso","Não","","Facebook Ads","Financiamento","Diego Caires da Silva","44991762012","","diegocairesz4@gmail.com","",""
"9292805","2026-09-16 15:53:38","Thayna PRE-VENDAS","Insucesso","Não","","Facebook Ads","Venda","Audrey Rossi","41996183976","41996183976","atrspartano@gmail.com","",""
"9292730","2026-09-16 15:48:19","Allan Junior Dos Santos Ramos","Insucesso","Não","","Facebook Ads","Venda","Rosane Vieira da Silva","41999194830","41999194830","rosane-gi@hotmail.com","",""
"9292650","2026-09-16 15:42:32","Thayna PRE-VENDAS","Insucesso","Não","","Facebook Ads","Compra","Biel Lima","41995093242","41995093242","gabrielcastro1321@hotmail.com","",""
"9292465","2026-09-16 15:29:13","Lais Narimã Ferreira Vieira","Insucesso","Não","","Facebook Ads","Financiamento","Cristian Marcelo de Matos","41991686177","41991686177","cmcm1983@hotmail.com","",""
"9292208","2026-09-16 15:11:55","Lead Sem Interesse","Insucesso","Não","","Olx","Não informado","ANDRESSA","41997560308","","vendas@belloscar.com.br","Honda HR-V HR-V / placa: PCA-0H55",""
"9292191","2026-09-16 15:11:10","Andressa K B Kreia","Descartado","Não","","Olx","Não informado","Odair","41998104383","","odairkreia@gmail.com","Honda HR-V HR-V / placa: PCA-0H55",""
"9292185","2026-09-16 15:10:53","Lead Sem Interesse","Insucesso","Não","","Olx","Não informado","Belloscar","41998982932","","prospeccaobelloscar@gmail.com","Honda HR-V HR-V / placa: PCA-0H55",""
"9292129","2026-09-16 15:07:34","Lead Sem Interesse","Insucesso","Não","","WhatsApp","Não informado","Sandro","41997652876","","sandrovieira1205@gmail.com","",""
"9292114","2026-09-16 15:06:04","Allan Junior Dos Santos Ramos","Insucesso","Não","","Facebook Ads","Venda","Luciana Teodoro","51997188214","51997188214","luciananateodoro@hotmail.com","",""
"9292105","2026-09-16 15:05:36","Andressa K B Kreia","Insucesso","Não","","Olx","Venda","ORLANDO ","44988019774","","","",""
"9291873","2026-09-16 14:46:23","Thayna PRE-VENDAS","Insucesso","Não","","Facebook Ads","Venda","Álvaro Silva","41988951931","41988951931","alvarosilva463@gmail.com","",""
"9291811","2026-09-16 14:42:42","Allan Junior Dos Santos Ramos","Insucesso","Não","","Facebook Ads","Venda","isaac Oliveira","41987047450","41987047450","isaacliveira09@gmail.com","",""
"9291719","2026-09-16 14:35:28","Lais Narimã Ferreira Vieira","Insucesso","Não","","Facebook Ads","Financiamento","Daniela Brajão Ferrez","43991501620","43991501620","daniferrez84@gmail.com","",""
"9290783","2026-09-16 13:25:21","Thayna PRE-VENDAS","Insucesso","Não","","WhatsApp | Facebook Ads","Compra","martins","4198514617","","","",""
"9290534","2026-09-16 13:06:54","Andressa K B Kreia","Insucesso","Não","","Facebook Ads","Consignação","Antonio Oliveira","41988405030","","antonio160981@gmail.com","",""
"9290325","2026-09-16 12:51:28","Lead Sem Interesse","Insucesso","Não","","WhatsApp","Não informado","johnypetervidalneto","4187968943","","","",""
"9290314","2026-09-16 12:51:06","Recepção","Insucesso","Não","","Instagram","Não informado","Contato Instagram","","","","",""
"9290000","2026-09-16 12:31:11","Lais Narimã Ferreira Vieira","Insucesso","Não","","Facebook Ads","Não informado","Peterson da Silva","46999331518","46999331518","p26112910@gmail.com","",""
"9289962","2026-09-16 12:28:45","LIRIANE LARISSA RIBEIRO","Insucesso","Sim","2026-09-16 17:12:02","Olx","Não informado","Gerson","61981561318","","","","Toyota ETIOS ETIOS / placa: BBN-5J31"
"9289758","2026-09-16 12:12:57","Allan Junior Dos Santos Ramos","Recontato","Não","","WhatsApp | Site","Compra","Carlos","41998447395","","","",""
"9289311","2026-09-16 11:38:33","Thayna PRE-VENDAS","Insucesso","Não","","Chaves na Mão","Venda","Wallyson","84981175788","","wallysonxmatheus@gmail.com","",""
"9289122","2026-09-16 11:26:09","Thayna PRE-VENDAS","Insucesso","Sim","2026-09-16 15:04:17","WhatsApp | Site","Compra","Aurelio Garcia","4199117637","","","","Honda CR-V CR-V / placa: BER-4649"
"9289019","2026-09-16 11:19:16","Lead Sem Interesse","Insucesso","Não","","WhatsApp","Não informado","Erick Gonçalves","4198919829","","","",""
"9289007","2026-09-16 11:18:28","LIRIANE LARISSA RIBEIRO","Insucesso","Sim","2026-09-19 15:38:24","Olx","Compra","Anderson","41999157047","","","","Ford TERRITORY TERRITORY / placa: SAK-9B86"
"9289001","2026-09-16 11:17:46","Allan Junior Dos Santos Ramos","Insucesso","Não","","SóCarrão","Venda","Matheus Henrique Rocha da silva","51191679198","","matheushenriquerocha2@gmail.com","Jeep Renegade Renegade / placa: SIB-6I41",""
"9288633","2026-09-16 10:53:35","Recepção","Sucesso","Sim","2026-09-16 11:02:59","Passante","Troca","terezinha","41991153665","","","Peugeot 2008 2008 / placa: CUG-4J16","Citroën AIRCROSS AIRCROSS / placa: AZC-2285"
"9288054","2026-09-16 10:16:02","Thayna PRE-VENDAS","Insucesso","Não","","WhatsApp | Site","Troca","Felipe Franco","11950339824","","","Chevrolet TRACKER TRACKER / placa: SDU-4A37",""
"9288045","2026-09-16 10:15:35","Allan Junior Dos Santos Ramos","Agendado","Não","","Prospecção","Consignação","caio","11953514026","","","",""
"9287956","2026-09-16 10:10:00","Allan Junior Dos Santos Ramos","Insucesso","Sim","2026-09-16 10:11:40","WhatsApp","Compra","Michele","40998470023","","","","VolksWagen Gol Gol / placa: AFR-3F79"
"9287918","2026-09-16 10:07:46","Allan Junior Dos Santos Ramos","Insucesso","Sim","2026-09-16 10:10:40","WhatsApp","Compra","Marcio Rd Alimentos Frota","40995240679","","","","Fiat MOBI MOBI / placa: TBA-3C12"
"9287760","2026-09-16 09:57:10","Allan Junior Dos Santos Ramos","Insucesso","Não","","WhatsApp | Site","Venda","Ana Zilba","4192759887","","","",""
"9287439","2026-09-16 09:33:43","Allan Junior Dos Santos Ramos","Insucesso","Não","","Facebook Ads","Venda","Fabíola","41992346861","41992346861","fabyydias1311@gmail.com","",""
"9287386","2026-09-16 09:29:57","Thayna PRE-VENDAS","Insucesso","Sim","2026-09-19 10:59:05","WhatsApp | Instagram Ads","Compra","Gustavo Orsi","4188884591","","","","Renault Kardian Kardian / placa: UBO-6I84"
"9287338","2026-09-16 09:26:11","Thayna PRE-VENDAS","Insucesso","Não","","WhatsApp","Venda","Igor Ravazzi","4396730101","","","",""
"9287311","2026-09-16 09:22:52","Thayna PRE-VENDAS","Insucesso","Sim","2026-09-16 14:02:32","WhatsApp","Não informado","SUELEN / RUBENS pneu free","41984536723","","","","Caoa Chery Tiggo Tiggo / placa: TPM-6E07"
"9287009","2026-09-16 09:00:26","Allan Junior Dos Santos Ramos","Insucesso","Não","","WhatsApp | Instagram Ads","Venda","Diego Sebastião","4195676574","","","Hyundai HB20 HB20 / placa: BEU-5B11",""
"9286236","2026-09-16 07:17:51","Thayna PRE-VENDAS","Insucesso","Não","","Facebook Ads","Venda","Ricardo Gouvea de Oliveira","12996741181","12996741181","ricardooliveiragouvea@gmail.com","",""
"9286091","2026-09-16 06:37:56","Allan Junior Dos Santos Ramos","Insucesso","Não","","WhatsApp | Instagram Ads","Compra","Carlos Augusto de Moraes","41996993135","","wbccarlosmoraes@hotmail.com","",""
"9284923","2026-09-16 01:54:09","Thayna PRE-VENDAS","Insucesso","Não","","WhatsApp | Facebook Ads","Compra","Francinei Vicente","4196980522","","","",""
"9284520","2026-09-16 01:05:53","Allan Junior Dos Santos Ramos","Insucesso","Não","","WhatsApp | Site","Venda","Anastácia","4196657348","","","",""
"9284494","2026-09-16 00:59:49","Thayna PRE-VENDAS","Insucesso","Não","","Facebook Ads","Venda","Anderson Andriever Ferreira","41995088003","41995088003","ander.andriever@gmail.com","",""
"9283658","2026-09-15 23:06:52","Allan Junior Dos Santos Ramos","Insucesso","Não","","Facebook Ads","Venda","Endreo","41996887904","41996887904","endreo16@hotmail.com","",""
"9283633","2026-09-15 23:01:40","Thayna PRE-VENDAS","Insucesso","Não","","WhatsApp | Instagram Ads","Compra","Adjair","41997572873","","","",""
"9283620","2026-09-15 22:58:40","Thayna PRE-VENDAS","Insucesso","Não","","Facebook Ads","Compra","Guilherme Osellame","51991722998","51991722998","Osellameguilherme@gmail.com","",""
"9283417","2026-09-15 22:23:19","Allan Junior Dos Santos Ramos","Insucesso","Sim","2026-09-16 14:02:11","Facebook Ads","Compra","Jhony","41996033810","4196033810","jhonysantana333@gmail.com","","CHERY Tiggo Tiggo / placa: SDP-2E84"
"9283375","2026-09-15 22:18:03","Thayna PRE-VENDAS","Insucesso","Não","","Facebook Ads","Venda","Jonny Silveira","41996410928","41996410928","jonnyasilveira@hotmail.com","",""
"9283363","2026-09-15 22:15:58","Allan Junior Dos Santos Ramos","Insucesso","Não","","WhatsApp | Site","Venda","Celita","4998038304","","","",""
"9283306","2026-09-15 22:07:38","Allan Junior Dos Santos Ramos","Recontato","Não","","Facebook Ads","Compra","Luciane Moraes","41991964826","41991964826","oliveiraluluca@hotmail.com","",""
"9283258","2026-09-15 22:00:55","ESPAÇO BELLOS","Insucesso","Não","","WhatsApp | Site","Não informado","Iracema❤️","4198718577","","","",""
"9283165","2026-09-15 21:48:28","ESPAÇO BELLOS","Insucesso","Não","","WhatsApp | Site","Não informado","Aranay","4192779115","","","",""
"9283104","2026-09-15 21:39:28","Thayna PRE-VENDAS","Insucesso","Não","","WhatsApp | Site","Venda","Julia","6981217892","","","",""
"9283097","2026-09-15 21:38:31","Allan Junior Dos Santos Ramos","Insucesso","Não","","WhatsApp | Instagram Ads","Venda","Valdir","4584316949","","","Hyundai HB20 HB20 / placa: BEU-5B11",""
"9283021","2026-09-15 21:29:14","Thayna PRE-VENDAS","Insucesso","Não","","Facebook Ads","Compra","𝐅𝐀𝐁𝐈𝐎 𝐌𝐈𝐓𝐑𝐔𝐓","46984128022","46984128022","fabiomitrut@hotmail.com","",""
"9282982","2026-09-15 21:22:54","Lais Narimã Ferreira Vieira","Insucesso","Não","","Facebook Ads","Financiamento","Walter Takeda/ assessoria agrícola e ambiental","44991410810","44991410810","takedagbhi@outlook.com","",""
"9282941","2026-09-15 21:18:08","Ernesto Wendeler Filho","Descartado","Não","","Site","Não informado","Cliente Teste C6","41999999999","","teste.c6@example.com","",""
"9282882","2026-09-15 21:10:24","Allan Junior Dos Santos Ramos","Insucesso","Não","","Facebook Ads","Venda","Luan Fumagal","44920035586","44920035586","luanfumagal29@gmail.com","",""
"9282874","2026-09-15 21:09:21","Ernesto Wendeler Filho","Descartado","Não","","Site","Não informado","Ernesto de Mello Wendeler Filho","41984057565","","ernesto@autoconf.com.br","Honda HR-V HR-V / placa: PCA-0H55",""
"9282559","2026-09-15 20:32:08","Allan Junior Dos Santos Ramos","Insucesso","Não","","Facebook Ads","Compra","Debora Gruber","42988302882","42988302882","gruber.educacao.ambiental@gmail.com","",""
"9282420","2026-09-15 20:15:18","Allan Junior Dos Santos Ramos","Insucesso","Não","","Drive Match","Venda","André Coimbra","41988610268","","amcoimbra@gmail.com","HONDA CG CG / placa: TJM-5D46",""
"9282297","2026-09-15 19:59:43","Lais Narimã Ferreira Vieira","Insucesso","Não","","Facebook Ads","Financiamento","Sergio Luiz da Silva","41999661736","41999661736","serginho.surf@hotmail.com","",""
"9282233","2026-09-15 19:53:28","Allan Junior Dos Santos Ramos","Insucesso","Não","","Facebook Ads","Venda","Carlos Alberto Santos","41991268031","41991268031","betocarlos1309@gmail.com","",""
"9282178","2026-09-15 19:47:06","Thayna PRE-VENDAS","Insucesso","Não","","Facebook Ads","Venda","Alex Moura","49998414469","49998414469","alexjr99255486@gmail.com","",""
"9282128","2026-09-15 19:41:33","Allan Junior Dos Santos Ramos","Recontato","Não","","Facebook Ads","Compra","Larissa Lhorente","41997431292","41997431292","larissa.lhorente@gmail.com","",""
"9281975","2026-09-15 19:26:19","Thayna PRE-VENDAS","Insucesso","Não","","Facebook Ads","Venda","Jonathan Afanador","41998253777","41998253777","jonathanherrada86@gmail.com","",""
"9281677","2026-09-15 18:56:30","ESPAÇO BELLOS","Insucesso","Não","","WhatsApp","Não informado","Sheila Cristina Machado","4187761284","","","",""
"9281513","2026-09-15 18:39:48","Lais Narimã Ferreira Vieira","Insucesso","Não","","Facebook Ads","Financiamento",".","41920033840","41920033840","fernandinhorodrigues918@gmail.com","",""
"9281489","2026-09-15 18:36:52","ESPAÇO BELLOS","Insucesso","Não","","Site","Não informado","Cliente Teste C6","41999999999","","teste.c6@example.com","",""
"9281339","2026-09-15 18:25:05","ESPAÇO BELLOS","Insucesso","Não","","Site","Não informado","Cliente Teste C6","41999999999","","teste.c6@example.com","",""
"9281050","2026-09-15 17:57:46","Lais Narimã Ferreira Vieira","Insucesso","Não","","Facebook Ads","Financiamento","Gabriel Henrique Da Silva","44998494050","44998494050","biel.mga@gmail.com","",""
"9280841","2026-09-15 17:22:24","ESPAÇO BELLOS","Insucesso","Não","","Site","Não informado","Cliente Teste C6","41999999999","","teste.c6@example.com","",""
"9280833","2026-09-15 17:21:54","ESPAÇO BELLOS","Insucesso","Não","","Site","Não informado","Cliente Teste C6","41999999999","","teste.c6@example.com","",""
"9280619","2026-09-15 17:06:25","Thayna PRE-VENDAS","Insucesso","Sim","2026-09-16 15:38:30","WhatsApp | Site","Compra","Camille Borges Leone","4188246434","","","","Citroën C4 C4 / placa: RNI-8G94"
"9280540","2026-09-15 17:00:29","Allan Junior Dos Santos Ramos","Insucesso","Não","","WhatsApp | Instagram Ads","Compra","Darllen","4198526244","","","",""
"9280449","2026-09-15 16:53:18","Thayna PRE-VENDAS","Recontato","Não","","WhatsApp | Site","Compra","Legnet Engenharia Ltda","41999820018","","","",""
"9280347","2026-09-15 16:44:32","Allan Junior Dos Santos Ramos","Insucesso","Não","","SóCarrão","Venda","Aparecida Cabo Batista","41998952608","","lucas.cabo@hotmail.com","VolksWagen Nivus Nivus / placa: TBT-7E62",""
"9280210","2026-09-15 16:34:58","ESPAÇO BELLOS","Insucesso","Não","","Instagram","Não informado","Silvan Dal Bello","","","silvan.belloscar@instagram.com","",""
"9280054","2026-09-15 16:22:42","Thayna PRE-VENDAS","Recontato","Não","","WhatsApp","Venda","GABRIEL","41988754846","","","",""
"9279784","2026-09-15 16:02:32","Thayna PRE-VENDAS","Insucesso","Não","","Carteira","Compra","Viviane","15996771015","","","",""
"9279779","2026-09-15 16:02:02","Andressa K B Kreia","Sucesso","Não","","Carteira","Venda","Ailton","47997767777","","","Chevrolet SPIN SPIN / placa: BBL-4A21",""
"9279763","2026-09-15 16:00:59","Thayna PRE-VENDAS","Insucesso","Não","","Facebook Ads","Venda","Beatriz Nunes","41998602629","41998602629","biaa_laczkowski@hotmail.com","",""
"9279743","2026-09-15 15:58:58","Thayna PRE-VENDAS","Insucesso","Não","","Facebook Ads","Troca","Everson Santos","41991577342","41991577342","everson-ferreira@hotmail.com","",""
"9279625","2026-09-15 15:49:28","Thayna PRE-VENDAS","Insucesso","Não","","WhatsApp","Venda","Leo Luzio","4198424240","","","Renault SANDERO SANDERO / placa: BBP-8236",""
"9279598","2026-09-15 15:47:01","ESPAÇO BELLOS","Insucesso","Não","","WhatsApp","Não informado","Douglas Ouriques","48991405253","","","",""
"9279439","2026-09-15 15:33:35","ESPAÇO BELLOS","Insucesso","Não","","Instagram","Não informado","Silvan Dal Bello","","","silvan.belloscar@instagram.com","",""
"9279411","2026-09-15 15:31:41","Matheus Imbroinise","Insucesso","Não","","WhatsApp","Venda","Leonardo","41992677839","","","Renault Kardian Kardian / placa: TAS-6B09",""
"9279203","2026-09-15 15:16:00","Allan Junior Dos Santos Ramos","Insucesso","Não","","Facebook Ads","Venda","Marcos justi","41998722685","41998722685","marcosjusti115@gmail.com","",""
"9279129","2026-09-15 15:09:44","Recepção","Insucesso","Sim","2026-09-15 15:09:50","Passante","Venda","Paulo ","41999118384","","","","Hyundai HB20 HB20 / placa: BEI-9E02"
"9278899","2026-09-15 14:52:20","Ana Dal Bello","Sucesso","Sim","2026-09-15 14:52:20","Loja","Não informado","Formiga","41999743283","","","","VolksWagen Golf Golf / placa: FOK-9C38"
"9278873","2026-09-15 14:50:07","Thayna PRE-VENDAS","Insucesso","Não","","Facebook Ads","Venda","Anarelli Barbosa","41997465123","41997465123","anarellipbarbosa@outlook.com","",""
"9278668","2026-09-15 14:35:04","Thayna PRE-VENDAS","Insucesso","Não","","WhatsApp","Venda","Luiz","4192798679","","","",""
"9278515","2026-09-15 14:23:04","Allan Junior Dos Santos Ramos","Insucesso","Não","","WhatsApp | Site","Venda","Kao","4185328236","","","",""
"9278473","2026-09-15 14:20:17","Allan Junior Dos Santos Ramos","Insucesso","Não","","Facebook Ads","Venda","Cintia Heyn","41992151820","41992151820","cintiaheyn1705@gmail.com","",""
"9278173","2026-09-15 13:53:40","Thayna PRE-VENDAS","Insucesso","Não","","Google | Site","Compra","aroldo jose  barbosa","41997051190","","aroldo.barbosa42@gmail.com","",""
"9278149","2026-09-15 13:52:02","Allan Junior Dos Santos Ramos","Insucesso","Não","","Facebook Ads","Compra","Artur Machado","41996682151","41996682151","artur_n@hotmail.com","",""
"9278038","2026-09-15 13:42:38","Thayna PRE-VENDAS","Insucesso","Não","","WhatsApp","Troca","Larissa Kryminice","4199254031","","","",""
"9277708","2026-09-15 13:12:05","Thayna PRE-VENDAS","Insucesso","Não","","Facebook Ads","Venda","Thayelly Wanessa Aparecida da Silva","45998409084","45998409084","thaykothas@gmail.com","",""
"9277653","2026-09-15 13:06:59","Thayna PRE-VENDAS","Insucesso","Não","","Site","Compra","Bruna","41996133253","","","",""
"9277579","2026-09-15 13:00:52","Allan Junior Dos Santos Ramos","Recontato","Não","","SóCarrão","Venda","Edinilson teles dos santos","42999281811","","edenilsons013@gmail.com","VolksWagen Polo Polo / placa: SEZ-5I39",""
"9277401","2026-09-15 12:46:17","Lais Narimã Ferreira Vieira","Insucesso","Não","","Facebook Ads","Financiamento","Leonis de Souza Santos","45998563552","45998563552","leonissantos294@gmail.com","",""
"9277204","2026-09-15 12:31:29","Allan Junior Dos Santos Ramos","Agendado","Não","","Facebook Ads","Venda","Joacir Borges","41991332305","","joaede@gmail.com","BMW X1 X1 / placa: RYC-3E75",""
"9276961","2026-09-15 12:09:49","ESPAÇO BELLOS","Insucesso","Não","","WhatsApp","Não informado","Jason Sheng","18521004677","","","",""
"9276901","2026-09-15 12:05:15","Allan Junior Dos Santos Ramos","Insucesso","Não","","Olx | WhatsApp","Troca","Sandro","41997652876","","sandrovieira1205@gmail.com","Ford Fiesta Fiesta / placa: AYG-8122",""
"9276866","2026-09-15 12:01:43","Lais Narimã Ferreira Vieira","Insucesso","Não","","Facebook Ads","Financiamento","moura","97984404759","97984404759","rocha.curitiba1998@gmail.com","",""
"9276854","2026-09-15 12:00:45","Allan Junior Dos Santos Ramos","Recontato","Não","","WhatsApp | Facebook Ads","Compra","Elton","41998990905","","","",""
"9276605","2026-09-15 11:41:18","Allan Junior Dos Santos Ramos","Recontato","Não","","Google | Site","Compra","Arthur","41991981405","","arthur.m.zanardini@gmail.com","",""
"9276447","2026-09-15 11:30:10","LIRIANE LARISSA RIBEIRO","Insucesso","Sim","2026-09-17 09:44:32","Olx","Não informado","Vinicius ","41988463551","","","","Citroën AIRCROSS AIRCROSS / placa: BBR-5321"
"9276217","2026-09-15 11:12:46","Lais Narimã Ferreira Vieira","Insucesso","Não","","Facebook Ads","Financiamento","Náthaly Andrade","43991827337","43991827337","nathalyandrade.vet@gmail.com","",""
"9276096","2026-09-15 11:03:45","Allan Junior Dos Santos Ramos","Insucesso","Sim","2026-09-19 10:46:42","Google | WhatsApp | Site","Compra","Marlin Estanga","41991857161","","","","Fiat Siena Siena / placa: EGS-6081"
"9275995","2026-09-15 10:56:43","Lais Narimã Ferreira Vieira","Insucesso","Não","","Facebook Ads","Financiamento","Anderson Figueiredo","41987033874","41987033874","vi**********************@gmail.com","",""
"9275849","2026-09-15 10:47:36","Allan Junior Dos Santos Ramos","Insucesso","Não","","Facebook Ads","Venda","Dionatan Scrok","41992028809","41992028809","dionatanscrok@hotmail.com","",""
"9275602","2026-09-15 10:28:21","Lais Narimã Ferreira Vieira","Insucesso","Não","","Facebook Ads","Financiamento","Marcelo Simões de Lima","41996412334","41996412334","flavia_asl@hotmail.com","",""
"9275471","2026-09-15 10:16:52","Thayna PRE-VENDAS","Insucesso","Não","","WhatsApp | Instagram Ads","Compra","Sirlei Pelacini","4195748348","","","",""
"9275252","2026-09-15 10:02:48","Lais Narimã Ferreira Vieira","Insucesso","Não","","Facebook Ads","Financiamento","Elias Majewski","41985235946","41985235946","eliassleite@gmail.com","",""
"9275161","2026-09-15 09:56:57","Thayna PRE-VENDAS","Insucesso","Não","","WhatsApp","Venda","Marcio Mello","4191789768","","marciomello@bbbj.com","Jeep Renegade Renegade / placa: SIB-6I41",""
"9275111","2026-09-15 09:52:00","Allan Junior Dos Santos Ramos","Recontato","Não","","WhatsApp","Compra","Andresa Pereira","41987899992","","andressa.silvap8430@gmail.com","",""
"9275093","2026-09-15 09:50:53","LIRIANE LARISSA RIBEIRO","Insucesso","Não","","Olx","Não informado","Luiz ","41999295062","","","",""
"9275008","2026-09-15 09:45:08","Allan Junior Dos Santos Ramos","Recontato","Não","","Google | WhatsApp | Site","Compra","leonardo bilobram","41997918482","","leonardobilobram@gmail.com","",""
"9274983","2026-09-15 09:43:10","Thayna PRE-VENDAS","Insucesso","Não","","Instagram","Venda","Contato Instagram","","","","",""
"9274764","2026-09-15 09:28:17","ESPAÇO BELLOS","Insucesso","Não","","WhatsApp","Não informado","Johann Cequinel Pagliano","41999059615","","","",""
"9274542","2026-09-15 09:09:26","Thayna PRE-VENDAS","Insucesso","Não","","Chaves na Mão","Venda","Luiz","41996882187","","luizfrancelinovieira@gmail.com","Honda Civic Civic / placa: RHL-1G03",""
"9274410","2026-09-15 08:54:50","ESPAÇO BELLOS","Insucesso","Não","","WhatsApp | Instagram Ads","Não informado","Ernani 🕊️","4291378130","","","",""
"9274311","2026-09-15 08:44:53","LIRIANE LARISSA RIBEIRO","Insucesso","Sim","2026-09-15 15:06:34","Olx","Não informado","Anderson/ Suellen","41999543920","","","","Chevrolet TRACKER TRACKER / placa: UBG-0I78"
"9274249","2026-09-15 08:37:48","Thayna PRE-VENDAS","Insucesso","Não","","Site","Compra","Estela ","41991429147","","","",""
"9273640","2026-09-15 06:58:12","Thayna PRE-VENDAS","Insucesso","Não","","Chaves na Mão | WhatsApp","Troca","Leandro","4192257474","","mazonleandro@gmail.com","Fiat Toro Toro / placa: TAO-1C03",""
"9272033","2026-09-15 00:59:27","Allan Junior Dos Santos Ramos","Insucesso","Não","","Facebook Ads","Venda","Joacir Borges","41991332305","41991332305","joaede@gmail.com","",""
"9271827","2026-09-15 00:14:48","Thayna PRE-VENDAS","Insucesso","Não","","Facebook Ads","Venda","Ariane Machado Domingues","41995952089","41995952089","arianemachadodomingues@gmail.com","",""
"9271603","2026-09-14 23:35:32","Allan Junior Dos Santos Ramos","Insucesso","Não","","Facebook Ads","Venda","Guilherme Silveira","41995991759","41995991759","g.s.silveira@hotmail.com","",""
"9271071","2026-09-14 22:30:41","Thayna PRE-VENDAS","Insucesso","Não","","WhatsApp | Facebook Ads","Compra","leoejosi2017","4195025297","","","",""
"9270989","2026-09-14 22:18:40","Allan Junior Dos Santos Ramos","Insucesso","Não","","Facebook Ads","Venda","Gustavo Pedroso","41998861942","41998861942","luisgustavopedroso@hotmail.com","",""
"9270955","2026-09-14 22:13:20","ESPAÇO BELLOS","Insucesso","Não","","Facebook Ads","Não informado","Sidney Paulo Ferreira","44998046226","44998046226","sidneycanario2025@gmail.com","",""
"9270947","2026-09-14 22:12:46","Allan Junior Dos Santos Ramos","Insucesso","Não","","Instagram","Troca","Bruno Félix","43999019979","","","Honda Civic Civic / placa: RHL-1G03",""
"9270884","2026-09-14 22:03:11","Thayna PRE-VENDAS","Insucesso","Não","","SóCarrão","Venda","Alex Sandro dos Santos Batista","42984357748","","luanalimast254@gmail.com","Hyundai HB20S HB20S / placa: BBF-8G16",""
"9270858","2026-09-14 21:59:04","Allan Junior Dos Santos Ramos","Insucesso","Não","","WhatsApp | Instagram Ads","Venda","Flávio","4196215538","","","Honda Civic Civic / placa: AWM-9654",""
"9270664","2026-09-14 21:33:42","Allan Junior Dos Santos Ramos","Insucesso","Não","","Facebook Ads","Venda","Fabio Castro","41985355228","41985355228","castrofabio@pop.com.br","",""
"9270477","2026-09-14 21:08:53","Thayna PRE-VENDAS","Insucesso","Não","","Facebook Ads","Compra","Sergio Hach","41991091300","41991091300","sergio.hach06@gmail.com","",""
"9270209","2026-09-14 20:38:15","Allan Junior Dos Santos Ramos","Insucesso","Não","","Facebook Ads","Venda","Alessandro Frare","46999244030","46999244030","alessandrolf2@hotmail.com","",""
"9270175","2026-09-14 20:34:42","Lais Narimã Ferreira Vieira","Insucesso","Não","","Facebook Ads","Financiamento","Carlos Abreu","41988704939","41988704939","carlosabreu886@gmail.com","",""
"9270159","2026-09-14 20:31:49","Lais Narimã Ferreira Vieira","Insucesso","Não","","Facebook Ads","Financiamento","Andreia Damas","41984598388","41984598388","deinha.damas@gmail.com","",""
"9270142","2026-09-14 20:29:45","Thayna PRE-VENDAS","Insucesso","Não","","Chaves na Mão | WhatsApp","Venda","stael luzia","3199351201","","staelluzia95@gmail.com","Volkswagen Outros Outros / placa: CZK-6A22",""
"9270060","2026-09-14 20:20:50","Thayna PRE-VENDAS","Insucesso","Não","","Facebook Ads","Compra","Gustavo Guera","42999572068","42999572068","guguerag@hotmail.com","",""
"9269990","2026-09-14 20:13:54","ESPAÇO BELLOS","Insucesso","Não","","WhatsApp | Site","Não informado","Cida Costa","4197935860","","","",""
"9269787","2026-09-14 19:53:45","Allan Junior Dos Santos Ramos","Insucesso","Não","","Facebook Ads","Venda","Rui Alberto Cardoso","54996970570","54996970570","ruicard234@hotmail.com","",""
"9269563","2026-09-14 19:30:14","ESPAÇO BELLOS","Insucesso","Não","","Instagram","Não informado","Contato Instagram","","","","",""
"9269456","2026-09-14 19:18:11","Thayna PRE-VENDAS","Insucesso","Não","","Mercado Livre | ML WhatsApp","Venda","Wellington Leal Dos Santos","11954579732","","wewmarketing13@gmail.com","Chevrolet Monza Monza / placa: CVJ-7J46",""
"9269426","2026-09-14 19:14:09","Allan Junior Dos Santos Ramos","Insucesso","Não","","Facebook Ads","Venda","Jéssyca Mendes de Roma","43996630903","","valquirialopes49@gmail.com","",""
"9269338","2026-09-14 19:04:28","Thayna PRE-VENDAS","Insucesso","Não","","Facebook Ads","Venda","Marcelo Goldenstein","41984358032","41984358032","Goldenstein.1973@gmail.com","",""
"9269172","2026-09-14 18:47:00","Allan Junior Dos Santos Ramos","Recontato","Não","","Facebook Ads","Compra","Leonardo Ferreira Almeida","41984469633","41984469633","lleonarrdo-tb@hotmail.com","",""
"9269155","2026-09-14 18:44:40","Thayna PRE-VENDAS","Insucesso","Não","","Facebook Ads","Venda","Joilson Silva","41997261651","41997261651","joilson_agriculino@hotmail.com","",""
"9268912","2026-09-14 18:18:15","Allan Junior Dos Santos Ramos","Insucesso","Não","","Facebook Ads","Venda","Vinicius Romero Burns","11976200423","11976200423","viniciusmrb@hotmail.com","",""
"9268727","2026-09-14 18:02:18","Thayna PRE-VENDAS","Insucesso","Não","","Facebook Ads","Venda","Clanderson Lopes","45988217202","45988217202","clandersonlopes@gmail.com","",""
"9268240","2026-09-14 17:29:47","Lead Sem Interesse","Insucesso","Não","","WhatsApp | Instagram Ads","Venda","Célia 🩵🤍","4188403885","","","",""
"9268114","2026-09-14 17:21:42","ESPAÇO BELLOS","Insucesso","Não","","WhatsApp","Não informado","Marcos - Atendimento Alvo","4187131686","","","",""
"9268005","2026-09-14 17:13:18","ESPAÇO BELLOS","Insucesso","Não","","Instagram","Não informado","Contato Instagram","","","","",""
"9267996","2026-09-14 17:12:30","Lais Narimã Ferreira Vieira","Insucesso","Não","","Facebook Ads","Financiamento","Clayton Leno","41996649300","41996649300","clayton.lennon@hotmail.com","",""
"9267911","2026-09-14 17:05:37","Thayna PRE-VENDAS","Insucesso","Não","","WhatsApp | Instagram Ads","Troca","Josimari Stanski","41996286519","","psicologia.josimari@gmail.com","",""
"9267901","2026-09-14 17:05:09","Recepção","Insucesso","Sim","2026-09-14 17:05:14","Carteira","Compra","Alan","41984218850","","","","VolksWagen JETTA JETTA / placa: EPQ-2B43"
"9267646","2026-09-14 16:49:38","Thayna PRE-VENDAS","Insucesso","Não","","Facebook Ads","Compra","𝑰𝑮𝑶𝑹 𝑫𝑬 𝑷𝑨𝑼𝑳𝑨","41996963174","41996963174","igor.fernando.1238@gmail.com","",""
"9267078","2026-09-14 16:12:41","Allan Junior Dos Santos Ramos","Recontato","Não","","WhatsApp | Site","Venda","Rick","4195357940","","","Renault SANDERO SANDERO / placa: BBP-8236",""
"9266832","2026-09-14 15:55:29","ESPAÇO BELLOS","Insucesso","Não","","WhatsApp | Site","Não informado","Ravi Mota","4187017213","","","",""
"9266825","2026-09-14 15:55:12","Allan Junior Dos Santos Ramos","Insucesso","Sim","2026-09-23 10:43:11","Facebook Ads","Compra","Marici Mazzei","41988622063","41988622063","maricimazze@hotmail.com","","Hyundai Creta Creta / placa: RXM-7C52"
"9266820","2026-09-14 15:54:44","Recepção","Insucesso","Sim","2026-09-14 15:54:49","Carteira","Compra","fabio","41988811098","","","","Honda HR-V HR-V / placa: BBN-5F53"
"9266753","2026-09-14 15:49:10","Allan Junior Dos Santos Ramos","Insucesso","Não","","WhatsApp | Instagram Ads","Venda","joaoclaudiomarques6","4196363231","","","Honda Civic Civic / placa: AWM-9654",""
"9266714","2026-09-14 15:47:21","Thayna PRE-VENDAS","Insucesso","Sim","2026-09-15 11:44:20","Facebook Ads","Compra","Mario Andrzejewski","41992925521","41992925521","flymland2876@gmail.com","","Nissan Sentra Sentra / placa: SES-7G71"
"9266560","2026-09-14 15:34:32","Lais Narimã Ferreira Vieira","Insucesso","Não","","Facebook Ads","Troca","Dani Renoud","41987590404","","danielle.rosa@riobrancodosul.pr.gov.br","",""
"9266511","2026-09-14 15:31:16","Thayna PRE-VENDAS","Sucesso","Sim","2026-09-15 11:11:26","Prospecção","Compra","Egon","41985212388","","","","Chevrolet OPALA OPALA / placa: AEW-6B77"
"9266298","2026-09-14 15:16:35","Allan Junior Dos Santos Ramos","Insucesso","Sim","2026-09-22 10:27:48","Prospecção","Compra","Samoel","47996060849","","","","Mercedes Sprinter Sprinter / placa: MMD-8C41"
"9266259","2026-09-14 15:14:07","Lais Narimã Ferreira Vieira","Insucesso","Não","","Facebook Ads","Financiamento","Willian","44999677393","44999677393","willian84754@gmail.com","",""
"9266222","2026-09-14 15:11:29","Thayna PRE-VENDAS","Insucesso","Não","","WhatsApp | Instagram Ads","Venda","Clóvis Chaves Gomes","4196103767","","","",""
"9266149","2026-09-14 15:07:44","Recepção","Insucesso","Sim","2026-09-14 15:08:00","Carteira","Consignação","decio","41991866707","","","","VolksWagen Nivus Nivus / placa: SFF-0J70"
"9265879","2026-09-14 14:49:41","Lais Narimã Ferreira Vieira","Insucesso","Não","","Facebook Ads","Financiamento","Matheus Ferreira","41995686290","41995686290","matheus.ferreiradasilva@hotmail.com","",""
"9265808","2026-09-14 14:46:06","Lais Narimã Ferreira Vieira","Insucesso","Não","","Facebook Ads","Financiamento","Mateus dauto","43999118482","43999118482","mateusveloso10@hotmail.com","",""
"9265487","2026-09-14 14:20:10","Thayna PRE-VENDAS","Insucesso","Não","","Google | Site","Compra","Rangel Egidio Leal e Silva","41999414598","","neg9727@yahoo.com.br","",""
"9265271","2026-09-14 14:04:33","Lais Narimã Ferreira Vieira","Insucesso","Não","","Facebook Ads","Financiamento","Jessica Fagundes","49998088040","49998088040","fagundes.jeh@yahoo.com","",""
"9265265","2026-09-14 14:03:59","Allan Junior Dos Santos Ramos","Insucesso","Sim","2026-09-15 15:16:55","WhatsApp","Compra","Michele","41998470023","","","","VolksWagen VIRTUS VIRTUS / placa: AFR-4E59"
"9265214","2026-09-14 14:00:29","Matheus Imbroinise","Insucesso","Não","","Busca Ativa","Compra","fabio","41999911774","","","",""
"9265155","2026-09-14 13:57:13","Allan Junior Dos Santos Ramos","Insucesso","Sim","2026-09-14 14:38:25","WhatsApp | Site","Venda","Herivelton","4191864561","","","Citroën C4 C4 / placa: RTG-2C87","Citroën C3 C3 / placa: SYU-9C32"
"9265133","2026-09-14 13:55:19","Thayna PRE-VENDAS","Insucesso","Não","","WhatsApp | Site","Compra","Gil","4199902270","","","",""
"9265047","2026-09-14 13:49:18","Lais Narimã Ferreira Vieira","Insucesso","Não","","Facebook Ads","Financiamento","David Vitoriano","41996365766","41996365766","largadao_david@hotmail.com","",""
"9264606","2026-09-14 13:16:05","Lais Narimã Ferreira Vieira","Insucesso","Não","","Facebook Ads","Financiamento","Giovani Weber","47992119782","47992119782","giivani.renan@gmail.com","",""
"9264511","2026-09-14 13:09:57","Ana Dal Bello","Sucesso","Sim","2026-09-14 13:10:30","Carteira","Não informado","Beatrice","41999552186","","","",""
"9263848","2026-09-14 12:20:18","Ana Dal Bello","Sucesso","Não","","Carteira","Não informado","Daivid","41998073833","","","",""
"9263841","2026-09-14 12:19:49","Allan Junior Dos Santos Ramos","Insucesso","Não","","Facebook Ads","Venda","Maciel Santos","41999473910","41999473910","maciel4132748@gmail.com","",""
"9263518","2026-09-14 11:58:15","Lais Narimã Ferreira Vieira","Insucesso","Não","","Facebook Ads","Financiamento","Soemir  Vargas","49998137307","49998137307","jorge.henriquew@icloud.com","",""
"9263258","2026-09-14 11:40:44","Allan Junior Dos Santos Ramos","Insucesso","Não","","Chaves na Mão","Venda","Silvaneide","21980391201","","jcsvssv@gmail.com","HONDA CG CG / placa: TJM-5D46",""
"9263141","2026-09-14 11:32:41","Allan Junior Dos Santos Ramos","Insucesso","Não","","WhatsApp | Instagram Ads","Compra","Cleonice","4198159815","","","",""
"9262744","2026-09-14 11:09:48","Allan Junior Dos Santos Ramos","Visita","Sim","2026-09-23 15:41:09","WhatsApp | Site","Compra","Nina","4198161349","","","","Nissan LIVINA LIVINA / placa: AWY-0H39"
"9262695","2026-09-14 11:06:00","ESPAÇO BELLOS","Insucesso","Não","","Instagram","Não informado","Silvan Dal Bello","","","silvan.belloscar@instagram.com","",""
"9262631","2026-09-14 11:01:15","Thayna PRE-VENDAS","Insucesso","Não","","WhatsApp","Venda","Andramara","4198358296","","","",""
"9262390","2026-09-14 10:45:32","Allan Junior Dos Santos Ramos","Insucesso","Não","","WhatsApp","Venda","Gabriel","4299915234","","","",""
"9261999","2026-09-14 10:18:40","Lais Narimã Ferreira Vieira","Insucesso","Não","","Facebook Ads","Não informado","Camila","14999089794","14999089794","kmilafernandes1408@hotmail.com","",""
"9261989","2026-09-14 10:17:56","Allan Junior Dos Santos Ramos","Recontato","Não","","Google | Site","Compra","Andrew Gonçalves","41999349883","","andrewhenriquegoncalves@hotmail.com","",""
"9261967","2026-09-14 10:16:18","Allan Junior Dos Santos Ramos","Insucesso","Não","","WhatsApp","Venda","Cris","4192570743","","","Jeep COMPASS COMPASS / placa: BCP-7H40",""
"9261961","2026-09-14 10:15:55","Thayna PRE-VENDAS","Insucesso","Não","","Facebook Ads","Venda","Rogério Farias Collares","41995071318","41995071318","rogerfc79@hotmail.com","",""
"9261874","2026-09-14 10:10:03","Thayna PRE-VENDAS","Insucesso","Não","","WhatsApp","Venda","Giovani","41999325848","","","",""
"9261494","2026-09-14 09:44:30","Thayna PRE-VENDAS","Insucesso","Sim","2026-09-14 10:40:48","WhatsApp | Site","Compra","Paulo","41992230029","","","","Peugeot 208 208 / placa: RHS-6D87"
"9261484","2026-09-14 09:44:09","ESPAÇO BELLOS","Insucesso","Não","","Instagram","Não informado","Contato Instagram","","","","",""
"9261443","2026-09-14 09:41:42","Maria Cristine Ripka","Insucesso","Sim","2026-09-14 09:41:42","Loja","Não informado","ANA PAULA SANTOS DAL BELLO","","","","","VolksWagen Fox Fox / placa: MLS-4D74"
"9261307","2026-09-14 09:31:46","ESPAÇO BELLOS","Insucesso","Não","","Instagram","Não informado","Contato Instagram","","","","",""
"9260950","2026-09-14 09:04:15","Allan Junior Dos Santos Ramos","Insucesso","Não","","SóCarrão","Venda","Kauan Alisson Maia da Silva","41998075579","","kauan.alisson17@gmail.com","Hyundai HB20S HB20S / placa: BBF-8G16",""
"9260778","2026-09-14 08:50:50","Allan Junior Dos Santos Ramos","Insucesso","Sim","2026-09-14 09:30:33","Prospecção","Compra","Leandro","41988788098","","","",""
"9260746","2026-09-14 08:47:07","Allan Junior Dos Santos Ramos","Insucesso","Não","","WhatsApp","Venda","Vanderlei Carvalho","4191514140","","","",""
"9260596","2026-09-14 08:31:27","Allan Junior Dos Santos Ramos","Insucesso","Não","","Olx","Venda","michel alexandre tavares","41992233073","","micheltavares126@gmail.com","BMW X1 X1 / placa: ABM-9C33",""
"9260237","2026-09-14 07:40:12","Thayna PRE-VENDAS","Insucesso","Não","","WhatsApp | Instagram Ads","Venda","DAVI PINZI","4192759292","","","",""
"9260186","2026-09-14 07:26:15","Thayna PRE-VENDAS","Insucesso","Não","","Facebook Ads","Venda","Adriano Dalle Laste","47992859263","47992859263","adrianodallelaste021@gmail.com","",""
"9260059","2026-09-14 06:47:16","Thayna PRE-VENDAS","Insucesso","Não","","WhatsApp | Facebook Ads","Compra","Pedro Kreling","4184364352","","","",""
"9259428","2026-09-14 06:24:41","Lais Narimã Ferreira Vieira","Insucesso","Não","","Facebook Ads","Financiamento","Silvana Silva","41998691998","41998691998","Silvana.advocacia@hotmail.com","",""
"9258694","2026-09-14 00:35:08","Thayna PRE-VENDAS","Insucesso","Não","","Olx","Venda","Matheus","41998743867","","matheusolx7@outlook.com","Ford Outros Outros / placa: AHR-2G63",""
"9258479","2026-09-14 00:03:59","ESPAÇO BELLOS","Insucesso","Não","","Facebook Ads","Venda","Raphaela Gusso","41988514364","41988514364","raphaellagusso@hotmail.com","",""
"9258403","2026-09-13 23:49:49","ESPAÇO BELLOS","Insucesso","Não","","WhatsApp | Site","Não informado","Pr","4187220446","","","",""
"9258364","2026-09-13 23:37:25","Thayna PRE-VENDAS","Insucesso","Não","","Google | Site","Compra","João Soares","41999781600","","joaoantoniosoaresjunior@gmail.com","",""
"9258292","2026-09-13 23:23:35","Allan Junior Dos Santos Ramos","Insucesso","Não","","SóCarrão","Troca","Adenilson Araújo","47991649767","","ademineiro84@gmail.com","VolksWagen Polo Polo / placa: SEZ-5I39",""
"9258241","2026-09-13 23:18:30","Thayna PRE-VENDAS","Insucesso","Sim","2026-09-15 10:18:10","Google | Site","Compra","Douglas","41996225085","","douglastiagonardi@yahoo.com.br","","Chevrolet CRUZE CRUZE / placa: MLA-4B78"
"9258151","2026-09-13 23:11:37","Allan Junior Dos Santos Ramos","Recontato","Não","","Google | Site","Financiamento","SORANE CRISTINA DOS SANTOS INACIO","47999918487","","","",""
"9258070","2026-09-13 23:05:00","Thayna PRE-VENDAS","Insucesso","Não","","WhatsApp | Site","Venda","marcos","41996719841","","","Jaguar E-Pace E-Pace / placa: QRS-0A01",""
"9258020","2026-09-13 22:55:42","Allan Junior Dos Santos Ramos","Insucesso","Não","","Olx","Venda","Sandro Duarte","41988935315","","sandroduarte1979@gmail.com","Honda Civic Civic / placa: RHL-1G03",""
"9257815","2026-09-13 22:18:05","Lais Narimã Ferreira Vieira","Insucesso","Não","","Facebook Ads","Financiamento","Juliana Ricardo","41998491738","41998491738","Juh-ricardo@hotmail.com","",""
"9257645","2026-09-13 21:46:31","Lais Narimã Ferreira Vieira","Insucesso","Não","","Facebook Ads","Financiamento","Everson Baptista","42984066786","42984066786","everson.ejb@gmail.com","",""
"9257613","2026-09-13 21:42:23","Thayna PRE-VENDAS","Insucesso","Não","","Facebook Ads","Venda","Rodney marcelo da Silva","41999795333","41999795333","rodney.marcelo86@gmail.com","",""
"9257590","2026-09-13 21:39:25","ESPAÇO BELLOS","Insucesso","Não","","WhatsApp | Site","Venda","Daniel","11940697236","","","",""
"9257389","2026-09-13 21:07:02","Thayna PRE-VENDAS","Insucesso","Não","","WhatsApp | Site","Venda","Manuella","4195156822","","","",""
"9257299","2026-09-13 20:56:13","Allan Junior Dos Santos Ramos","Insucesso","Não","","WhatsApp | Site","Venda","Gentil","4199945633","","","Honda Civic Civic / placa: AWM-9654",""
"9257153","2026-09-13 20:38:33","Allan Junior Dos Santos Ramos","Insucesso","Não","","Facebook Ads","Venda","Marina Macario","41985086500","41985086500","macario_marina@hotmail.com","",""
"9256844","2026-09-13 19:53:43","Thayna PRE-VENDAS","Insucesso","Não","","Olx","Venda","Ricardo","46991096165","","ricardoraibagattini@gmail.com","Honda Civic Civic / placa: RHL-1G03",""
"9256661","2026-09-13 19:27:31","Thayna PRE-VENDAS","Insucesso","Não","","Olx","Venda","Joel","41992540492","","jjeeff_.jj@hotmail.com","Honda Civic Civic / placa: AWM-9654",""
"9256597","2026-09-13 19:17:55","Lais Narimã Ferreira Vieira","Insucesso","Não","","Facebook Ads","Financiamento","Vanderlei Padoan","41996940600","","vanderleipadoan@hotmail.com","",""
"9256515","2026-09-13 19:06:04","Lais Narimã Ferreira Vieira","Insucesso","Não","","Facebook Ads","Financiamento","Luis Leal","41996409158","41996409158","villamotosmorretes@gmail.com","",""
"9256464","2026-09-13 19:00:46","Thayna PRE-VENDAS","Insucesso","Não","","WhatsApp","Troca","Aleksander","4299434567","","","",""
"9256443","2026-09-13 18:58:20","Allan Junior Dos Santos Ramos","Insucesso","Não","","SóCarrão","Venda","Mayk","41996567566","","mayconrochamarinheiro@gmail.com","Ford F-1000 F-1000 / placa: IHK-1I94",""
"9256368","2026-09-13 18:47:48","Thayna PRE-VENDAS","Insucesso","Não","","Olx","Venda","HELDER SOCCOL JUNIOR","46991176002","","heldersoccoljr@gmail.com","Volvo XC XC / placa: BCW-9E00",""
"9256071","2026-09-13 18:10:11","ESPAÇO BELLOS","Insucesso","Não","","Instagram","Não informado","Contato Instagram","","","","",""
"9256066","2026-09-13 18:09:37","Lais Narimã Ferreira Vieira","Insucesso","Não","","Facebook Ads","Financiamento","Maikon szczekliki","41995305264","41995305264","maikonszczekliki140490@gmail.com","",""
"9256040","2026-09-13 18:04:39","Allan Junior Dos Santos Ramos","Insucesso","Não","","Google | Site","Venda","EDER JUNIOR DOS SANTOS","41987890977","","","",""
"9255945","2026-09-13 17:51:12","Thayna PRE-VENDAS","Insucesso","Não","","Facebook Ads","Venda","Pedro Rosa","41984407217","41984407217","pd.paraiso@gmail.com","",""
"9255894","2026-09-13 17:43:13","Allan Junior Dos Santos Ramos","Insucesso","Não","","WhatsApp | Site","Venda","mara","4184245255","","","Hyundai HB20 HB20 / placa: BEU-5B11",""
"9255826","2026-09-13 17:30:15","Allan Junior Dos Santos Ramos","Recontato","Não","","Chaves na Mão","Venda","Ivan","41998684952","","firminoivan846@gmail.com","Renault OROCH OROCH / placa: SEA-3D65",""
"9255802","2026-09-13 17:26:52","Lead Sem Interesse","Insucesso","Não","","WhatsApp | Site","Venda","Salete Schon Santos","4195210260","","","",""
"9255801","2026-09-13 17:26:51","Allan Junior Dos Santos Ramos","Insucesso","Não","","Olx","Venda","Fernando Coelho","44999300970","","fernando_coelhoo@hotmail.com","Hyundai HB20 HB20 / placa: BEU-5B11",""
"9255799","2026-09-13 17:26:39","Thayna PRE-VENDAS","Insucesso","Não","","Olx","Venda","Carlos Renato Borges Teixeira","53992416713","","carlos@josapar.com.br","Jeep COMPASS COMPASS / placa: SEY-7F96",""
"9255725","2026-09-13 17:17:15","Lais Narimã Ferreira Vieira","Insucesso","Não","","Facebook Ads","Financiamento","Richardson Oliveira Toledo","41991092483","41991092483","rtoledo171@gmail.com","",""
"9255704","2026-09-13 17:14:11","Allan Junior Dos Santos Ramos","Insucesso","Sim","2026-09-15 18:00:37","WhatsApp | Facebook Ads","Compra","Lucas","4195149007","","","","Renault Megane Megane / placa: AVH-5H75"
"9255634","2026-09-13 17:06:38","Lais Narimã Ferreira Vieira","Insucesso","Não","","Facebook Ads","Financiamento","Pedro Henrique Malaquias","41984448760","41984448760","pedromalaquias25@gmail.com","",""
"9255619","2026-09-13 17:04:28","Thayna PRE-VENDAS","Insucesso","Não","","SóCarrão","Venda","Francisco znd","41996829430","","fcoznd@gmail.com","Jeep Renegade Renegade / placa: SIB-6I41",""
"9255609","2026-09-13 17:03:08","Allan Junior Dos Santos Ramos","Recontato","Não","","WhatsApp | Instagram Ads","Compra","Wandeson Nery","4188699158","","","",""
"9255571","2026-09-13 16:56:57","Lais Narimã Ferreira Vieira","Insucesso","Não","","Facebook Ads","Financiamento","Saymon Moura","41988079322","41988079322","saymon.moura@hotmail.com","",""
"9255494","2026-09-13 16:45:14","Thayna PRE-VENDAS","Insucesso","Não","","WhatsApp","Compra","thomas_","4199712994","","","",""
"9255273","2026-09-13 16:12:25","Thayna PRE-VENDAS","Insucesso","Não","","WhatsApp | Instagram Ads","Venda","Kellys Alves","4691135503","","","",""
"9255202","2026-09-13 16:02:33","Allan Junior Dos Santos Ramos","Insucesso","Não","","WhatsApp | Site","Venda","Ana Carla","4199989301","","","BMW X1 X1 / placa: ABM-9C33",""
"9255025","2026-09-13 15:37:53","Thayna PRE-VENDAS","Recontato","Não","","Site","Venda","Sergio.","41996232381","","sergioaza@gmail.com","Jeep Wrangler Wrangler / placa: AQQ-8388",""
"9254726","2026-09-13 15:02:13","Allan Junior Dos Santos Ramos","Insucesso","Não","","Facebook Ads","Venda","Sillvio Souza","41998647472","41998647472","sivanildodias87@gmail.com","",""
"9254540","2026-09-13 14:33:52","Allan Junior Dos Santos Ramos","Insucesso","Sim","2026-09-19 12:20:45","WhatsApp | Site","Troca","Eraldo","41984016464","","","Ford EcoSport EcoSport / placa: BDC-5H67","Chevrolet TRACKER TRACKER / placa: BBS-7A47"
"9254441","2026-09-13 14:21:12","Lais Narimã Ferreira Vieira","Insucesso","Não","","Facebook Ads","Financiamento","Hayla Camila de Oliveira","46999277340","46999277340","ohayla56@gmail.com","",""
"9254435","2026-09-13 14:20:33","Thayna PRE-VENDAS","Insucesso","Não","","WhatsApp","Compra","Luiza E Luís👩‍❤️‍👨","4188200329","","","",""
"9254389","2026-09-13 14:14:23","Allan Junior Dos Santos Ramos","Insucesso","Não","","WhatsApp | Site","Venda","Celso Luiz Baptista","4799866741","","","Jeep COMPASS COMPASS / placa: BCP-7H40",""
"9254287","2026-09-13 13:58:47","Allan Junior Dos Santos Ramos","Insucesso","Não","","Chaves na Mão","Venda","Maike","41987940210","","butzkemaike@gmail.com","Citroën C3 C3 / placa: MLZ-0F63",""
"9253623","2026-09-13 12:29:06","Thayna PRE-VENDAS","Insucesso","Não","","Facebook Ads","Venda","Magdiel Lisboa","41987983546","41987983546","maglisboa4592@gmail.com","",""
"9253514","2026-09-13 12:11:10","Lais Narimã Ferreira Vieira","Insucesso","Não","","Facebook Ads","Financiamento","Cleverson Horst","41997612803","41997612803","horstcleverson@gmail.com","",""
"9253369","2026-09-13 11:53:33","Lais Narimã Ferreira Vieira","Insucesso","Não","","Facebook Ads","Financiamento","Jovenilson","41992595225","41992595225","jovenilsongravelo00@gmail.com","",""
"9253275","2026-09-13 11:40:49","Thayna PRE-VENDAS","Insucesso","Não","","WhatsApp","Venda","🤠","4195266189","","","",""
"9253242","2026-09-13 11:36:46","Allan Junior Dos Santos Ramos","Insucesso","Não","","Chaves na Mão","Venda","Joao","41995810328","","joaojuniorpazolinij@gmail.com","Renault OROCH OROCH / placa: SEA-3D65",""
"9252597","2026-09-13 09:50:23","Thayna PRE-VENDAS","Insucesso","Não","","Facebook Ads","Venda","Alyne Azevedo","41996935726","41996935726","alyne_karol@hotmail.com","",""
"9252357","2026-09-13 09:01:44","Allan Junior Dos Santos Ramos","Recontato","Não","","SóCarrão","Venda","Anderson","41996758548","","paranafrutas79@gmail.com","Jeep Renegade Renegade / placa: SIB-6I41",""
"9252247","2026-09-13 08:36:57","Thayna PRE-VENDAS","Insucesso","Não","","Facebook Ads","Venda","Tiago Oliveira","42999352491","42999352491","tiagoliveiraa@hotmail.com","",""
"9251942","2026-09-13 06:47:45","Thayna PRE-VENDAS","Insucesso","Não","","SóCarrão","Venda","Bruno Batista","41998116696","","6swp9nc5rw@privaterelay.appleid.com","Hyundai ix35 ix35 / placa: AYR-4E62",""
"9251092","2026-09-13 05:18:17","Allan Junior Dos Santos Ramos","Recontato","Não","","WhatsApp | Facebook Ads","Compra","crcpinturas83","4184247525","","","",""
"9251059","2026-09-13 03:55:12","Allan Junior Dos Santos Ramos","Insucesso","Não","","SóCarrão","Venda","Helton Soares Bednarski","41999014858","","heltonbednarski@gmail.com","Jeep COMPASS COMPASS / placa: BCP-7H40",""
"9250545","2026-09-13 00:39:24","Thayna PRE-VENDAS","Insucesso","Não","","Chaves na Mão | WhatsApp","Venda","Singer","4195003479","","matheus.singer@eaportal.org","BMW X1 X1 / placa: ABM-9C33",""
"9250514","2026-09-13 00:27:42","Thayna PRE-VENDAS","Insucesso","Não","","Mercado Livre | ML WhatsApp","Venda","Luiz  Carlos tavares","41984591290","","luiz08tavares@gmail.com","HONDA CG CG / placa: TJM-5D46",""
"9250500","2026-09-13 00:24:05","Thayna PRE-VENDAS","Recontato","Não","","Mercado Livre | WhatsApp","Venda","Luiz","4195359568","","","",""
"9250357","2026-09-13 00:09:51","ESPAÇO BELLOS","Insucesso","Não","","WhatsApp | Site","Não informado","Irene Manoel","4391420940","","","",""
"9250289","2026-09-12 23:52:26","Thayna PRE-VENDAS","Insucesso","Não","","Mercado Livre | WhatsApp","Venda","Ederson","4688201057","","","",""
"9250235","2026-09-12 23:37:45","ESPAÇO BELLOS","Insucesso","Não","","WhatsApp | Site","Não informado","Eugênia","4187911147","","","",""
"9250008","2026-09-12 23:11:31","ESPAÇO BELLOS","Insucesso","Não","","WhatsApp","Não informado","Anna Paula","4199186181","","","",""
"9249884","2026-09-12 22:38:25","Allan Junior Dos Santos Ramos","Insucesso","Não","","WhatsApp | Instagram Ads","Venda",".","4195805350","","","Peugeot 2008 2008 / placa: TTR-7C81",""
"9249864","2026-09-12 22:34:59","Allan Junior Dos Santos Ramos","Recontato","Não","","SóCarrão","Venda","fernando","41991131714","","fernandobicas@gmail.com","Citroën C4 C4 / placa: RTG-2C87",""
"9249804","2026-09-12 22:20:12","Lais Narimã Ferreira Vieira","Insucesso","Não","","Google | Site","Financiamento","Filipe Franco Monteiro","41992729631","","","",""
"9249704","2026-09-12 21:53:34","Allan Junior Dos Santos Ramos","Insucesso","Não","","WhatsApp | Site","Venda","Samantha👻💖","4199048100","","","",""
"9249581","2026-09-12 21:26:48","Allan Junior Dos Santos Ramos","Insucesso","Não","","Facebook Ads","Venda","Marcos Antonio da Motta","41984221365","41984221365","marcosmania_23@hotmail.com","",""
"9249242","2026-09-12 20:24:35","Thayna PRE-VENDAS","Insucesso","Não","","WhatsApp | Instagram Ads","Venda","😀","4196984501","","","",""
"9248955","2026-09-12 19:40:48","Allan Junior Dos Santos Ramos","Insucesso","Não","","WhatsApp","Venda","Ketty Kojatek","4299941307","","","",""
"9248923","2026-09-12 19:35:09","Lais Narimã Ferreira Vieira","Insucesso","Não","","Facebook Ads","Financiamento","Gustavo de Souza","41995270558","41995270558","gustavo_souza86@hotmail.com","",""
"9248870","2026-09-12 19:26:27","Allan Junior Dos Santos Ramos","Recontato","Não","","Facebook Ads","Compra","Luciane Pires","41999339992","41999339992","lucy_lps@hotmail.com","",""
"9248739","2026-09-12 19:04:22","ESPAÇO BELLOS","Insucesso","Não","","WhatsApp | Site","Não informado","Glauber Emidio","4188735391","","","",""
"9248707","2026-09-12 18:58:37","ESPAÇO BELLOS","Insucesso","Não","","Instagram","Não informado","Silvan Dal Bello","","","silvan.belloscar@instagram.com","",""
"9248626","2026-09-12 18:46:24","Thayna PRE-VENDAS","Insucesso","Não","","Facebook Ads","Venda","Ana Paula da maia Fuchs","47933810871","47933810871","anapaulafuchs1990@gmail.com","",""
"9248494","2026-09-12 18:23:30","Allan Junior Dos Santos Ramos","Insucesso","Não","","Facebook Ads","Venda","Lucas Moro Pinheiro","41984966686","41984966686","lucas.moro.mp@hotmail.com","",""
"9248094","2026-09-12 17:24:17","Thayna PRE-VENDAS","Insucesso","Não","","WhatsApp | Instagram Ads","Venda","Ademir","4185170710","","","",""
"9248061","2026-09-12 17:20:12","Thayna PRE-VENDAS","Insucesso","Não","","Facebook Ads","Venda","Patrick Augusto","41995927949","41995927949","anthonypatrick9696@gmail.com","",""
"9247999","2026-09-12 17:13:17","Ana Dal Bello","Insucesso","Sim","2026-09-12 17:13:17","Loja","Não informado","Ana bello","41998472084","","","","Mercedes Classe Classe / placa: ADH-4A55"
"9247788","2026-09-12 16:48:50","ESPAÇO BELLOS","Insucesso","Não","","WhatsApp | Instagram Ads","Não informado","João Eloir","4299412151","","","",""
"9247728","2026-09-12 16:40:40","Allan Junior Dos Santos Ramos","Insucesso","Não","","Facebook Ads","Venda","Nice Hellene Zimerman","41991996863","41991996863","nicehellene@hotmail.com","",""
"9247549","2026-09-12 16:19:36","Allan Junior Dos Santos Ramos","Insucesso","Não","","WhatsApp","Venda","Helo","4799130419","","","Volvo XC XC / placa: BCW-9E00",""
"9247517","2026-09-12 16:13:09","Thayna PRE-VENDAS","Insucesso","Não","","Facebook Ads","Venda","valdair achlickmann","49999327667","49999327667","graoparavendas@gmail.com","",""
"9247387","2026-09-12 15:56:55","Thayna PRE-VENDAS","Insucesso","Não","","WhatsApp | Site","Venda","najara Silva","4189049840","","","",""
"9247285","2026-09-12 15:44:22","Thayna PRE-VENDAS","Insucesso","Não","","WhatsApp | Instagram Ads","Venda","Odair Salles","4191070768","","","",""
"9247279","2026-09-12 15:42:59","Thayna PRE-VENDAS","Insucesso","Não","","Mercado Livre | ML WhatsApp","Venda","Diego Arcega","41996314334","","diegoarcega@yahoo.com.br","Ford F-1000 F-1000 / placa: IHK-1I94",""
"9247173","2026-09-12 15:29:31","ESPAÇO BELLOS","Insucesso","Não","","Olx","Não informado","ANDRESSA","41997560308","","vendas@belloscar.com.br","Volvo XC XC / placa: BCW-9E00",""
"9247139","2026-09-12 15:25:35","Thayna PRE-VENDAS","Insucesso","Sim","2026-09-12 16:18:11","Site","Venda","Mayara","47999668333","","","Volvo XC XC / placa: BCW-9E00","BMW X1 X1 / placa: RAG-3H33"
"9246971","2026-09-12 15:06:24","Thayna PRE-VENDAS","Insucesso","Sim","2026-09-14 12:44:34","Google | Site","Compra","MATHEUS","21980738148","","MATHEUSMOURA.LP@GMAIL.COM","","Renault CAPTUR CAPTUR / placa: BCC-7G39"
"9246933","2026-09-12 15:00:10","Thayna PRE-VENDAS","Insucesso","Não","","WhatsApp | Instagram Ads","Venda","Josemar Correa","4196611659","","","",""
"9246562","2026-09-12 14:16:15","ESPAÇO BELLOS","Insucesso","Não","","WhatsApp","Não informado","sonha","4192384255","","","",""
"9246340","2026-09-12 13:54:07","Thayna PRE-VENDAS","Insucesso","Não","","WhatsApp","Venda","Gilson Mendes","4192747180","","","",""
"9246159","2026-09-12 13:35:50","Thayna PRE-VENDAS","Insucesso","Não","","WhatsApp","Venda","Beatriz","4195143144","","","",""
"9246024","2026-09-12 13:23:54","ESPAÇO BELLOS","Insucesso","Não","","WhatsApp","Não informado","Buy Motors","21973397718","","","",""
"9245961","2026-09-12 13:17:08","Thayna PRE-VENDAS","Insucesso","Sim","2026-09-12 13:51:58","Chaves na Mão | WhatsApp","Venda","Thales","3199614010","","mesquita@yahoo.com.bt","Volvo XC XC / placa: BCW-9E00",""
"9245876","2026-09-12 13:07:51","Lais Narimã Ferreira Vieira","Insucesso","Não","","Facebook Ads","Financiamento","Roseli Zanelato Tencati","44991789136","44991789136","roseli.antoniozt@gmail.com","",""
"9245814","2026-09-12 13:02:43","LIRIANE LARISSA RIBEIRO","Insucesso","Sim","2026-09-12 13:23:28","Olx","Compra","Bernardo ","41999249654","","","","VolksWagen Polo Polo / placa: TAK-3H72"
"9245749","2026-09-12 12:58:18","Thayna PRE-VENDAS","Insucesso","Não","","WhatsApp","Venda","Leo","4999839218","","","",""
"9245657","2026-09-12 12:51:14","Thayna PRE-VENDAS","Insucesso","Não","","Facebook Ads","Venda","Alexis Bauer de Lima","42998707334","42998707334","alexisbauer@outlook.com","",""
"9245515","2026-09-12 12:38:31","Recepção","Insucesso","Sim","2026-09-14 12:36:20","Carteira","Troca","CLAUDIO","41995496691","","","",""
"9245445","2026-09-12 12:31:38","ESPAÇO BELLOS","Insucesso","Não","","WhatsApp","Não informado","johnypetervidalneto","4187968943","","","",""
"9245367","2026-09-12 12:24:53","Lais Narimã Ferreira Vieira","Insucesso","Não","","Facebook Ads","Financiamento","Ronaldo Sa","44997621688","44997621688","ronaldosalippi@gmail.com","",""
"9245259","2026-09-12 12:16:08","Lais Narimã Ferreira Vieira","Insucesso","Não","","Facebook Ads","Financiamento","Saulo Junior","41998658295","41998658295","gameplaysblack565@gmail.com","",""
"9244848","2026-09-12 11:42:05","Thayna PRE-VENDAS","Insucesso","Não","","Facebook Ads","Venda","Esteverson Pereira","81998480700","81998480700","esteversonp@gmail.com","",""
"9244811","2026-09-12 11:39:19","Thayna PRE-VENDAS","Insucesso","Não","","WhatsApp","Não informado","Fábio Santos","4196939087","","","",""
"9244749","2026-09-12 11:34:32","Recepção","Insucesso","Sim","2026-09-12 11:34:39","Passante","Venda","ELISER","41998120082","","","","Honda WR-V WR-V / placa: BEN-9C93"
"9244696","2026-09-12 11:29:25","Recepção","Insucesso","Sim","2026-09-12 11:29:29","Passante","Venda","archio","41985259392","","","",""
"9244681","2026-09-12 11:27:48","Lais Narimã Ferreira Vieira","Insucesso","Não","","Facebook Ads","Financiamento","Talita Ribeiro","41995500814","41995500814","talitars10@hotmail.com","",""
"9244232","2026-09-12 10:54:19","Recepção","Insucesso","Sim","2026-09-12 10:54:24","Carteira","Consignação","GUILHERME","41991136754","","","","Renault DUSTER DUSTER / placa: RTU-2I13"
"9244176","2026-09-12 10:48:46","Thayna PRE-VENDAS","Recontato","Não","","Facebook Ads","Venda","Luciano Wengrzinski","41998818594","41998818594","luciano@wenskybeer.com.br","",""
"9243934","2026-09-12 10:31:59","Thayna PRE-VENDAS","Insucesso","Não","","Facebook Ads","Venda","Katia Brito","41991936084","41991936084","katiabrito_8@hotmail.com","",""
"9243910","2026-09-12 10:30:12","Thayna PRE-VENDAS","Insucesso","Não","","Olx","Venda","fernandocmap","42991219660","","fernandocmap@gmail.com","Peugeot 2008 2008 / placa: CUG-4J16",""
"9243905","2026-09-12 10:29:33","Thayna PRE-VENDAS","Insucesso","Não","","WhatsApp | Instagram Ads","Compra","Brayan","4191780961","","","",""
"9243820","2026-09-12 10:22:16","Lais Narimã Ferreira Vieira","Insucesso","Não","","Facebook Ads","Financiamento","Tiago Souza","41987913658","","tiagosouzavip@gmail.com","",""
"9243744","2026-09-12 10:16:05","Thayna PRE-VENDAS","Insucesso","Não","","Olx","Venda","LAYKSON LUCAS RODRIGUES COSTA","98985601665","","laykson.costa@gmail.com","Renault OROCH OROCH / placa: SEA-3D65",""
"9243736","2026-09-12 10:15:12","LIRIANE LARISSA RIBEIRO","Insucesso","Sim","2026-09-12 13:54:22","Olx","Consignação"," Wellington","41995159661","","","","Peugeot 208 208 / placa: QBG-4E42"
"9243707","2026-09-12 10:13:22","Thayna PRE-VENDAS","Insucesso","Não","","SóCarrão","Venda","VALDECIR ANTONIO PIRAN","46988051549","","valdecirpiran07@gmail.com","VolksWagen Polo Polo / placa: AXU-8A22",""
"9243541","2026-09-12 10:01:04","Recepção","Sucesso","Sim","2026-09-12 10:01:14","Carteira","Consignação","EDIO","41988770778","","","","Fiat ARGO ARGO / placa: BEH-2J71"
"9243503","2026-09-12 09:57:57","Recepção","Insucesso","Sim","2026-09-12 09:58:01","Carteira","Consignação","TALITA","41997350440","","","","VolksWagen T-Cross T-Cross / placa: TAM-6A11"
"9243308","2026-09-12 09:41:44","ESPAÇO BELLOS","Insucesso","Não","","Instagram","Não informado","Pippe Music","","","pippemusic@instagram.com","",""
"9243225","2026-09-12 09:35:45","LIRIANE LARISSA RIBEIRO","Insucesso","Sim","2026-09-12 14:12:28","Olx","Consignação","Luciano","41987981774","","","","Chevrolet TRACKER TRACKER / placa: RUI-7H52"
"9243128","2026-09-12 09:27:04","Thayna PRE-VENDAS","Insucesso","Não","","WhatsApp | Facebook Ads","Venda","Cafune Policar","4398008332","","","",""
"9242772","2026-09-12 08:58:19","Recepção","Sucesso","Não","","OLX Vendedores","Venda","Ariel","41998183749","","","VolksWagen Polo Polo / placa: BBR-5J31",""
"9242771","2026-09-12 08:58:13","Thayna PRE-VENDAS","Insucesso","Não","","Facebook Ads","Compra","Tainara Moraes","41992819478","41992819478","tainaraoliva91@gmail.com","",""
"9242755","2026-09-12 08:56:55","Thayna PRE-VENDAS","Insucesso","Não","","Facebook Ads","Venda","Rafael Andretti","41997374155","41997374155","espiral.maltes_8m@icloud.com","",""
"9242744","2026-09-12 08:55:23","Andressa K B Kreia","Sucesso","Sim","2026-09-12 15:08:12","Carteira","Consignação","RICARDO PANINI","41988284505","","","","Ford Fiesta Fiesta / placa: AYG-8122"
"9242718","2026-09-12 08:52:47","LIRIANE LARISSA RIBEIRO","Insucesso","Não","","Olx","Compra","Tiago Vieira","41984189315","","","",""
"9242560","2026-09-12 08:32:17","Lais Narimã Ferreira Vieira","Insucesso","Não","","Facebook Ads","Financiamento","Edinaldo Santos","41997022765","41997022765","santos1820.ferreira@gmail.com","",""
"9242535","2026-09-12 08:29:09","Thayna PRE-VENDAS","Insucesso","Não","","Usadosbr","Venda","Elcio José Zanotto","66996261198","","pstyanotto@gmail.com","Renault OROCH OROCH / placa: SEA-3D65",""
"9241197","2026-09-12 05:32:51","ESPAÇO BELLOS","Insucesso","Não","","Instagram","Não informado","Luiz","12988988291","","","",""
"9241025","2026-09-12 03:24:57","Thayna PRE-VENDAS","Recontato","Não","","Olx","Venda","Andre R.","41996987975","","andre.gpi@hotmail.com","Renault Kardian Kardian / placa: TAS-6B09",""
"9240492","2026-09-12 00:48:25","Thayna PRE-VENDAS","Insucesso","Não","","WhatsApp | Site","Venda","Carmela Orlandi","4187045949","","","",""
"9240280","2026-09-12 00:18:18","Thayna PRE-VENDAS","Insucesso","Não","","WhatsApp | Instagram Ads","Venda","Luiz Gustavo","41999845399","","","",""
"9240199","2026-09-11 23:57:04","Thayna PRE-VENDAS","Insucesso","Não","","Facebook Ads","Não informado","Maria Isabel","41988040294","41988040294","mcachimarquepinto@gmail.com","",""
"9240147","2026-09-11 23:44:08","Thayna PRE-VENDAS","Insucesso","Sim","2026-09-12 11:14:49","Olx | WhatsApp","Venda","Kaue Alberti","41988294748","","kestevinho@gmail.com","VolksWagen Polo Polo / placa: BBR-5J31",""
"9239856","2026-09-11 23:18:25","Thayna PRE-VENDAS","Insucesso","Não","","Olx","Venda","Jorge Luis blein","41984277423","","jorgeblein@gmail.com","Honda Civic Civic / placa: RHL-1G03",""
"9239483","2026-09-11 22:14:21","Thayna PRE-VENDAS","Insucesso","Não","","WhatsApp | Instagram Ads","Venda","Sidney Sales","4599049174","","","",""
"9239459","2026-09-11 22:09:58","Thayna PRE-VENDAS","Insucesso","Não","","Facebook Ads","Venda","Miller Santos","41995788704","41995788704","miller.santos81@hotmail.com","",""
"9239451","2026-09-11 22:07:31","Thayna PRE-VENDAS","Insucesso","Não","","Facebook Ads","Venda","Leno Tomass","41991788023","41991788023","leno.tomass@yahoo.com.br","",""
"9239437","2026-09-11 22:04:41","Thayna PRE-VENDAS","Insucesso","Não","","WhatsApp | Site","Venda","Lucilha Bonetti Rigo","4599893561","","","",""
"9239355","2026-09-11 21:50:07","Thayna PRE-VENDAS","Insucesso","Não","","Facebook Ads","Compra","Bruno Ardisson","41996847757","41996847757","brunoardisson9@gmail.com","",""
"9239176","2026-09-11 21:19:22","Thayna PRE-VENDAS","Insucesso","Não","","WhatsApp | Instagram Ads","Não informado","Rubens Cardoso De Godoy","4195757599","","","",""
"9239140","2026-09-11 21:15:07","Thayna PRE-VENDAS","Insucesso","Não","","Chaves na Mão","Venda","Raquel","41995329417","","Rs668932@gmail.comR","VolksWagen Nivus Nivus / placa: TBT-7E62",""
"9239124","2026-09-11 21:11:18","Thayna PRE-VENDAS","Insucesso","Não","","WhatsApp | Instagram Ads","Compra","David","4195717133","","","",""
"9238899","2026-09-11 20:39:10","Thayna PRE-VENDAS","Insucesso","Não","","Chaves na Mão","Venda","Donizelio","42998430798","","marcondesprestesd@gmail.com","VolksWagen Saveiro Saveiro / placa: ",""
"9238873","2026-09-11 20:36:55","Thayna PRE-VENDAS","Insucesso","Não","","Facebook Ads","Venda","Wilmar R Flexa","41998210104","41998210104","wilmarrose@gmail.com","",""
"9238853","2026-09-11 20:36:04","ESPAÇO BELLOS","Insucesso","Não","","Instagram","Não informado","Silvan Dal Bello","","","silvan.belloscar@instagram.com","",""
"9238658","2026-09-11 20:05:15","Lais Narimã Ferreira Vieira","Insucesso","Não","","Facebook Ads","Financiamento","iSelfie 360 • Inovação para o seu evento","45998422793","45998422793","gabihlube@hotmail.com","",""
"9238484","2026-09-11 19:40:17","Thayna PRE-VENDAS","Insucesso","Não","","Facebook Ads","Venda","Ana Maria da Silva","41992710804","41992710804","ana.maria16@hotmail.com","",""
"9238371","2026-09-11 19:25:42","Thayna PRE-VENDAS","Insucesso","Não","","WhatsApp | Site","Venda","Tiago Corrêa","41984554871","","tiagomj.tc@gmail.com","Chevrolet TRACKER TRACKER / placa: ELY-0924",""
"9238361","2026-09-11 19:23:53","Thayna PRE-VENDAS","Insucesso","Não","","WhatsApp | Instagram Ads","Compra","Barboza","4796678124","","","",""
"9238359","2026-09-11 19:23:52","Thayna PRE-VENDAS","Insucesso","Não","","Facebook Ads","Venda","José Benedito da Silveira","41998585922","41998585922","silveirajose690@gmail.com","",""
"9238172","2026-09-11 18:58:04","Andressa K B Kreia","Insucesso","Sim","2026-09-11 18:58:04","Loja","Não informado","Fabio Ribeiro ","41992039200","","","",""
"9238108","2026-09-11 18:51:14","Thayna PRE-VENDAS","Insucesso","Não","","Olx","Venda","franciscoborges_neto","41995734531","","franciscoborges_neto@hotmail.com","VolksWagen Polo Polo / placa: BBR-5J31",""
"9238020","2026-09-11 18:40:59","Thayna PRE-VENDAS","Insucesso","Não","","Facebook Ads","Não informado","Alex Zimmer","41997197883","41997197883","alexzimmerdj@outlook.com","",""
"9238019","2026-09-11 18:40:53","Lais Narimã Ferreira Vieira","Insucesso","Não","","Facebook Ads","Não informado","Angela Tais Wilinski","41996239239","41996239239","angelawilinski@yahoo.com.br","",""
"9238004","2026-09-11 18:39:45","Thayna PRE-VENDAS","Insucesso","Não","","Chaves na Mão | WhatsApp","Troca","Airton","41998420303","","airtongoncalves24@gmail.com","Audi A3 A3 / placa: FRZ-5I95",""
"9237976","2026-09-11 18:37:29","Lais Narimã Ferreira Vieira","Insucesso","Não","","Facebook Ads","Financiamento","Carla Regina Batista","41995261734","41995261734","carlareginabatista1976@gmail.com","",""
"9237787","2026-09-11 18:15:09","Thayna PRE-VENDAS","Insucesso","Não","","Instagram","Compra","Contato Instagram","","","","",""
"9237770","2026-09-11 18:13:47","Thayna PRE-VENDAS","Insucesso","Não","","Facebook Ads","Venda","Ely helton Gomes Simeoni","41992243309","41992243309","alves_ivani@hotmail.com","",""
"9237754","2026-09-11 18:11:45","Thayna PRE-VENDAS","Insucesso","Não","","WhatsApp | Site","Venda","Carlos","4199681112","","","",""
"9237277","2026-09-11 17:24:12","Thayna PRE-VENDAS","Insucesso","Não","","Facebook Ads","Venda","Reginaldo J. Santos","49999160009","49999160009","arquivo33.r1@gmail.com","",""
"9237199","2026-09-11 17:17:14","Thayna PRE-VENDAS","Insucesso","Não","","Olx","Venda","Luiz Gustavo Brancoviski","41987609973","","tavoh_guh@hotmail.com","VolksWagen Polo Polo / placa: BBR-5J31",""
"9236773","2026-09-11 16:40:37","Recepção","Insucesso","Sim","2026-09-11 16:40:43","Carteira","Consignação","IODAIR","41996446766","","","","Fiat Toro Toro / placa: BBH-0E21"
"9236727","2026-09-11 16:36:40","Recepção","Sucesso","Sim","2026-09-11 16:36:46","Passante","Consignação","CARLOS","41996311778","","","","Chevrolet TRACKER TRACKER / placa: AYE-1326"
"9236591","2026-09-11 16:25:04","Lais Narimã Ferreira Vieira","Insucesso","Não","","WhatsApp | Site | Facebook Ads","Financiamento","Marco  Aurelio nunes","41987809704","41987809704","marco.nunes77@yahoo.com.br","",""
"9236521","2026-09-11 16:19:56","Recepção","Insucesso","Sim","2026-09-11 16:20:06","Passante","Venda","MOISES","41991868436","","","","BMW X1 X1 / placa: AZZ-2990"
"9236362","2026-09-11 16:03:51","Thayna PRE-VENDAS","Insucesso","Não","","WhatsApp | Site","Venda","Polako","4197284665","","","",""
"9236326","2026-09-11 16:00:35","Recepção","Sucesso","Sim","2026-09-11 16:00:40","Prospecção","Troca","Marcelo","41999910668","","","","VolksWagen Polo Polo / placa: SEM-3B98"
"9236279","2026-09-11 15:56:37","Allan Junior Dos Santos Ramos","Insucesso","Sim","2026-09-19 09:15:10","Facebook Ads","Compra","Ismael Bezerra","41997333402","","ismaelibp@hotmail.com","","Kia Motors SOUL SOUL / placa: ANL-3A77"
"9236189","2026-09-11 15:48:33","Lead Sem Interesse","Insucesso","Não","","WhatsApp | Site","Não informado","Julya","4191831487","","","",""
"9235857","2026-09-11 15:21:27","Thayna PRE-VENDAS","Insucesso","Não","","Mercado Livre | ML WhatsApp","Venda","Andre henrique","43988270403","","andrebiagi@hotmail.com","Mini COOPER COOPER / placa: BAZ-1874",""
"9235776","2026-09-11 15:15:14","Thayna PRE-VENDAS","Insucesso","Não","","Mercado Livre | WhatsApp","Troca","André Biagi Imóveis","4792737495","","","",""
"9235728","2026-09-11 15:11:44","Allan Junior Dos Santos Ramos","Insucesso","Sim","2026-09-14 15:11:36","WhatsApp","Compra","Marcio Rd alimentos Frota","4195240679","","","","Fiat MOBI MOBI / placa: BEC-1H94"
"9235609","2026-09-11 15:04:31","Thayna PRE-VENDAS","Insucesso","Sim","2026-09-18 08:23:40","WhatsApp","Venda","Carol","4988491835","","","","Jeep COMPASS COMPASS / placa: SEB-4A79"
"9235535","2026-09-11 14:59:02","Thayna PRE-VENDAS","Insucesso","Não","","WhatsApp","Venda","Ricardo Campos","4891789386","","","",""
"9235447","2026-09-11 14:53:09","Allan Junior Dos Santos Ramos","Insucesso","Não","","WhatsApp | Site","Compra","🙏🏻","4198281427","","","",""
"9235431","2026-09-11 14:51:49","LIRIANE LARISSA RIBEIRO","Insucesso","Sim","2026-09-11 14:52:40","Olx","Não informado","Raphael","41992535996","","","","VolksWagen Nivus Nivus / placa: BEK-6B80"
"9235320","2026-09-11 14:42:12","Allan Junior Dos Santos Ramos","Insucesso","Sim","2026-09-14 08:58:30","WhatsApp","Venda","Felipe Reddin Werka","4191142474","","","Volvo XC XC / placa: BCW-9E00",""
"9235287","2026-09-11 14:38:53","Andressa K B Kreia","Descartado","Sim","2026-09-11 14:42:02","Olx","Não informado","Raphael","41992535996","","","","Chevrolet TRACKER TRACKER / placa: AWZ-4C22"
"9235048","2026-09-11 14:16:26","Lais Narimã Ferreira Vieira","Insucesso","Não","","Facebook Ads","Financiamento","Lucineia g da rocha","41996277984","41996277984","kurckurlucineia@gmail.com","",""
"9234848","2026-09-11 13:58:15","Recepção","Sucesso","Sim","2026-09-11 13:58:24","Carteira","Venda","Giovanni","41999222000","","","","VolksWagen Nivus Nivus / placa: SEB-0H61"
"9234744","2026-09-11 13:47:25","Allan Junior Dos Santos Ramos","Insucesso","Não","","Chaves na Mão","Venda","João","41984973296","","joaoernes5631@gmail.com","Kia Motors Sorento Sorento / placa: AZK-2C04",""
"9234686","2026-09-11 13:41:49","ESPAÇO BELLOS","Insucesso","Não","","Olx","Não informado","durval monteiro jr","41999443003","","durvalmonteirojr@gmail.com","Volkswagen Outros Outros / placa: CZK-6A22",""
"9234582","2026-09-11 13:31:10","Allan Junior Dos Santos Ramos","Insucesso","Não","","WhatsApp | Site","Compra","Welton Mateus","41998326383","","mateusgdm@hotmail.com","",""
"9234305","2026-09-11 13:06:56","Thayna PRE-VENDAS","Insucesso","Não","","Site","Compra","Leandro","41996957072","","Leandroluan07@icloud.com","",""
"9234169","2026-09-11 12:54:31","Allan Junior Dos Santos Ramos","Insucesso","Não","","Olx","Venda","Rm Veiculos","44991787797","","l.veiculos2026@gmail.com","Hyundai HB20 HB20 / placa: BEU-5B11",""
"9234113","2026-09-11 12:51:02","Thayna PRE-VENDAS","Insucesso","Não","","WhatsApp | Facebook Ads","Compra","Ademir Vieira","4196824359","","","",""
"9233884","2026-09-11 12:29:36","Lais Narimã Ferreira Vieira","Insucesso","Não","","WhatsApp","Financiamento","Misleni Nogueira","21965144659","","","",""
"9233548","2026-09-11 12:02:07","Allan Junior Dos Santos Ramos","Insucesso","Sim","2026-09-12 12:59:42","WhatsApp","Compra",".Fabiano","4188839449","","","","Honda Civic Civic / placa: AWB-5A11"
"9233051","2026-09-11 11:26:40","Lais Narimã Ferreira Vieira","Insucesso","Não","","Facebook Ads","Financiamento","Karen Revers","49991920411","49991920411","karenrevers80@gmail.com","",""
"9232983","2026-09-11 11:21:36","Allan Junior Dos Santos Ramos","Insucesso","Não","","Prospecção","Troca","Marcio Guesser","48984697709","","","Volvo XC XC / placa: BCW-9E00",""
"9232758","2026-09-11 11:04:04","Recepção","Sucesso","Sim","2026-09-11 11:04:09","Passante","Compra","Sergio Albano","41984488440","","","","Renault DUSTER DUSTER / placa: SEA-7F47"
"9232603","2026-09-11 10:52:16","Thayna PRE-VENDAS","Insucesso","Não","","SóCarrão","Venda","Bruna Luisa Antunes","41984048555","","bruna.l.antunes@gmail.com","Peugeot 2008 2008 / placa: CUG-4J16",""
"9232599","2026-09-11 10:52:10","Allan Junior Dos Santos Ramos","Insucesso","Não","","WhatsApp","Troca","Johann Leonardo | Marketing Médico e Posicionamento","41997483988","41997483988","leogosmann59@gmail.com","VolksWagen Nivus Nivus / placa: TBT-7E62",""
"9232333","2026-09-11 10:34:12","Allan Junior Dos Santos Ramos","Recontato","Não","","Facebook Ads","Compra","Iohannes Fiorese","41997775757","41997775757","iohannes.f@gmail.com","",""
"9232086","2026-09-11 10:17:44","Thayna PRE-VENDAS","Insucesso","Não","","WhatsApp | Site","Compra","José Carlos vetec","4174023153","","","Kia Motors Cerato Cerato / placa: AWM-7527",""
"9232043","2026-09-11 10:14:08","Thayna PRE-VENDAS","Insucesso","Não","","Facebook Ads","Compra","Nícolas França","41992061172","41992061172","nicolasgf@hotmail.com","",""
"9231977","2026-09-11 10:09:14","Thayna PRE-VENDAS","Insucesso","Sim","2026-09-11 10:29:41","Telefone","Compra","Gustavo","41985411212","","","","Chevrolet Celta Celta / placa: AXC-9A35"
"9231531","2026-09-11 09:41:00","LIRIANE LARISSA RIBEIRO","Insucesso","Sim","2026-09-12 14:23:29","Olx","Não informado","Filipe","41992664902","","","","Honda Fit Fit / placa: QHR-9G92"
"9231364","2026-09-11 09:28:20","ESPAÇO BELLOS","Insucesso","Não","","WhatsApp | Site","Não informado","Caetano","4197513437","","","",""
"9231327","2026-09-11 09:25:07","Allan Junior Dos Santos Ramos","Insucesso","Não","","SóCarrão","Venda","Thiago Marques","41999779077","","thiago@sprintrace.com.br","Ford Outros Outros / placa: QMT-1J73",""
"9231320","2026-09-11 09:24:49","Allan Junior Dos Santos Ramos","Insucesso","Sim","2026-09-12 10:44:34","Prospecção","Compra","CHICO LIMA","41999082477","","","","Harley XR XR / placa: NRS-1J87"
"9231148","2026-09-11 09:07:18","Allan Junior Dos Santos Ramos","Recontato","Não","","Prospecção","Compra","Raisson Ribeiro","41987339311","","","",""
"9231132","2026-09-11 09:05:58","LIRIANE LARISSA RIBEIRO","Insucesso","Sim","2026-09-11 18:24:13","Olx","Não informado","Zé Eduardo ","41999855212","","","","Renault CAPTUR CAPTUR / placa: BBZ-2G30"
"9231107","2026-09-11 09:03:19","Andressa K B Kreia","Descartado","Sim","2026-09-25 08:58:54","Google | Site","Compra","Leandro salles","41998371009","","Galoologa@gmail.com","",""
"9230955","2026-09-11 08:48:48","Allan Junior Dos Santos Ramos","Insucesso","Não","","Prospecção","Venda","Crislayne","41999449629","","","Jeep Renegade Renegade / placa: SIB-6I41",""
"9230358","2026-09-11 07:10:09","Allan Junior Dos Santos Ramos","Insucesso","Não","","Facebook Ads","Não informado","Jailson Valerio da Cruz","917192365109","917192365109","jailsonvalerio@hotmail.com","",""
"9230274","2026-09-11 06:43:24","Lais Narimã Ferreira Vieira","Insucesso","Não","","Facebook Ads","Financiamento","Lucas Diogo Otto","45988213480","45988213480","Lucasdiogo1987@gmail.com","",""
"9229174","2026-09-11 02:32:29","Allan Junior Dos Santos Ramos","Insucesso","Não","","WhatsApp | Instagram Ads","Venda","Marcello Silva🛳️⚓🚁 efatá","22998582073","","","Fiat Toro Toro / placa: TAO-1C03",""
"9229153","2026-09-11 02:21:09","Thayna PRE-VENDAS","Insucesso","Não","","SóCarrão","Venda","Ali eddahmani","11958375578","","eddahmani8492@gmail.com","VolksWagen Polo Polo / placa: AXU-8A22",""
"9229047","2026-09-11 01:19:54","Allan Junior Dos Santos Ramos","Insucesso","Não","","Facebook Ads","Compra","Jorge Lopes","41991954042","41991954042","llopes.jorge@gmail.com","",""
"9229044","2026-09-11 01:18:09","Thayna PRE-VENDAS","Insucesso","Não","","Facebook Ads","Venda","Nathy Souza","41997805381","41997805381","nathyysouza1303@gmail.com","",""
"9228658","2026-09-11 00:41:18","Thayna PRE-VENDAS","Insucesso","Não","","WhatsApp | Instagram Ads","Compra","Robson","4195895839","","","",""
"9228656","2026-09-11 00:41:03","Lais Narimã Ferreira Vieira","Insucesso","Não","","Facebook Ads","Financiamento","Suellen Domingos","41996174959","41996174959","suelen-d@hotmail.com","",""
"9228558","2026-09-11 00:08:00","Lais Narimã Ferreira Vieira","Insucesso","Não","","Facebook Ads","Financiamento","Ro _Gzenik","44998798334","44998798334","rousefirst@hotmail.com","",""
"9228445","2026-09-11 00:02:56","Thayna PRE-VENDAS","Insucesso","Não","","Facebook Ads","Compra","Silvana Giovanoni","41991062419","41991062419","silsilg2014@gmail.com","",""
"9227654","2026-09-10 22:11:57","Lais Narimã Ferreira Vieira","Insucesso","Não","","Facebook Ads","Financiamento","Bianca Ribeiro","41988844300","41988844300","biancacristineribeiro@hotmail.com","",""
"9227635","2026-09-10 22:09:58","Thayna PRE-VENDAS","Insucesso","Não","","WhatsApp | Site","Venda","Lucs Michalski","4198142576","","","",""
"9227504","2026-09-10 21:48:02","Allan Junior Dos Santos Ramos","Insucesso","Não","","Site","Financiamento","Jeniffer Estephany da Costa Fernandes","41984982834","","","",""
"9227450","2026-09-10 21:41:22","Allan Junior Dos Santos Ramos","Recontato","Não","","Facebook Ads","Compra","Marcelle Wandembruck França","41999485461","41999485461","marcellewf@hotmail.com","",""
"9227428","2026-09-10 21:38:23","Lais Narimã Ferreira Vieira","Insucesso","Não","","Facebook Ads","Financiamento","Edmo Luis","41998778403","41998778403","edmo.luis@hotmail.com","",""
"9227338","2026-09-10 21:23:27","Allan Junior Dos Santos Ramos","Insucesso","Não","","Facebook Ads","Venda","Gerson Alves.z","41997871461","41997871461","gersonluizalves@gmail.com","",""
"9227247","2026-09-10 21:10:07","Thayna PRE-VENDAS","Insucesso","Não","","SóCarrão | Chaves na Mão | WhatsApp","Não informado","Diego gnatta","42999727449","","dgnatta@gmail.com","VolksWagen Nivus Nivus / placa: TBT-7E62",""
"9227214","2026-09-10 21:06:30","Allan Junior Dos Santos Ramos","Insucesso","Não","","WhatsApp | Facebook Ads","Compra","Dalton","4196270810","","","",""
"9227045","2026-09-10 20:44:09","Thayna PRE-VENDAS","Insucesso","Não","","WhatsApp | Instagram Ads","Venda","Dirceu Cunha","4196126393","","","",""
"9226911","2026-09-10 20:26:28","Lais Narimã Ferreira Vieira","Insucesso","Não","","Facebook Ads","Financiamento","Leandro Rodrigues Dos Santos","41988455931","41988455931","leorodri736@gmail.com","",""
"9226864","2026-09-10 20:19:56","Allan Junior Dos Santos Ramos","Insucesso","Não","","WhatsApp | Instagram Ads","Venda","Cicero Marcos","4199603194","","","Fiat Toro Toro / placa: TAO-1C03",""
"9226677","2026-09-10 19:56:50","Lais Narimã Ferreira Vieira","Insucesso","Não","","Facebook Ads","Financiamento","Mayhara Zamarchi","46999248170","46999248170","mayharazamarchi@hotmail.com","",""
"9226566","2026-09-10 19:43:48","Allan Junior Dos Santos Ramos","Insucesso","Não","","WhatsApp","Venda","Mc Danilo🎶🎶🎶🎶","4197653396","","","",""
"9226557","2026-09-10 19:42:28","Thayna PRE-VENDAS","Insucesso","Não","","Mercado Livre | WhatsApp","Venda","Roziani Stocchero⛑️💊🩺💊","4188386773","","rozianistocchero31@hotmail.com","VolksWagen Saveiro Saveiro / placa: ",""
"9226504","2026-09-10 19:37:15","Allan Junior Dos Santos Ramos","Recontato","Não","","Facebook Ads","Venda","Rafael_Pelisser","44999875366","44999875366","rafa_pelisser3@hotmail.com","",""
"9226467","2026-09-10 19:32:40","Thayna PRE-VENDAS","Insucesso","Não","","Facebook Ads","Venda","Juliani Cardoso","45991312958","45991312958","wildjucar@gmail.com","",""
"9226438","2026-09-10 19:29:20","Lais Narimã Ferreira Vieira","Insucesso","Não","","Facebook Ads","Financiamento","Ana Paula Bonato","47988145928","47988145928","anabonato11@hotmail.com","",""
"9226378","2026-09-10 19:20:40","Thayna PRE-VENDAS","Insucesso","Não","","Facebook Ads","Venda","Scheila Gaspar Fotógrafa","41991255816","41991255816","scheilagaspar.eventos@hotmail.com","",""
"9226357","2026-09-10 19:18:00","ESPAÇO BELLOS","Insucesso","Não","","WhatsApp | Site","Não informado","Jully","4197487443","","","",""
"9226223","2026-09-10 19:01:02","Allan Junior Dos Santos Ramos","Recontato","Não","","Facebook Ads","Compra","Ricardo Fanhani","19997920047","19997920047","ricardofanhani2016@gmail.com","",""
"9225875","2026-09-10 18:25:38","ESPAÇO BELLOS","Insucesso","Não","","WhatsApp | Site","Não informado","Dulcinéia","4198934335","","","",""
"9225670","2026-09-10 18:10:36","Matheus Imbroinise","Insucesso","Sim","2026-09-15 11:27:41","Busca Ativa","Compra","alessandra","41998355623","","","","VolksWagen Saveiro Saveiro / placa: AXP-2G65"
"9225558","2026-09-10 18:00:57","Andressa K B Kreia","Insucesso","Sim","2026-09-10 18:27:40","Indicação","Venda","WESZLLEY","41995394178","","","Jeep COMPASS COMPASS / placa: BCP-7H40",""
"9225465","2026-09-10 17:51:59","Lais Narimã Ferreira Vieira","Insucesso","Não","","Facebook Ads","Financiamento","Juliana  Teles","41999564666","41999564666","julianatelles18@hotmail.com","",""
"9225125","2026-09-10 17:23:32","Allan Junior Dos Santos Ramos","Agendado","Não","","Google | Site","Compra","Elias Bloemer Bonfim","41985366119","","eliasblo26@gmail.com","",""
"9225050","2026-09-10 17:16:44","Matheus Imbroinise","Insucesso","Não","","Telefone","Compra","paulo","41999326126","","","",""
"9224973","2026-09-10 17:11:18","ESPAÇO BELLOS","Insucesso","Não","","WhatsApp | Site","Não informado","Adriane","4195320613","","","",""
"9224691","2026-09-10 16:50:24","Allan Junior Dos Santos Ramos","Insucesso","Não","","Chaves na Mão","Venda","Sergio","41988052547","","vardenski@policiapenal.pr.gov.br","HONDA CG CG / placa: TJM-5D46",""
"9224606","2026-09-10 16:44:25","LIRIANE LARISSA RIBEIRO","Sucesso","Sim","2026-09-11 15:29:40","Olx","Não informado","Fabio Ribeiro ","41992039200","","","","Ford Ranger Ranger / placa: BEM-8F60"
"9224186","2026-09-10 16:10:37","Allan Junior Dos Santos Ramos","Insucesso","Não","","Olx","Venda","Andre Oliveira","41997739363","","andre_luiz92@hotmail.com","Caoa Chery Tiggo Tiggo / placa: SCM-5I67",""
"9224152","2026-09-10 16:08:47","Allan Junior Dos Santos Ramos","Insucesso","Sim","2026-09-19 08:50:33","Prospecção","Troca","Everson","41988912423","","","Jeep COMPASS COMPASS / placa: SEY-7F96","Nissan KICKS KICKS / placa: BDB-9A30"
"9224093","2026-09-10 16:04:10","Allan Junior Dos Santos Ramos","Sucesso","Sim","2026-09-11 11:08:06","WhatsApp | Instagram Ads","Compra","Eder","4199438182","","","","Fiat Fastback Fastback / placa: SXR-7B55"
"9224073","2026-09-10 16:02:21","Thayna PRE-VENDAS","Insucesso","Não","","WhatsApp | Facebook Ads","Compra","nice","4198143638","","","",""
"9223964","2026-09-10 15:53:07","Allan Junior Dos Santos Ramos","Insucesso","Não","","WhatsApp | Site","Venda","Gerson Alves","4195730806","","","",""
"9223895","2026-09-10 15:47:46","Allan Junior Dos Santos Ramos","Insucesso","Não","","WhatsApp","Não informado","carvalhojorge 1997","4191559609","","","",""
"9223630","2026-09-10 15:28:49","Recepção","Insucesso","Sim","2026-09-10 15:29:00","Olx","Troca","leandro","41996511885","","","","Fiat ARGO ARGO / placa: RXS-1C65"
"9223623","2026-09-10 15:28:15","Lais Narimã Ferreira Vieira","Insucesso","Não","","Facebook Ads","Financiamento","Manoel Figueiredo","41987732426","41987732426","manoeljunior581@gmail.com","",""
"9223585","2026-09-10 15:25:45","Allan Junior Dos Santos Ramos","Insucesso","Não","","Facebook Ads","Venda","Adriano Kaiut","42988688716","42988688716","chicokaiut@gmail.com","",""
"9223398","2026-09-10 15:11:42","ESPAÇO BELLOS","Insucesso","Não","","WhatsApp","Não informado","Viyck Marques","4196401993","","","",""
"9223046","2026-09-10 14:44:50","Allan Junior Dos Santos Ramos","Insucesso","Não","","Chaves na Mão","Venda","Luiz","42999354600","4299354600","luizjapaopinheiro@gmail.com","Audi Q8 Q8 / placa: RXK-9B99",""
"9222917","2026-09-10 14:34:58","Thayna PRE-VENDAS","Insucesso","Não","","WhatsApp","Venda","Elizeu","4199034185","","","",""
"9222744","2026-09-10 14:21:28","Thayna PRE-VENDAS","Insucesso","Não","","Facebook Ads","Compra","Gustavo Zacante Orlando","43996098949","43996098949","gustazacante@gmail.com","",""
"9222268","2026-09-10 13:47:47","Thayna PRE-VENDAS","Insucesso","Não","","WhatsApp | Instagram Ads","Venda","Valdir Capelin","4499124545","","","",""
"9222190","2026-09-10 13:40:36","Thayna PRE-VENDAS","Insucesso","Sim","2026-09-12 14:10:19","WhatsApp | Site","Venda","Ciryaco","4188597262","","","Ford F-1000 F-1000 / placa: IHK-1I94",""
"9222162","2026-09-10 13:37:55","Thayna PRE-VENDAS","Insucesso","Não","","Facebook Ads","Compra","Mauricio Mariano","43996045262","43996045262","ctba.mariano@gmail.com","",""
"9221977","2026-09-10 13:22:02","ESPAÇO BELLOS","Insucesso","Não","","WhatsApp | Site","Não informado","Giovani","4198648292","","","",""
"9221965","2026-09-10 13:21:03","Lais Narimã Ferreira Vieira","Insucesso","Não","","Facebook Ads","Financiamento","Ana vilma de maman","41999009123","41999009123","Ppbikes83@gmail.com","",""
"9221898","2026-09-10 13:16:15","Thayna PRE-VENDAS","Insucesso","Não","","WhatsApp | Site","Venda","Matheus","4196259970","","","",""
"9221800","2026-09-10 13:07:44","Thayna PRE-VENDAS","Insucesso","Não","","WhatsApp | Instagram Ads","Compra","Hagatha","4195702917","","","",""
"9221703","2026-09-10 12:59:23","Recepção","Insucesso","Sim","2026-09-10 12:59:30","Passante","Compra","Jose Carlos Elias Mahfoud","41996310308","","","","Honda CITY CITY / placa: BDV-4A78"
"9221536","2026-09-10 12:46:49","Allan Junior Dos Santos Ramos","Insucesso","Não","","Google | Site","Compra","Osvaldo cuesta veliz","41984543520","","cuestaveliz@gmail.com","",""
"9221467","2026-09-10 12:41:44","Thayna PRE-VENDAS","Insucesso","Não","","WhatsApp","Compra","🤎","4195143009","","","",""
"9221211","2026-09-10 12:20:59","Lais Narimã Ferreira Vieira","Insucesso","Não","","Facebook Ads","Financiamento","Cesar Junior","41988758511","41988758511","cesarfuracao275@gmail.com","",""
"9220588","2026-09-10 11:33:41","Maria Cristine Ripka","Insucesso","Sim","2026-09-10 11:33:41","Loja","Não informado","V32 COMERCIO DE VEÍCULOS LTDA","41999663550","","v32adm@gmail.com","","Fiat marea week elx marea week elx / placa: AMD-6A90"
"9220578","2026-09-10 11:32:53","Allan Junior Dos Santos Ramos","Insucesso","Não","","WhatsApp | Site","Venda","Dionei Vieira","4192862527","","","VolksWagen Polo Polo / placa: AXU-8A22",""
"9220537","2026-09-10 11:30:35","Maria Cristine Ripka","Insucesso","Sim","2026-09-10 11:30:35","Loja","Não informado","V32 COMERCIO DE VEÍCULOS LTDA","41999663550","","v32adm@gmail.com","","Chevrolet chevette sl chevette sl / placa: GWJ-2I60"
"9220494","2026-09-10 11:28:12","Maria Cristine Ripka","Insucesso","Sim","2026-09-10 11:28:12","Loja","Não informado","V32 COMERCIO DE VEÍCULOS LTDA","41999663550","","v32adm@gmail.com","","Volkswagen voyage cl voyage cl / placa: ACE-8B02"
"9220428","2026-09-10 11:23:40","Thayna PRE-VENDAS","Insucesso","Não","","WhatsApp | Site","Venda","Thiago Sabadin ","41991899005","","Thiagosabadin@gmail.com","Ford EcoSport EcoSport / placa: BDC-5H67",""
"9220124","2026-09-10 11:04:36","Ana Dal Bello","Sucesso","Sim","2026-09-10 11:05:13","Carteira","Não informado","Daivid","41998073833","","","",""
"9219735","2026-09-10 10:40:18","Thayna PRE-VENDAS","Insucesso","Sim","2026-09-10 13:57:32","Olx | WhatsApp","Venda","Tony Sampaio","41991031177","","tonysampaio@ufpr.br","Jeep COMPASS COMPASS / placa: BCP-7H40","Hyundai Santa Santa / placa: MST-4113"
"9219713","2026-09-10 10:38:15","ESPAÇO BELLOS","Insucesso","Não","","WhatsApp","Não informado","Mateus Charles","4195617303","","","",""
"9219705","2026-09-10 10:37:48","ESPAÇO BELLOS","Insucesso","Não","","Instagram","Não informado","Contato Instagram","","","","",""
"9219703","2026-09-10 10:37:44","Allan Junior Dos Santos Ramos","Insucesso","Não","","WhatsApp | Site","Venda","Éder Edinho","4188459098","","","VolksWagen Nivus Nivus / placa: TBT-7E62",""
"9219547","2026-09-10 10:26:58","Allan Junior Dos Santos Ramos","Insucesso","Não","","Facebook Ads","Venda","𝑫𝒂𝒎𝒚𝒚 𝑴𝒆𝒍𝒍𝒐","41992378896","41992378896","damy.matheus@hotmail.com","",""
"9219462","2026-09-10 10:21:25","Thayna PRE-VENDAS","Insucesso","Não","","Facebook Ads","Venda","Pedro Miranda","41997455920","41997455920","Pedroalmir77@hotmail.com","",""
"9219065","2026-09-10 09:53:24","Allan Junior Dos Santos Ramos","Insucesso","Não","","Olx","Venda","Arildo Kremer","41997493113","","arildokremer43@gmail.com","Jaguar E-Pace E-Pace / placa: QRS-0A01",""
"9219051","2026-09-10 09:52:45","Lais Narimã Ferreira Vieira","Insucesso","Não","","Facebook Ads","Não informado","Kauan Kath","49998062790","49998062790","kauankath@gmail.com","",""
"9218711","2026-09-10 09:26:59","Andressa K B Kreia","Descartado","Sim","2026-09-10 09:27:07","Site","Venda","Ari","41996439131","","","",""
"9218676","2026-09-10 09:23:36","Thayna PRE-VENDAS","Insucesso","Não","","WhatsApp | Facebook Ads","Compra","Claudio Maia","4195303935","","","",""
"9218409","2026-09-10 09:04:29","Allan Junior Dos Santos Ramos","Insucesso","Sim","2026-09-22 15:27:41","Site","Compra","Paulo","11983569476","","pawloat@gmail.com","","VolksWagen TAOS TAOS / placa: SEL-4F98"
"9218254","2026-09-10 08:51:36","Thayna PRE-VENDAS","Insucesso","Não","","Olx","Venda","giovanni luiggi moreski","42999808904","","gigiomoreski@hotmail.com","Jeep Renegade Renegade / placa: SIB-6I41",""
"9218165","2026-09-10 08:41:32","Allan Junior Dos Santos Ramos","Insucesso","Não","","WhatsApp","Compra","Alyne","4192339929","","","",""
"9218035","2026-09-10 08:27:37","Thayna PRE-VENDAS","Insucesso","Não","","WhatsApp | Site","Venda","Neuza","4184984210","","","",""
"9216875","2026-09-10 06:25:16","Allan Junior Dos Santos Ramos","Insucesso","Não","","Facebook Ads","Venda","Fernando Prado","41987230569","41987230569","pradof689@gmail.com","",""
"9216699","2026-09-10 06:12:22","Lais Narimã Ferreira Vieira","Insucesso","Não","","Facebook Ads","Financiamento","Dimir Luis Brites","41988392994","41988392994","dimir.brites@gmail.com","",""
"9215842","2026-09-10 00:36:17","ESPAÇO BELLOS","Insucesso","Não","","Instagram","Não informado","Contato Instagram","","","","",""
"9215656","2026-09-10 00:07:44","Allan Junior Dos Santos Ramos","Insucesso","Não","","WhatsApp | Instagram Ads","Compra","Marcos","4298716796","","marcosantonio68298@gmail.com","",""
"9215566","2026-09-09 23:50:36","Thayna PRE-VENDAS","Insucesso","Não","","WhatsApp | Site","Venda","Luiz Carlos","4199405048","","","",""
"9215530","2026-09-09 23:42:43","Allan Junior Dos Santos Ramos","Insucesso","Não","","Facebook Ads","Venda","Cleverson Ramos","41998322485","41998322485","cleverson.direitoestacio@gmail.com","",""
"9215453","2026-09-09 23:29:56","Thayna PRE-VENDAS","Insucesso","Não","","Facebook Ads","Compra","Clarice Santos","41999476865","41999476865","claricesantos30@outlook.com","",""
"9215208","2026-09-09 23:16:10","Allan Junior Dos Santos Ramos","Insucesso","Não","","Olx","Venda","Ketlin","41999438898","","6cbwrm7dw7@privaterelay.appleid.com","Ford Ka Ka / placa: AZN-2348",""
"9214843","2026-09-09 22:25:01","Allan Junior Dos Santos Ramos","Insucesso","Sim","2026-09-11 15:55:42","Olx | WhatsApp","Venda","Edimar ou Antônio","41998855921","","edimarbianchi22@gmail.com","Fiat Toro Toro / placa: TAO-1C03",""
"9214807","2026-09-09 22:19:11","Allan Junior Dos Santos Ramos","Insucesso","Não","","Facebook Ads","Venda","Alisson Silva","41996084606","41996084606","alissonrenan57148123@gmail.com","",""
"9214806","2026-09-09 22:18:59","Lais Narimã Ferreira Vieira","Insucesso","Não","","Facebook Ads","Financiamento","Lucas Henrique","41995821157","41995821157","lucas_hfi@hotmail.com","",""
"9214588","2026-09-09 21:48:32","ESPAÇO BELLOS","Insucesso","Não","","WhatsApp","Não informado","Sheila Cristina Machado","4187761284","","","",""
"9214577","2026-09-09 21:46:44","Allan Junior Dos Santos Ramos","Insucesso","Não","","Facebook Ads","Venda","Marilene Lucas","41992729512","41992729512","proftucalucas@gmail.com","",""
"9214460","2026-09-09 21:28:10","Thayna PRE-VENDAS","Insucesso","Sim","2026-09-10 13:14:37","Chaves na Mão | WhatsApp","Venda","Ari","41996439131","","avsprojetoseconstrucoes@outlook.com","Toyota RAV4 RAV4 / placa: BDW-6G48",""
"9214410","2026-09-09 21:21:13","Allan Junior Dos Santos Ramos","Insucesso","Não","","Facebook Ads","Venda","carlos mendes","41988168645","41988168645","carlosmendes_1301@hotmail.com","",""
"9214287","2026-09-09 21:03:30","ESPAÇO BELLOS","Insucesso","Não","","WhatsApp | Site","Não informado","Ld Souza","4184550235","","","",""
"9214272","2026-09-09 21:01:51","Lais Narimã Ferreira Vieira","Insucesso","Não","","Facebook Ads","Financiamento","Josiane Policeno","45999410924","45999410924","josipoloceno@gmail.com","",""
"9214207","2026-09-09 20:52:47","Thayna PRE-VENDAS","Insucesso","Não","","WhatsApp | Facebook Ads","Compra","Fabrizzio","41997724289","","bricio_ctba@hotmail.com","",""
"9214096","2026-09-09 20:40:56","Lais Narimã Ferreira Vieira","Insucesso","Não","","Facebook Ads","Financiamento","Amanda Lima da Silva","41920010148","41920010148","amandalimasilva778@gmail.com","",""
"9214017","2026-09-09 20:31:29","Thayna PRE-VENDAS","Insucesso","Não","","WhatsApp | Instagram Ads","Compra","Ezequiel L. da Costa","4985015965","","","",""
"9213698","2026-09-09 19:50:12","Allan Junior Dos Santos Ramos","Insucesso","Sim","2026-09-11 11:02:27","WhatsApp | Instagram Ads","Compra","Alexandre","4187204303","","","","VolksWagen Fox Fox / placa: ASX-5H72"
"9213683","2026-09-09 19:48:40","ESPAÇO BELLOS","Insucesso","Não","","Instagram","Não informado","Gabriel Ricardo","","","gabriel_rkb@instagram.com","",""
"9213665","2026-09-09 19:47:16","Lais Narimã Ferreira Vieira","Insucesso","Não","","Facebook Ads","Financiamento","Elionai Silva","41992291977","41992291977","elionaicontatos@gmail.com","",""
"9213663","2026-09-09 19:47:12","Thayna PRE-VENDAS","Insucesso","Não","","Instagram","Não informado","Contato Instagram","","","","",""
"9213495","2026-09-09 19:25:32","Allan Junior Dos Santos Ramos","Insucesso","Não","","WhatsApp | Instagram Ads","Venda","Ricardo Salata","4198813765","","","Honda HR-V HR-V / placa: BCC-7I18",""
"9213364","2026-09-09 19:10:16","Thayna PRE-VENDAS","Recontato","Não","","Olx | WhatsApp","Venda","Altamir","41992315001","","altamirmar.23@gmail.com","Honda Civic Civic / placa: RHL-1G03",""
"9213175","2026-09-09 18:48:09","Lais Narimã Ferreira Vieira","Agendado","Não","","Facebook Ads","Financiamento","Josiel Patrick","49989178486","49989178486","josieldeoliveira103@gmail.com","",""
"9213159","2026-09-09 18:46:20","Thayna PRE-VENDAS","Insucesso","Não","","WhatsApp","Venda","Pr Carlos","4191852949","","","",""
"9213062","2026-09-09 18:33:46","Thayna PRE-VENDAS","Insucesso","Não","","Olx","Não informado","Deonisio","41997429097","","deonisiobora@gmail.com","VolksWagen Fox Fox / placa: BCQ-6B07",""
"9213033","2026-09-09 18:30:28","Allan Junior Dos Santos Ramos","Insucesso","Não","","Facebook Ads","Compra","Luciane Petean","41996412669","41996412669","lucianepetean@gmail.com","",""
"9212933","2026-09-09 18:19:55","Recepção","Sucesso","Sim","2026-09-09 18:20:10","Passante","Troca","Thayanne","41984175070","","","","Fiat Uno Uno / placa: AYI-4F56"
"9212765","2026-09-09 18:01:46","Thayna PRE-VENDAS","Insucesso","Não","","Olx","Venda","Dani","41996402009","","daniele@novacuritibaimoveis.com.br","Jeep COMPASS COMPASS / placa: BCP-7H40",""
"9212740","2026-09-09 17:59:33","Thayna PRE-VENDAS","Insucesso","Não","","WhatsApp | Site","Venda","Odair Bianchi","4196070821","","","",""
"9212615","2026-09-09 17:50:18","ESPAÇO BELLOS","Insucesso","Não","","Instagram","Não informado","Silvan Dal Bello","","","silvan.belloscar@instagram.com","",""
"9212578","2026-09-09 17:47:34","Lais Narimã Ferreira Vieira","Em atendimento","Não","","Facebook Ads","Financiamento","Andre Arruda","41995898499","41995898499","andre.paula94@outlook.com","",""
"9212456","2026-09-09 17:37:32","Thayna PRE-VENDAS","Insucesso","Não","","Facebook Ads","Venda","Leonardo Wasserberg","41998129610","41998129610","leo.com_vc@hotmail.com","",""
"9212144","2026-09-09 17:09:18","Allan Junior Dos Santos Ramos","Insucesso","Não","","Facebook Ads","Venda","Andrea","41997034906","41997034906","andreapacheco8526@gmail.com","",""
"9212130","2026-09-09 17:08:28","Thayna PRE-VENDAS","Insucesso","Não","","Olx","Venda","rodrigocitroengpv@gmail.com","42999163134","","rodrigocitroengpv@gmail.com","Honda Civic Civic / placa: RHL-1G03",""
"9211920","2026-09-09 16:53:51","Lais Narimã Ferreira Vieira","Insucesso","Não","","Facebook Ads","Financiamento","Tania","41988841095","41988841095","tanniabueno@hotmail.com","",""
"9211783","2026-09-09 16:44:12","Allan Junior Dos Santos Ramos","Insucesso","Não","","WhatsApp | Site","Compra","Victor Hugo","4191031972","","","",""
"9211481","2026-09-09 16:20:18","Allan Junior Dos Santos Ramos","Insucesso","Não","","Telefone","Troca","Adirlei Antônio Delabona","41991777800","","","",""
"9211379","2026-09-09 16:12:57","Thayna PRE-VENDAS","Insucesso","Não","","Facebook Ads","Compra","Dani Wolff","41991244955","41991244955","daniwolff1@hotmail.com","",""
"9211300","2026-09-09 16:06:42","Allan Junior Dos Santos Ramos","Insucesso","Não","","WhatsApp","Troca","Fernando Rigo Sandri","55999195888","","","Volvo XC XC / placa: BCW-9E00",""
"9211268","2026-09-09 16:03:52","Allan Junior Dos Santos Ramos","Insucesso","Não","","Olx","Troca","Daniel Dantel","42991043613","","danteljeep@gmail.com","Jeep COMPASS COMPASS / placa: BCP-7H40",""
"9211172","2026-09-09 15:58:32","Ana Dal Bello","Sucesso","Sim","2026-09-09 15:59:38","Carteira","Não informado","Emerson","41998539034","","","",""
"9211037","2026-09-09 15:50:22","Allan Junior Dos Santos Ramos","Insucesso","Não","","WhatsApp","Venda","Tatiane","4299052483","","","BMW X1 X1 / placa: RYC-3E75",""
"9210985","2026-09-09 15:47:00","Allan Junior Dos Santos Ramos","Insucesso","Não","","Facebook Ads","Venda","Ismael Bezerra","41997333402","41997333402","ismaelibp@hotmail.com","",""
"9210963","2026-09-09 15:45:28","Allan Junior Dos Santos Ramos","Insucesso","Não","","WhatsApp","Não informado","Anna Luiza","4192025652","","","",""
"9210749","2026-09-09 15:31:25","Allan Junior Dos Santos Ramos","Insucesso","Sim","2026-09-15 11:06:55","WhatsApp","Compra","Ana Helena","4187650550","","","","Audi Q7 Q7 / placa: AQK-3B00"
"9210508","2026-09-09 15:14:17","Thayna PRE-VENDAS","Insucesso","Sim","2026-09-09 15:37:29","Telefone","Venda","Andre","41984568514","","","Citroën C3 C3 / placa: MLZ-0F63",""
"9210263","2026-09-09 14:57:56","Thayna PRE-VENDAS","Insucesso","Não","","WhatsApp | Site","Venda","Bernardo Hohmann","4192210212","","","",""
"9210213","2026-09-09 14:54:32","Thayna PRE-VENDAS","Insucesso","Não","","Site","Troca","Ligia almeida","41991172620","","ligiapindanga@gmail.com","VolksWagen Nivus Nivus / placa: TBT-7E62",""
"9209707","2026-09-09 14:21:47","Lais Narimã Ferreira Vieira","Em atendimento","Não","","Facebook Ads","Financiamento","Ronen Freitas","41988642219","41988642219","ronenfreitas@gmail.com","",""
"9209237","2026-09-09 13:46:53","Thayna PRE-VENDAS","Insucesso","Não","","WhatsApp | Facebook Ads","Não informado","Cleverson Bestel ⛳🏌️‍♂️","4187698190","","","",""
"9209233","2026-09-09 13:46:25","Lais Narimã Ferreira Vieira","Insucesso","Não","","Facebook Ads","Financiamento","Suelen Slonkowskyj","41998372758","41998372758","suelenslonkowskyj3@gmail.com","",""
"9208969","2026-09-09 13:24:54","Recepção","Insucesso","Sim","2026-09-09 13:25:01","Passante","Troca","JOAO ","41995907820","","","","Fiat Fiorino Fiorino / placa: AWM-8E56"
"9208821","2026-09-09 13:13:12","Allan Junior Dos Santos Ramos","Insucesso","Não","","Facebook Ads","Compra","Romildo","41995048878","4195048878","beaben2020@yahoo.com","",""
"9208524","2026-09-09 12:50:29","Thayna PRE-VENDAS","Insucesso","Não","","WhatsApp | Site","Troca","Jaqueline Trevisan Leite","41984013181","","","",""
"9208400","2026-09-09 12:41:16","Allan Junior Dos Santos Ramos","Insucesso","Não","","Facebook Ads","Venda","Luana Machado pinto","41995243264","41995243264","leverykoo@gmail.com","",""
"9208216","2026-09-09 12:26:46","Thayna PRE-VENDAS","Insucesso","Não","","Facebook Ads","Venda","Marcos Antonio Gonçalves","41996312403","41996312403","marcosantoniogoncalves40@gmail.com","",""
"9207924","2026-09-09 12:03:03","Allan Junior Dos Santos Ramos","Insucesso","Não","","Olx","Venda","Dalmy Pacheco de Castro","61983242855","","dalmypacheco84@gmail.com","Renault OROCH OROCH / placa: SEA-3D65",""
"9207704","2026-09-09 11:45:37","Lais Narimã Ferreira Vieira","Insucesso","Não","","Facebook Ads","Financiamento","Cássio A. Bandeira Ruppel","55991388121","55991388121","cassioruppel@hotmail.com","",""
"9207482","2026-09-09 11:29:06","Thayna PRE-VENDAS","Insucesso","Sim","2026-09-09 11:34:52","Prospecção","Compra","Edinei","41988810779","","","","Citroën C3 C3 / placa: TAP-5D12"
"9207447","2026-09-09 11:26:46","Allan Junior Dos Santos Ramos","Insucesso","Não","","Facebook Ads","Compra","Hamilton Caetano","41996586586","41996586586","negaohamil@hotmail.com","",""
"9207398","2026-09-09 11:23:15","Lais Narimã Ferreira Vieira","Em atendimento","Não","","Facebook Ads","Financiamento","Deivihyd Leandro","42988194921","42988194921","deivihydpereira@gmail.com","",""
"9207199","2026-09-09 11:09:17","Lais Narimã Ferreira Vieira","Em atendimento","Não","","Facebook Ads","Financiamento","Iris Gabriele","41996302558","41996302558","Irisgabriele1972@gmail.com","",""
"9207126","2026-09-09 11:04:33","Allan Junior Dos Santos Ramos","Insucesso","Não","","Facebook Ads","Venda","Marco Czar","41995654716","41995654716","marcosczar.fisio@outlook.com","",""
"9206699","2026-09-09 10:33:30","Allan Junior Dos Santos Ramos","Sucesso","Sim","2026-09-09 10:43:50","Prospecção","Compra","Gabriel Motta","41995331005","","","","Chevrolet ONIX ONIX / placa: SEA-6G05"
"9206502","2026-09-09 10:20:25","Thayna PRE-VENDAS","Insucesso","Não","","WhatsApp | Site","Não informado","João Pedro","4191353377","","","",""
"9206300","2026-09-09 10:05:42","Allan Junior Dos Santos Ramos","Insucesso","Não","","WhatsApp | Instagram Ads","Venda","📡☢️🔝","4188518034","","","",""
"9206216","2026-09-09 10:00:07","Thayna PRE-VENDAS","Insucesso","Não","","WhatsApp | Site","Não informado","MARCELO ADRIANO","4196788892","","","",""
"9206045","2026-09-09 09:49:12","","Pendente","Não","","WhatsApp | Instagram Ads","Não informado","pp.","41999940221","","paulopereirapp.1963@gmail.com","",""
"9206014","2026-09-09 09:46:38","Aniversariantes BellosCar","Sucesso","Sim","2026-09-09 09:50:35","Carteira","Não informado","HALEKSSANDRA","41998189898","","","","Ford Fiesta Fiesta / placa: AYM-4590"
"9205932","2026-09-09 09:41:33","ESPAÇO BELLOS","Insucesso","Não","","WhatsApp","Não informado","Gilmar","4195374449","","","",""
"9205459","2026-09-09 09:08:54","ESPAÇO BELLOS","Insucesso","Não","","WhatsApp | Site","Não informado","Gilmar","4195374449","","","",""
"9205390","2026-09-09 09:03:17","Thayna PRE-VENDAS","Insucesso","Não","","Facebook Ads","Venda","Luiz Carlos Guimarães de Oliveira Junior","41984381073","41984381073","lcgoj@hotmail.com","",""
"9205380","2026-09-09 09:02:25","Allan Junior Dos Santos Ramos","Insucesso","Não","","Olx","Venda","Nilton","42999623616","","dir-nildogavlik@camporeal.edu.br","Honda Civic Civic / placa: RHL-1G03",""
"9205158","2026-09-09 08:39:42","Allan Junior Dos Santos Ramos","Recontato","Não","","WhatsApp | Site","Venda","Rodrigo Macario","41998864140","","RODRIGOMACARIO507@GMAIL.COM","",""
"9205016","2026-09-09 08:26:35","Allan Junior Dos Santos Ramos","Insucesso","Não","","SóCarrão","Venda","José Luiz","44991472206","","joseluizcatarino123@gmail.com","VolksWagen Polo Polo / placa: SEZ-5I39",""
"9204953","2026-09-09 08:19:39","ESPAÇO BELLOS","Insucesso","Não","","WhatsApp | Site","Venda","Vieira","4192351492","","","",""
"9204745","2026-09-09 07:39:44","Thayna PRE-VENDAS","Insucesso","Não","","Facebook Ads","Não informado","Osmair Benato","41999460538","41999460538","osmair.benato@yahoo.com.br","",""
"9203523","2026-09-09 05:54:40","Thayna PRE-VENDAS","Insucesso","Não","","Google | Site","Compra","João Carlos Honorato Barbosa","41988289137","","jhonorato2509@gmail.com","",""
"9203479","2026-09-09 05:27:46","Thayna PRE-VENDAS","Insucesso","Não","","Facebook Ads","Venda","Jeferson Luiz Pazini","41988330634","41988330634","jeferson.vane@gmail.com","",""
"9203194","2026-09-09 01:17:12","Allan Junior Dos Santos Ramos","Insucesso","Não","","WhatsApp | Site","Venda","Lourdes","4195771627","","","VolksWagen JETTA JETTA / placa: AZV-4110",""
"9202731","2026-09-09 00:18:19","Allan Junior Dos Santos Ramos","Insucesso","Não","","Olx","Venda","Nene","41996413436","","hediandrodwolatka4@gmail.com","VolksWagen JETTA JETTA / placa: AZV-4110",""
"9202571","2026-09-08 23:59:29","Thayna PRE-VENDAS","Insucesso","Não","","Facebook Ads","Compra","Fabricio Bovo","41999447828","41999447828","drfabriciobovo@yahoo.com.br","",""
"9202494","2026-09-08 23:39:27","Allan Junior Dos Santos Ramos","Insucesso","Sim","2026-09-10 14:03:41","Facebook Ads","Troca","Anderson Cruz","41984957109","41984957109","anderson.ssc@hotmail.com","","Jaecoo 7 7 / placa: TPU-1J52"
"9202493","2026-09-08 23:39:13","Thayna PRE-VENDAS","Insucesso","Não","","Facebook Ads","Não informado","Rafael Morim Dias","41992922611","41992922611","rafamdias83@gmail.com","",""
"9202481","2026-09-08 23:37:31","Allan Junior Dos Santos Ramos","Insucesso","Não","","Facebook Ads","Venda","Vini","41999999999","41999999999","Viniciusmurray05@gmail.com","",""
"9202469","2026-09-08 23:33:54","ESPAÇO BELLOS","Insucesso","Não","","WhatsApp | Site","Não informado","Sheila Cristina Machado","4187761284","","","",""
"9202130","2026-09-08 23:08:58","Thayna PRE-VENDAS","Insucesso","Não","","Mercado Livre | WhatsApp","Venda","Gustavo","11944914426","","gugustavogoncalvesdesouza@gmail.com","HONDA CG CG / placa: TJM-5D46",""
"9201960","2026-09-08 22:33:30","Lais Narimã Ferreira Vieira","Insucesso","Não","","Facebook Ads","Financiamento","Jefferson Pereira","12996802652","12996802652","jeffersonpaz540@gmail.com","",""
"9201851","2026-09-08 22:16:38","Thayna PRE-VENDAS","Insucesso","Não","","WhatsApp | Facebook Ads","Compra","Belton","4196427097","","","",""
"9201709","2026-09-08 21:49:56","Thayna PRE-VENDAS","Recontato","Não","","Olx","Troca","Marcelo","47984102631","","marcelllus@msn.com","Jeep COMPASS COMPASS / placa: SEY-7F96",""
"9201695","2026-09-08 21:47:58","ESPAÇO BELLOS","Insucesso","Não","","WhatsApp","Não informado","Sisto Mattos jr Mattos","48984808450","","sisto.mattos@hotmail.com","",""
"9201575","2026-09-08 21:31:03","Allan Junior Dos Santos Ramos","Insucesso","Não","","Olx","Venda","Andre Oliveira","41997739363","","andre_luiz92@hotmail.com","Caoa Chery Tiggo Tiggo / placa: SCM-5I67",""
"9201542","2026-09-08 21:27:18","Allan Junior Dos Santos Ramos","Insucesso","Não","","Facebook Ads","Venda","Rodrigo Camargo Teixeira","41998238561","41998238561","rodrigo-camargo09@hotmail.com","",""
"9201443","2026-09-08 21:13:17","Thayna PRE-VENDAS","Insucesso","Não","","WhatsApp","Não informado","Moretti","11999944060","","","",""
"9201178","2026-09-08 20:40:00","Thayna PRE-VENDAS","Insucesso","Não","","SóCarrão | WhatsApp","Venda","Thais","41996423372","","taticecato@hotmail.com","VolksWagen Nivus Nivus / placa: TBT-7E62",""
"9201133","2026-09-08 20:35:02","Allan Junior Dos Santos Ramos","Insucesso","Não","","Facebook Ads","Venda","James","41988218262","41988218262","jamesinstrumentador@gmail.com","",""
"9201059","2026-09-08 20:26:07","Allan Junior Dos Santos Ramos","Insucesso","Não","","WhatsApp | Site","Venda","Maria Paula","4188528464","","Maria Paula","Ford EcoSport EcoSport / placa: BDC-5H67",""
"9200954","2026-09-08 20:14:00","Allan Junior Dos Santos Ramos","Insucesso","Não","","WhatsApp","Venda","Luis Henrique Meleti","5596542396","","","Volvo XC XC / placa: AXD-5E00",""
"9200873","2026-09-08 20:04:05","Thayna PRE-VENDAS","Insucesso","Não","","Olx","Troca","adriano duarte cassoli","44999032080","","adrianocassoli@gmail.com","BMW X4 X4 / placa: QBC-2G07",""
"9200870","2026-09-08 20:03:43","ESPAÇO BELLOS","Insucesso","Não","","WhatsApp | Instagram Ads","Não informado","Elias Kovalski","41998525653","","eliaskovalski@gmai.com","",""
"9200539","2026-09-08 19:23:13","Allan Junior Dos Santos Ramos","Insucesso","Não","","WhatsApp | Instagram Ads","Compra","Vera Machado","4199567133","","","",""
"9200448","2026-09-08 19:11:17","Thayna PRE-VENDAS","Insucesso","Não","","WhatsApp | Instagram Ads","Venda","Fábio","4599947868","","","",""
"9200419","2026-09-08 19:08:16","Lais Narimã Ferreira Vieira","Insucesso","Não","","Facebook Ads","Financiamento","Francisco Santos","41992081895","41992081895","franciscotjarigor@gmail.com","",""
"9200221","2026-09-08 18:46:40","Thayna PRE-VENDAS","Insucesso","Não","","WhatsApp | Instagram Ads","Não informado","Samuel","41996272045","","","",""
"9200200","2026-09-08 18:43:52","Thayna PRE-VENDAS","Insucesso","Não","","WhatsApp | Instagram Ads","Venda","Cláudio Maciel","4195137011","","","",""
"9200118","2026-09-08 18:32:26","Allan Junior Dos Santos Ramos","Insucesso","Não","","WhatsApp","Compra","Brendon Gresele","5199982787","","","",""
"9199984","2026-09-08 18:19:03","Thayna PRE-VENDAS","Insucesso","Não","","Facebook Ads","Venda","Nathalia Franciosi","41987968143","41987968143","linconlnrodrigues@gmail.com","",""
"9199923","2026-09-08 18:13:01","Lais Narimã Ferreira Vieira","Insucesso","Não","","Facebook Ads","Não informado","Victor","41995496608","","joelvictorteixeirad@hotmail.com","",""
"9199847","2026-09-08 18:04:40","Lais Narimã Ferreira Vieira","Insucesso","Não","","Facebook Ads","Financiamento","Gabriel Melo","41996627196","41996627196","gabrielmelo22011202015@outlook.com","",""
"9199369","2026-09-08 17:24:42","Thayna PRE-VENDAS","Insucesso","Não","","WhatsApp | Site","Venda","Izolde","4196359418","","","",""
"9199317","2026-09-08 17:20:05","Allan Junior Dos Santos Ramos","Recontato","Não","","WhatsApp","Compra","Arthur Schlemmer","4192772299","","","",""
"9199145","2026-09-08 17:10:07","Thayna PRE-VENDAS","Insucesso","Não","","Facebook Ads","Compra","Ana Gabriela Koch Leite","42999242761","42999242761","anakoch1311@gmail.com","",""
"9199061","2026-09-08 17:03:28","Allan Junior Dos Santos Ramos","Insucesso","Não","","Facebook Ads","Venda","Marcos Flizikowski","41998650199","41998650199","marcos.flizikowski@gmail.com","",""
"9198480","2026-09-08 16:17:56","Allan Junior Dos Santos Ramos","Insucesso","Não","","Facebook Ads","Venda","Fábio Michel de Oliveira","14198143113","14198143113","fabiomichel425@gmail.com","",""
"9198428","2026-09-08 16:13:40","Thayna PRE-VENDAS","Insucesso","Não","","Facebook Ads","Venda","Daniele Kreutzfeld","47999422998","47999422998","danielekreutzfeld89@gmail.com","",""
"9198357","2026-09-08 16:08:50","Lais Narimã Ferreira Vieira","Insucesso","Não","","Facebook Ads","Financiamento","Brenner Arbegaus","41998287195","41998287195","kayroktudo@hotmail.com","",""
"9198323","2026-09-08 16:06:47","Thayna PRE-VENDAS","Insucesso","Não","","SóCarrão","Venda","Claudiomir Prestes","42999932680","","claudiocrt1910@gmail.com","Renault OROCH OROCH / placa: SEA-3D65",""
"9197768","2026-09-08 15:26:28","Allan Junior Dos Santos Ramos","Insucesso","Não","","Site","Venda","Paulo Marreira","92994668332","","paulinho+belloscar@marreiradigital.com.br","VolksWagen Nivus Nivus / placa: TBT-7E62",""
"9197529","2026-09-08 15:08:34","Thayna PRE-VENDAS","Insucesso","Não","","WhatsApp","Compra","Itamar Nogueira","55991550051","55991550051","itamar.nogueira@me.com","",""
"9197346","2026-09-08 14:53:41","Thayna PRE-VENDAS","Insucesso","Não","","WhatsApp","Venda","Simone Aparecida Viatrosk","4197623801","","","",""
"9197142","2026-09-08 14:38:22","ESPAÇO BELLOS","Insucesso","Não","","Instagram","Venda","Pricila","41000000000","","","",""
"9197128","2026-09-08 14:37:32","Allan Junior Dos Santos Ramos","Insucesso","Sim","2026-09-09 14:43:51","WhatsApp","Venda","Piloto Motors - Diego Belotto","4599846842","","","Land Rover Discov. Discov. / placa: TTM-9G70",""
"9196952","2026-09-08 14:24:25","Thayna PRE-VENDAS","Insucesso","Não","","Facebook Ads","Compra","Pricila Dezordi","42991620563","42991620563","diego-pricila29@hotmail.com","",""
"9196935","2026-09-08 14:23:35","Allan Junior Dos Santos Ramos","Insucesso","Não","","WhatsApp | Instagram Ads","Troca","Rodolfo","19978023140","","","Honda Civic Civic / placa: AWM-9654",""
"9196914","2026-09-08 14:21:38","Allan Junior Dos Santos Ramos","Insucesso","Sim","2026-09-09 11:31:24","WhatsApp | Site","Compra","Alysson Luis Donaiski","41984041158","","donaiski@hotmail.com","","Chevrolet SPIN SPIN / placa: QJS-6D08"
"9196267","2026-09-08 13:32:40","Thayna PRE-VENDAS","Insucesso","Não","","WhatsApp","Venda","Thiago Santos","4298273659","","","",""
"9196103","2026-09-08 13:19:34","Lais Narimã Ferreira Vieira","Insucesso","Não","","Facebook Ads","Financiamento","Binho pb","48996632963","48996632963","rubem.ariel5@gmail.com","",""
"9195775","2026-09-08 12:54:27","Thayna PRE-VENDAS","Insucesso","Não","","WhatsApp | Instagram Ads","Venda","Eduardo","4196085455","","","",""
"9195584","2026-09-08 12:38:47","ESPAÇO BELLOS","Insucesso","Não","","Instagram","Não informado","Silvan Dal Bello","","","silvan.belloscar@instagram.com","",""
"9195559","2026-09-08 12:37:26","Thayna PRE-VENDAS","Insucesso","Não","","SóCarrão | WhatsApp","Venda","Francielle Casiraghi de Oliveira","41997268712","","francasioli@hotmail.com","Fiat Fastback Fastback / placa: SEO-4B44",""
"9195369","2026-09-08 12:21:57","Allan Junior Dos Santos Ramos","Insucesso","Não","","WhatsApp | Site","Venda","Luiz Gonzaga da Silva Junior","41996188448","","gonzaga8448@gmail.com","VolksWagen Polo Polo / placa: BBR-5J31",""
"9195224","2026-09-08 12:10:47","Lais Narimã Ferreira Vieira","Insucesso","Não","","Facebook Ads","Financiamento","Sandra Cristina da Silva","41997145866","41997145866","sandracristinadasilva274@gmail.com","",""
"9195140","2026-09-08 12:04:47","Allan Junior Dos Santos Ramos","Insucesso","Não","","Olx | WhatsApp | Site","Troca","Geovani raimundo felix","41995529741","","felixgeovani72@gmail.com","VolksWagen Polo Polo / placa: AXU-8A22",""
"9194901","2026-09-08 11:47:10","Allan Junior Dos Santos Ramos","Insucesso","Não","","WhatsApp | Instagram Ads","Venda","Léo Agapito","4198238703","","","",""
"9194803","2026-09-08 11:39:53","Lais Narimã Ferreira Vieira","Insucesso","Não","","Facebook Ads","Financiamento","Renan Perera","43996922402","43996922402","pereirarenan587@gmail.com","",""
"9194718","2026-09-08 11:33:32","Allan Junior Dos Santos Ramos","Insucesso","Não","","Facebook Ads","Venda","Diego Silva","41997124379","41997124379","diegouninter@gmail.com","",""
"9194411","2026-09-08 11:11:58","Allan Junior Dos Santos Ramos","Insucesso","Não","","Facebook Ads","Compra","Eduardo Kaiser","41997106070","41997106070","eduardoroters878@gmail.com","",""
"9194326","2026-09-08 11:07:29","Thayna PRE-VENDAS","Insucesso","Não","","WhatsApp","Troca","🙏🏻🙏🏻🙏🏻","4192637993","","","Ford Ka Ka / placa: AZN-2348",""
"9194039","2026-09-08 10:48:46","Thayna PRE-VENDAS","Insucesso","Não","","Facebook Ads","Compra","Fran Wacheleski","41988543868","41988543868","franciwacheleski@hotmail.com","",""
"9193880","2026-09-08 10:40:20","Thayna PRE-VENDAS","Insucesso","Não","","WhatsApp | Site","Venda","Débora Véus","13996724046","","","",""
"9193806","2026-09-08 10:35:48","Thayna PRE-VENDAS","Insucesso","Não","","WhatsApp","Venda","Beloni Ortolan psicóloga","4196192465","","","",""
"9193760","2026-09-08 10:33:22","Allan Junior Dos Santos Ramos","Insucesso","Não","","WhatsApp | Site","Venda","Rogério Carlos","4191180477","","","Chevrolet MONTANA MONTANA / placa: EXJ-5J00",""
"9192934","2026-09-08 09:37:26","Thayna PRE-VENDAS","Insucesso","Não","","Olx","Venda","industri.arte","31983807150","","toystoryoliveira@gmail.com","Renault OROCH OROCH / placa: SEA-3D65",""
"9192861","2026-09-08 09:32:11","Lais Narimã Ferreira Vieira","Insucesso","Não","","Facebook Ads","Financiamento","ᒪucas Vaz","43996739937","43996739937","lwvaz@hotmail.com","",""
"9192805","2026-09-08 09:28:20","Thayna PRE-VENDAS","Insucesso","Não","","Mercado Livre | ML WhatsApp","Venda","Flavio teixeira","31998267870","","flavioteixeiratex@gmail.com","Audi A3 A3 / placa: FRZ-5I95",""
"9191996","2026-09-08 08:14:17","Allan Junior Dos Santos Ramos","Insucesso","Não","","Facebook Ads","Venda","Marcos Smolinski","46984088578","46984088578","marcos_smolinski@hotmail.com","",""
"9191834","2026-09-08 07:42:50","Thayna PRE-VENDAS","Insucesso","Não","","Facebook Ads","Venda","Carlos Calzadilla","41996240985","41996240985","Calzadillacarlos734@gmail.com","",""
"9191814","2026-09-08 07:35:20","Allan Junior Dos Santos Ramos","Insucesso","Não","","WhatsApp","Venda","Mc Danilo🎶🎶🎶🎶","4197653396","","","",""
"9191791","2026-09-08 07:27:34","Allan Junior Dos Santos Ramos","Insucesso","Não","","Olx","Venda","Sidney Ferreira dos Santos","41998960465","","construart75@gmail.com","Jeep COMPASS COMPASS / placa: BCP-7H40",""
"9191782","2026-09-08 07:25:05","Thayna PRE-VENDAS","Insucesso","Não","","WhatsApp | Instagram Ads","Compra","Elisangela Comachio","4999953804","","","",""
"9191634","2026-09-08 06:44:22","Thayna PRE-VENDAS","Insucesso","Não","","Olx","Venda","carlitoalbiero","41996849041","","carlitoalbiero@gmail.com","VolksWagen TAOS TAOS / placa: SVN-3D07",""
"9191632","2026-09-08 06:42:31","Lais Narimã Ferreira Vieira","Insucesso","Não","","Facebook Ads","Financiamento","Michael Douglas","41991170611","41991170611","maicon_slord@hotmail.com","",""
"9190698","2026-09-08 03:40:09","Thayna PRE-VENDAS","Insucesso","Não","","Chaves na Mão","Venda","Genilson","81984710470","","genilsongpf@gmail.com","Kia Motors Cerato Cerato / placa: AWM-7527",""
"9190296","2026-09-08 01:09:57","","Pendente","Não","","WhatsApp | Instagram Ads","Não informado","Gerson","41984634480","","","",""
"9189971","2026-09-08 00:37:11","Allan Junior Dos Santos Ramos","Insucesso","Não","","Site","Compra","Josue Meneus","41995894401","","Josuemeneus23@gmail.com","",""
"9189969","2026-09-08 00:36:18","Thayna PRE-VENDAS","Insucesso","Não","","Chaves na Mão","Não informado","Heloísa","55985048832","","heloisalimarfh@gmail.com","BMW X4 X4 / placa: QBC-2G07",""
"9189937","2026-09-08 00:25:00","Allan Junior Dos Santos Ramos","Insucesso","Não","","WhatsApp | Instagram Ads","Compra","...","4196676258","","","",""
"9189927","2026-09-08 00:22:07","Allan Junior Dos Santos Ramos","Insucesso","Não","","Facebook Ads","Compra","Gilberto Danilow","41991271865","41991271865","grdanilow@hotmail.com","",""
"9189575","2026-09-07 23:20:12","Allan Junior Dos Santos Ramos","Insucesso","Não","","Facebook Ads","Venda","Karla F. Rocha Vicente","41988870326","","karlafrocha@gmail.com","",""
"9189189","2026-09-07 22:29:46","Thayna PRE-VENDAS","Insucesso","Não","","Facebook Ads","Venda","Renimar Seifert Mariano","41995156977","41995156977","renimar-s.m@hotmail.com","",""
"9188979","2026-09-07 21:48:09","Lais Narimã Ferreira Vieira","Em atendimento","Não","","Facebook Ads","Financiamento","Patricia Morais","41995697587","","paty.19.10machado@hotmail.com","",""
"9188893","2026-09-07 21:36:58","Thayna PRE-VENDAS","Insucesso","Não","","WhatsApp | Instagram Ads","Não informado","Lucas","4197683988","","","",""
"9188859","2026-09-07 21:30:46","Thayna PRE-VENDAS","Insucesso","Não","","Olx","Venda","junior","41996365709","","jucaelux@hotmail.com","Jeep COMPASS COMPASS / placa: SEY-7F96",""
"9188847","2026-09-07 21:28:45","","Pendente","Não","","WhatsApp | Facebook Ads","Não informado","Giulvane","4199869163","","Giulvane","",""
"9188690","2026-09-07 21:05:16","Thayna PRE-VENDAS","Insucesso","Não","","Olx","Venda","WILLIAN DAYMOND RAMOS","41999804415","","willian89daymond@hotmail.com","VolksWagen TAOS TAOS / placa: SVN-3D07",""
"9188050","2026-09-07 19:51:33","Thayna PRE-VENDAS","Insucesso","Não","","Facebook Ads","Compra","Grégori Zanardi","49991566293","49991566293","gregori_zanardi@hotmail.com","",""
"9187932","2026-09-07 19:38:22","Allan Junior Dos Santos Ramos","Insucesso","Não","","Facebook Ads","Venda","Rinaldo de Souza","43988113229","43988113229","rinaldo.midia@gmail.com","",""
"9187911","2026-09-07 19:36:15","ESPAÇO BELLOS","Insucesso","Não","","Facebook Ads","Venda","Reinaldo Souza","14184540563","14184540563","reinaldo.souza122609@gmail.com","",""
"9187718","2026-09-07 19:13:16","Allan Junior Dos Santos Ramos","Insucesso","Não","","Facebook Ads","Compra","murilo zambon","41987838536","41987838536","zambonferreira417@icloud.com","",""
"9187586","2026-09-07 18:54:06","Lais Narimã Ferreira Vieira","Em atendimento","Não","","Facebook Ads","Financiamento","Deniz Abreu","41996335433","41996335433","denizsouzadeabreu@gmail.com","",""
"9187554","2026-09-07 18:49:09","Lais Narimã Ferreira Vieira","Em atendimento","Não","","Facebook Ads","Financiamento","Hebron Decol de Souza","41997635232","41997635232","hebrondecol@gmail.com","",""
"9187300","2026-09-07 18:16:56","Lais Narimã Ferreira Vieira","Em atendimento","Não","","Facebook Ads","Financiamento","e_campos05","47984868030","47984868030","edu.campos.0112@gmail.com","",""
"9187232","2026-09-07 18:05:49","Lais Narimã Ferreira Vieira","Insucesso","Não","","Facebook Ads","Financiamento","Célio Gouveia","41992270354","41992270354","celiogouveia2022@gmail.com","",""
"9187208","2026-09-07 18:02:09","Allan Junior Dos Santos Ramos","Insucesso","Não","","WhatsApp | Site","Venda","Vera","4196218085","","","",""
"9187173","2026-09-07 17:58:13","Lais Narimã Ferreira Vieira","Insucesso","Não","","Facebook Ads","Financiamento","Nadia Tehini Assaf","45999964040","45999964040","nadiatahini2@gmail.com","",""
"9186780","2026-09-07 17:10:03","ESPAÇO BELLOS","Insucesso","Não","","Instagram","Não informado","Contato Instagram","","","","",""
"9186751","2026-09-07 17:05:32","Lais Narimã Ferreira Vieira","Insucesso","Não","","Facebook Ads","Não informado","Gustavo Eduardo","42984117767","42984117767","jerrycunda00294@gmail.com","",""
"9186725","2026-09-07 17:01:48","Thayna PRE-VENDAS","Insucesso","Não","","Facebook Ads","Venda","Rafael Lima","44998019976","44998019976","rotername@gmail.com","",""
"9186594","2026-09-07 16:43:56","Thayna PRE-VENDAS","Insucesso","Não","","WhatsApp | Facebook Ads","Compra","Francielli","4198450667","","","",""
"9186359","2026-09-07 16:13:59","Allan Junior Dos Santos Ramos","Insucesso","Não","","SóCarrão","Venda","Marcelo Conte","41998808709","","marceloconte2273@gmail.com","Hyundai HB20S HB20S / placa: BBF-8G16",""
"9186256","2026-09-07 16:01:14","Lais Narimã Ferreira Vieira","Em atendimento","Não","","Facebook Ads","Financiamento","Peterson Esteves","41992475752","41992475752","petersenesteves@gmail.com","",""
"9186236","2026-09-07 15:58:19","Allan Junior Dos Santos Ramos","Recontato","Não","","Facebook Ads","Compra","Edson Marcel","41995684040","41995684040","emarcel07@outlook.com","",""
"9186147","2026-09-07 15:44:46","Allan Junior Dos Santos Ramos","Insucesso","Não","","WhatsApp | Instagram Ads","Venda","Leo Munhos","4184413005","","","Ford Taurus Taurus / placa: AFI-3F45",""
"9185890","2026-09-07 15:11:51","Thayna PRE-VENDAS","Insucesso","Não","","Olx","Venda","Jose Carlos Guarnieri","61998215959","","agrojm09@gmail.com","Jeep COMPASS COMPASS / placa: AKP-4J99",""
"9185808","2026-09-07 15:00:13","Thayna PRE-VENDAS","Insucesso","Não","","WhatsApp | Instagram Ads","Venda","José Carlos","4196250632","","","",""
"9185632","2026-09-07 14:33:46","Allan Junior Dos Santos Ramos","Insucesso","Não","","SóCarrão","Venda","Marcello Cavalheiro","41984428579","","texascar@hotmail.com","Ford F-1000 F-1000 / placa: IHK-1I94",""
"9185587","2026-09-07 14:26:56","Allan Junior Dos Santos Ramos","Insucesso","Não","","WhatsApp | Instagram Ads","Compra","Michele Smolari transportes rodoviários","17981997732","","","",""
"9185574","2026-09-07 14:25:12","Thayna PRE-VENDAS","Insucesso","Não","","Facebook Ads","Não informado","Ricardo Gresinger","47988137235","47988137235","ricardogresinger@hotmail.com","",""
"9185568","2026-09-07 14:24:49","Allan Junior Dos Santos Ramos","Insucesso","Não","","Google | Site","Compra","Francisco Roman","41987855259","","francisco.roman32@gmail.com","",""
"9185410","2026-09-07 14:05:47","Lais Narimã Ferreira Vieira","Em atendimento","Não","","Facebook Ads","Financiamento","Thiago Lima","41987860898","41987860898","thiagobsdrumer@hotmail.com","",""
"9185185","2026-09-07 13:37:27","Allan Junior Dos Santos Ramos","Sucesso","Sim","2026-09-19 09:39:17","Olx","Venda","JOILO DORTA DE SOUZA","41988587913","","joilodorta07@gmail.com","HONDA CG CG / placa: TJM-5D46",""
"9185103","2026-09-07 13:29:21","Allan Junior Dos Santos Ramos","Insucesso","Não","","Facebook Ads","Venda","Jéssica Escobar","41989037289","41989037289","jessica_escobaar@hotmail.com","",""
"9185063","2026-09-07 13:24:39","Lais Narimã Ferreira Vieira","Em atendimento","Não","","Facebook Ads","Financiamento","Geovanny Gonçalves","41998496901","41998496901","geovanioiveira456@gmail.com","",""
"9184990","2026-09-07 13:13:13","Allan Junior Dos Santos Ramos","Insucesso","Não","","Facebook Ads","Venda","HUMBERTO CARLOS MUNCK","45998542407","45998542407","humbertomunck@gmail.com","",""
"9184315","2026-09-07 11:57:13","Allan Junior Dos Santos Ramos","Insucesso","Não","","WhatsApp","Venda","Patricky〽️","41999877523","","","",""
"9184065","2026-09-07 11:27:39","Thayna PRE-VENDAS","Insucesso","Não","","Olx","Venda","Simone","41997383688","","sr499584@gmail.com","Ford Ka Ka / placa: AZN-2348",""
"9184010","2026-09-07 11:21:29","Thayna PRE-VENDAS","Insucesso","Não","","WhatsApp | Instagram Ads","Venda","Paulo Martin","4184564631","","","",""
"9183989","2026-09-07 11:18:19","Allan Junior Dos Santos Ramos","Insucesso","Não","","Site","Compra","Celestino","41998793994","","celetravensoli@gmail.com","",""
"9183766","2026-09-07 10:55:37","Thayna PRE-VENDAS","Insucesso","Não","","Facebook Ads","Venda","Lincon Ribas","41998722082","41998722082","linconribas6@gmail.com","",""
"9183646","2026-09-07 10:41:39","Allan Junior Dos Santos Ramos","Insucesso","Não","","Facebook Ads","Compra","Andre Fofano","41992702729","41992702729","fofano.andre@outlook.com","",""
"9183563","2026-09-07 10:31:57","Thayna PRE-VENDAS","Insucesso","Não","","WhatsApp | Instagram Ads","Compra","Mary 🎶","41920047683","","","",""
"9183558","2026-09-07 10:31:08","Lais Narimã Ferreira Vieira","Insucesso","Não","","Facebook Ads","Financiamento","Elky Guimaraes Oficial","41988297554","41988297554","lelky_tuc@hotmail.com","",""
"9183411","2026-09-07 10:08:41","Thayna PRE-VENDAS","Insucesso","Não","","Google | Site","Compra","Jorge Miguel de Souza","41998194933","","jorgemiguelctt@gmail.com","",""
"9182997","2026-09-07 09:14:40","Allan Junior Dos Santos Ramos","Agendado","Não","","WhatsApp | Instagram Ads","Venda","Clecio","4198791696","","","Honda Civic Civic / placa: AWM-9654",""
"9182852","2026-09-07 08:48:39","Allan Junior Dos Santos Ramos","Insucesso","Não","","Facebook Ads","Venda","José Carlos de Oliveira","41988487213","41988487213","joseoliveiramartins7806@gmail.com","",""
"9182798","2026-09-07 08:37:07","Thayna PRE-VENDAS","Insucesso","Não","","WhatsApp | Site","Venda","Galma Santos Pereira","41995184759","","","",""
"9182796","2026-09-07 08:36:48","Thayna PRE-VENDAS","Insucesso","Não","","Facebook Ads","Compra","Claudineto • Carlo Ancelotti do Brasil","41992580629","41992580629","clmsx3.pinturareparos@gmail.com","",""
"9182677","2026-09-07 08:09:15","Allan Junior Dos Santos Ramos","Insucesso","Sim","2026-09-18 10:25:52","Facebook Ads","Compra","Celso Silva","41988286011","41988286011","Celso.silva@hcdc.com.br","","Caoa Chery Tiggo Tiggo / placa: SER-0J06"
"9182620","2026-09-07 07:56:14","Thayna PRE-VENDAS","Insucesso","Não","","Facebook Ads","Compra","Sidnei Pazza","45999058423","45999058423","sidneipazza53@gmail.com","",""
"9182538","2026-09-07 07:29:20","Lais Narimã Ferreira Vieira","Em atendimento","Não","","Facebook Ads","Financiamento","Cleide Maria Pereira Polga","41996742523","41996742523","creidepolga@gmail.com","",""
"9182524","2026-09-07 07:26:52","Thayna PRE-VENDAS","Insucesso","Não","","Facebook Ads","Venda","Guilherme Toss","46991382657","46991382657","toss.adv@gmail.com","",""
"9181631","2026-09-07 02:01:00","Allan Junior Dos Santos Ramos","Insucesso","Não","","WhatsApp | Site","Venda","Nelcy","4199887698","","","",""
"9180952","2026-09-07 00:03:03","Lais Narimã Ferreira Vieira","Em atendimento","Não","","Facebook Ads","Financiamento","Samuel Ribeiro","44991075548","44991075548","ribeirosamuel201@gmail.com","",""
"9180782","2026-09-06 23:19:23","Thayna PRE-VENDAS","Insucesso","Não","","SóCarrão","Venda","Odilon Pereira","42998559091","","odilonpereira2270@gmail.com","VolksWagen Polo Polo / placa: AXU-8A22",""
"9180711","2026-09-06 23:13:16","Thayna PRE-VENDAS","Insucesso","Não","","Facebook Ads","Venda","Franklin Andrade Alves","45998310903","45998310903","exaltador@hotmail.com","",""
"9180515","2026-09-06 22:46:17","Lais Narimã Ferreira Vieira","Em atendimento","Não","","Facebook Ads","Financiamento","Caio Cecyn","41996482338","41996482338","caiocecyn@gmail.com","",""
"9180409","2026-09-06 22:28:05","Thayna PRE-VENDAS","Insucesso","Não","","Facebook Ads","Venda","Carlos Nasser Júnior","41988646736","41988646736","carlosnasser_jr@hotmail.com","",""
"9180312","2026-09-06 22:08:28","ESPAÇO BELLOS","Insucesso","Não","","WhatsApp | Site","Não informado","Rhavy","4491078903","","","",""
"9180254","2026-09-06 21:59:31","Lais Narimã Ferreira Vieira","Em atendimento","Não","","Facebook Ads","Financiamento","Salete Carvalho Da Silva","41991387186","41991387186","saleteatleticana@gmail.com","",""
"9179913","2026-09-06 20:59:05","Allan Junior Dos Santos Ramos","Insucesso","Não","","WhatsApp | Instagram Ads","Venda","João","41999949300","","","Ford Taurus Taurus / placa: AFI-3F45",""
"9179778","2026-09-06 20:39:05","Allan Junior Dos Santos Ramos","Insucesso","Não","","WhatsApp","Venda","Duan","21995964681","","","",""
"9179776","2026-09-06 20:39:00","Allan Junior Dos Santos Ramos","Insucesso","Não","","Facebook Ads","Compra","Renê Ramos","41984516031","41984516031","renewramos@uol.com.br","",""
"9179535","2026-09-06 20:02:28","Thayna PRE-VENDAS","Insucesso","Não","","SóCarrão | WhatsApp","Venda","Vinícius","47999579076","","veniitai@gmail.com","Chevrolet CRUZE CRUZE / placa: BDG-2G27",""
"9179487","2026-09-06 19:56:44","Allan Junior Dos Santos Ramos","Insucesso","Não","","WhatsApp | Site","Troca","Rubens","4195485549","","","VolksWagen Fox Fox / placa: BCQ-6B07",""
"9179104","2026-09-06 18:57:53","Thayna PRE-VENDAS","Insucesso","Não","","Facebook Ads","Não informado","Adri Soares","14197382710","14197382710","adribellaconfeccoes@gmail.com","",""
"9178934","2026-09-06 18:35:54","Thayna PRE-VENDAS","Insucesso","Não","","WhatsApp | Instagram Ads","Compra","Fran Almeida","4188505240","","","",""
"9178919","2026-09-06 18:34:24","Ana Dal Bello","Sucesso","Sim","2026-09-06 18:35:13","Carteira","Não informado","Helcio","41991140267","","","",""
"9178880","2026-09-06 18:28:42","Allan Junior Dos Santos Ramos","Sucesso","Sim","2026-09-12 13:11:04","SóCarrão | WhatsApp","Venda","dorivalsantos1054@gmail.com","41998201084","","dorivalsantos1054@gmail.com","Kia Motors Cerato Cerato / placa: AWM-7527","Honda Fit Fit / placa: AXE-1G52"
"9178865","2026-09-06 18:27:09","ESPAÇO BELLOS","Insucesso","Não","","WhatsApp | Instagram Ads","Não informado","matheus","4187353316","","","",""
"9178774","2026-09-06 18:14:31","Thayna PRE-VENDAS","Insucesso","Não","","SóCarrão","Venda","Dionísio Socoloski","41992150811","","italianosan@hotmail.com","Caoa Chery Tiggo Tiggo / placa: TBT-1F59",""
"9178744","2026-09-06 18:09:05","Allan Junior Dos Santos Ramos","Insucesso","Não","","Facebook Ads","Compra","Marcio Goncalves","41996154347","41996154347","marcio.vigo@gmail.com","",""
"9178408","2026-09-06 17:19:32","Allan Junior Dos Santos Ramos","Insucesso","Não","","Facebook Ads","Troca","Luis Cesar Bastos","41998864220","41998864220","lcfbastos@yahoo.com.br","Honda HR-V HR-V / placa: PCA-0H55",""
"9178241","2026-09-06 16:57:06","","Pendente","Não","","WhatsApp | Site","Não informado","Aldo Rodrigo","4399297010","","Aldo Rodrigo","VolksWagen Nivus Nivus / placa: TBT-7E62",""
"9178024","2026-09-06 16:22:19","Allan Junior Dos Santos Ramos","Insucesso","Não","","Facebook Ads","Venda","Andréa Sandra da Silva","41998453821","41998453821","deia772001@yahoo.com.br","",""
"9178021","2026-09-06 16:21:25","Allan Junior Dos Santos Ramos","Insucesso","Não","","WhatsApp","Venda","Denis Pazio","4499011182","","","Toyota RAV4 RAV4 / placa: BDW-6G48",""
"9177789","2026-09-06 15:50:07","Thayna PRE-VENDAS","Insucesso","Não","","WhatsApp | Site","Venda","Osmar Souza de Lima❤️","4198749147","","","",""
"9177742","2026-09-06 15:44:05","Lais Narimã Ferreira Vieira","Em atendimento","Não","","Facebook Ads","Financiamento","Eber Nascimento","41998317905","41998317905","eberson.bpc.civil@hotmail.com","",""
"9177678","2026-09-06 15:35:25","Thayna PRE-VENDAS","Insucesso","Não","","Facebook Ads","Venda","Ana Cristina Canoro","41992256769","41992256769","anacanoro@gmail.com","",""
"9177167","2026-09-06 14:15:56","Thayna PRE-VENDAS","Insucesso","Não","","Olx","Venda","Diethard Pauls","42984193365","","dpauls64@hotmail.com","Hyundai ix35 ix35 / placa: AYR-4E62",""
"9177139","2026-09-06 14:11:44","Thayna PRE-VENDAS","Insucesso","Sim","2026-09-12 14:22:47","Facebook Ads","Compra","Danilo","41996037028","41996037028","danilodcd@gmail.com","","VolksWagen Nivus Nivus / placa: TAY-2G88"
"9177119","2026-09-06 14:08:16","Allan Junior Dos Santos Ramos","Insucesso","Não","","WhatsApp","Venda","Claudinei","4788372928","","","",""
"9176946","2026-09-06 13:44:42","Lais Narimã Ferreira Vieira","Em atendimento","Não","","Facebook Ads","Financiamento","Gislaine Couto","41985045480","41985045480","gislainecouto31@yahoo.com","",""
"9176921","2026-09-06 13:41:16","Thayna PRE-VENDAS","Insucesso","Não","","WhatsApp | Instagram Ads","Venda","🔹","4195794156","","","",""
"9176869","2026-09-06 13:32:59","Thayna PRE-VENDAS","Insucesso","Não","","Facebook Ads","Não informado","Jairo Inácio","41996764641","41996764641","jairoinacio@hotmail.com","",""
"9176742","2026-09-06 13:15:16","Lais Narimã Ferreira Vieira","Insucesso","Não","","Facebook Ads","Financiamento","Marcelo Lima","41999032206","41999032206","limamarcelofer@gmail.com","",""
"9176181","2026-09-06 11:57:06","ESPAÇO BELLOS","Insucesso","Não","","Instagram","Não informado","Contato Instagram","","","","",""
"9175997","2026-09-06 11:32:12","Thayna PRE-VENDAS","Insucesso","Não","","SóCarrão","Venda","Gustavo Luis Macedo","41998809959","","xgugamacedox@gmail.com","HONDA CG CG / placa: TJM-5D46",""
"9175836","2026-09-06 11:08:04","Allan Junior Dos Santos Ramos","Recontato","Não","","Facebook Ads","Compra","Dayane Flávia","41988721291","41988721291","dayanefpereira@hotmail.com","",""
"9175817","2026-09-06 11:06:47","Lais Narimã Ferreira Vieira","Em atendimento","Não","","Facebook Ads","Financiamento","David","41996619280","41996619280","davidmarcoss1406@gmail.com","",""
"9175551","2026-09-06 10:29:20","Allan Junior Dos Santos Ramos","Insucesso","Não","","Olx","Venda","Dalmy Pacheco de Castro","61983242855","","dalmypacheco84@gmail.com","Renault OROCH OROCH / placa: SEA-3D65",""
"9175521","2026-09-06 10:24:41","Thayna PRE-VENDAS","Insucesso","Sim","2026-09-09 13:55:19","WhatsApp | Site","Venda","Jefherson Antonius 🌻🧩😎🧩","4198604565","","","Ford EcoSport EcoSport / placa: BDC-5H67","Ford EcoSport EcoSport / placa: FGN-4D15"
"9175414","2026-09-06 10:10:14","Allan Junior Dos Santos Ramos","Insucesso","Não","","Facebook Ads","Venda","Daniel Andrade","41996690545","41996690545","daniel.a.arruda1990@gmail.com","",""
"9175224","2026-09-06 09:41:25","Thayna PRE-VENDAS","Insucesso","Não","","Facebook Ads","Não informado","Rodolpho Emrich","47989216133","47989216133","rodolphoemichh@outlook.com","",""
"9175136","2026-09-06 09:27:31","Allan Junior Dos Santos Ramos","Insucesso","Não","","WhatsApp | Facebook Ads","Compra","Nelson","4196564018","","","",""
"9175097","2026-09-06 09:19:39","Allan Junior Dos Santos Ramos","Insucesso","Não","","Facebook Ads","Venda","Welber Santos","41999865126","41999865126","welber@axismng.com.br","",""
"9175007","2026-09-06 09:07:30","Thayna PRE-VENDAS","Insucesso","Não","","Google | Site","Compra","Igor heinz beck","41997207062","","heinzbeckigor@gmail.com","",""
"9174956","2026-09-06 08:58:03","Lais Narimã Ferreira Vieira","Em atendimento","Não","","Facebook Ads","Financiamento","Henrique Aparecido Fernandes","43996465437","43996465437","henriqueaf1@hotmail.com","",""
"9174854","2026-09-06 08:38:21","Thayna PRE-VENDAS","Insucesso","Não","","Facebook Ads","Compra","Guilherme Augusto","41996795215","41996795215","guijermo.10@gmail.com","",""
"9174561","2026-09-06 07:13:37","Allan Junior Dos Santos Ramos","Insucesso","Não","","Facebook Ads","Venda","Francine Castro","41996579098","","francine2castro@hotmail.com","",""
"9173672","2026-09-06 06:11:41","Thayna PRE-VENDAS","Insucesso","Não","","Facebook Ads","Venda","Edson Ramos","41984705402","41984705402","edsoncardoso504@gmail.com","",""
"9173641","2026-09-06 06:07:01","Allan Junior Dos Santos Ramos","Insucesso","Não","","Facebook Ads","Venda","Édipo Fernando","42999005596","","edipo_fernando_@hotmail.com","",""
"9173008","2026-09-06 01:06:32","Thayna PRE-VENDAS","Insucesso","Não","","Olx","Venda","Fernando","73999153238","","abencoadonando33@gmail.com","Ford Taurus Taurus / placa: AFI-3F45",""
"9172737","2026-09-06 00:06:36","Lais Narimã Ferreira Vieira","Insucesso","Não","","Facebook Ads","Financiamento","Roberta Grangel","41991953041","41991953041","grangelroberta@gmail.com","",""
"9172680","2026-09-05 23:50:18","Thayna PRE-VENDAS","Insucesso","Não","","WhatsApp | Site","Venda","Maria Marcondes","4199100392","","","",""
"9172602","2026-09-05 23:24:24","Thayna PRE-VENDAS","Insucesso","Não","","Facebook Ads","Compra","Geferson Salmoria","47992282225","47992282225","gefo10@yahoo.com.br","",""
"9172365","2026-09-05 22:56:39","Lais Narimã Ferreira Vieira","Insucesso","Não","","Facebook Ads","Financiamento","Fuxo Strapasson","41991912936","41991912936","elisandro.prm@hotmail.com","",""
"9172197","2026-09-05 22:15:36","ESPAÇO BELLOS","Insucesso","Não","","WhatsApp | Site","Não informado","Gustavo Ramos","4191092308","","","",""
"9172193","2026-09-05 22:14:44","Thayna PRE-VENDAS","Insucesso","Não","","SóCarrão","Venda","Nicolas Eduardo zgoda","41998225898","","zgodanicolas@gmail.com","HONDA CG CG / placa: TJM-5D46",""
"9172168","2026-09-05 22:08:54","Allan Junior Dos Santos Ramos","Insucesso","Não","","Olx","Venda","ranusioreis10@gmail.com","93991238551","","ranusioreis10@gmail.com","BMW X4 X4 / placa: QBC-2G07",""
"9172119","2026-09-05 21:58:13","Lais Narimã Ferreira Vieira","Insucesso","Não","","Facebook Ads","Financiamento","Otavio Cardoso","41992649748","41992649748","otaviotaborda@hotmail.com","",""
"9172109","2026-09-05 21:56:06","Lais Narimã Ferreira Vieira","Insucesso","Não","","Facebook Ads","Financiamento","Vanessa Maria","43996297404","43996297404","vanessasenatotal@hotmail.com","",""
"9172102","2026-09-05 21:55:00","Lais Narimã Ferreira Vieira","Em atendimento","Não","","Facebook Ads","Financiamento","Alesandra Satomi Minamida","41997631098","41997631098","alesandraminamida@gmail.com","",""
"9172003","2026-09-05 21:35:17","Thayna PRE-VENDAS","Insucesso","Sim","2026-09-12 10:09:08","Facebook Ads","Compra","Carlos Renato Godoy Dos Santos","41992620050","41992620050","crgodoys@gmail.com","","Caoa Chery Tiggo Tiggo / placa: RHJ-3A91"
"9171943","2026-09-05 21:21:05","Allan Junior Dos Santos Ramos","Insucesso","Não","","Facebook Ads","Venda","Everson Rutkoski","41998373246","41998373246","everutkoski@gmail.com","",""
"9171825","2026-09-05 20:58:06","Allan Junior Dos Santos Ramos","Insucesso","Não","","WhatsApp | Site","Venda","Hélio Silva Ursulino.","4191260836","","","",""
"9171647","2026-09-05 20:28:58","Thayna PRE-VENDAS","Insucesso","Não","","Facebook Ads","Compra","Paulo Saraceni","43984211616","43984211616","paulohsaraceni@hotmail.com","",""
"9171556","2026-09-05 20:16:12","Thayna PRE-VENDAS","Insucesso","Não","","WhatsApp | Site","Venda","Ana Carla","4199989301","","","Citroën C4 C4 / placa: RTG-2C87",""
"9171399","2026-09-05 19:51:18","Thayna PRE-VENDAS","Insucesso","Não","","Olx","Venda","Adilson","41999053866","","adilsonmikoski18@gmail.com","Chevrolet CRUZE CRUZE / placa: BAA-9A18",""
"9171120","2026-09-05 19:09:27","Thayna PRE-VENDAS","Insucesso","Não","","Olx","Venda","Bruno","41920004542","","bruno.favorito@gmail.com","Ford Ka Ka / placa: AZN-2348",""
"9171023","2026-09-05 18:55:31","Thayna PRE-VENDAS","Insucesso","Não","","Facebook Ads","Venda","SOLO SEGURO - Regularização Fundiária","41988426707","41988426707","viniciusassessoriajuridica@gmail.com","",""
"9170821","2026-09-05 18:27:49","Allan Junior Dos Santos Ramos","Insucesso","Não","","Facebook Ads","Venda","Grasieli Yamavaki","14199794712","14199794712","grasiyamavaki@gmail.com","",""
"9170814","2026-09-05 18:27:10","Thayna PRE-VENDAS","Insucesso","Não","","WhatsApp | Site","Venda","SIMONE PEREIRA","4197920212","","","",""
"9170688","2026-09-05 18:06:30","Thayna PRE-VENDAS","Insucesso","Não","","SóCarrão","Venda","JAQUELINE DOS","12991424108","","jakisanttos546@gmail.com","VolksWagen Polo Polo / placa: AXU-8A22",""
"9170679","2026-09-05 18:05:17","Allan Junior Dos Santos Ramos","Insucesso","Não","","Olx","Troca","Marcelo Luiz Erdmann","41985241928","","marcelorubivendas@hotmail.com","",""
"9170257","2026-09-05 17:02:13","ESPAÇO BELLOS","Insucesso","Não","","WhatsApp","Não informado","José","4195371389","","","",""
"9169590","2026-09-05 15:33:42","Recepção","Sucesso","Sim","2026-09-05 15:36:04","Passante","Compra","KAREN","41996544674","","","","Honda Civic Civic / placa: BET-4014"
"9169499","2026-09-05 15:22:31","Allan Junior Dos Santos Ramos","Insucesso","Não","","Facebook Ads","Compra","Guiomar Teixeira","44999003262","","guiomar.stosteixeira@gmail.com","",""
"9169433","2026-09-05 15:14:11","Allan Junior Dos Santos Ramos","Insucesso","Não","","WhatsApp | Site","Venda","nairdemenjon0","4188977079","","","",""
"9169069","2026-09-05 14:29:46","Allan Junior Dos Santos Ramos","Insucesso","Não","","Olx","Venda","Marina","44998238427","","","Hyundai HB20 HB20 / placa: BEU-5B11",""
"9169068","2026-09-05 14:29:25","Allan Junior Dos Santos Ramos","Insucesso","Não","","WhatsApp | Site","Venda","Iracema","4197508392","","","",""
"9168934","2026-09-05 14:15:48","Allan Junior Dos Santos Ramos","Insucesso","Não","","Facebook Ads","Venda","Marco Antonio Doi","41997667706","41997667706","marcodoi.md@gmail.com","VolksWagen Nivus Nivus / placa: SDP-4H14",""
"9168860","2026-09-05 14:06:32","Allan Junior Dos Santos Ramos","Insucesso","Não","","WhatsApp | Instagram Ads","Compra","valdirkutzki793","4199679039","","","",""
"9168732","2026-09-05 13:55:14","Allan Junior Dos Santos Ramos","Insucesso","Não","","Facebook Ads","Venda","Milena ellen","41999918973","","milenellenoliveira@gmail.com","",""
"9168665","2026-09-05 13:45:53","Allan Junior Dos Santos Ramos","Insucesso","Não","","WhatsApp | Site","Venda","atoniobomfom","4198497022","","","",""
"9168663","2026-09-05 13:45:37","Lais Narimã Ferreira Vieira","Insucesso","Não","","Facebook Ads","Financiamento","Jackson Ramos","42999640851","42999640851","ramosjackson6769@gmail.com","",""
"9168650","2026-09-05 13:44:13","Allan Junior Dos Santos Ramos","Insucesso","Não","","Olx","Venda","Mahri","44998535355","","mfbarbs@gmail.com","Hyundai HB20 HB20 / placa: BEU-5B11",""
"9168553","2026-09-05 13:32:27","Allan Junior Dos Santos Ramos","Insucesso","Não","","Olx","Venda","Leandro","41999286326","","leandroturismo2018@gmail.com","Jeep COMPASS COMPASS / placa: PKI-1D26",""
"9168490","2026-09-05 13:23:54","Recepção","Insucesso","Sim","2026-09-05 13:24:26","Passante","Compra","alexandre aedo marins duarte","41988065636","","","","Hyundai ix35 ix35 / placa: AXX-3C54"
"9168466","2026-09-05 13:20:53","Allan Junior Dos Santos Ramos","Insucesso","Não","","WhatsApp | Site","Financiamento","Juliano","41999271989","","julianolazaroto5@gmail.com","",""
"9168372","2026-09-05 13:09:54","Ana Dal Bello","Insucesso","Sim","2026-09-05 13:09:54","Loja","Não informado","Ana bello","41998472084","","","","Toyota Corolla Corolla / placa: SEJ-2G32"
"9168166","2026-09-05 12:49:35","Allan Junior Dos Santos Ramos","Insucesso","Não","","WhatsApp | Site","Venda","João Eloi","41998751162","","","",""
"9168032","2026-09-05 12:36:22","Allan Junior Dos Santos Ramos","Insucesso","Sim","2026-09-05 12:38:34","WhatsApp","Venda","Jeferson","41984689842","","","Kia Motors Cerato Cerato / placa: AWM-7527",""
"9167984","2026-09-05 12:32:21","Recepção","Insucesso","Sim","2026-09-05 12:32:46","Passante","Venda","Manuella","41995717406","","","",""
"9167914","2026-09-05 12:26:38","Allan Junior Dos Santos Ramos","Insucesso","Não","","Olx","Venda","Ingrid","43996528946","","ingridcardoso739@hotmail.com","Chevrolet TRACKER TRACKER / placa: ELY-0924",""
"9167890","2026-09-05 12:23:42","Allan Junior Dos Santos Ramos","Insucesso","Sim","2026-09-05 12:43:20","WhatsApp","Venda","Marcio","41988370909","","","BMW X1 X1 / placa: RYC-3E75","Jeep COMPASS COMPASS / placa: RHH-1D60"
"9167802","2026-09-05 12:15:20","Allan Junior Dos Santos Ramos","Insucesso","Não","","Facebook Ads","Compra","Jefferson Santana","41997856324","41997856324","jfsantana1980@gmail.com","",""
"9167726","2026-09-05 12:09:05","Allan Junior Dos Santos Ramos","Insucesso","Não","","Facebook Ads","Compra","Andre Wendtt.","41991752571","41991752571","andrepalmeira01@hotmail.com","",""
"9167459","2026-09-05 11:48:49","Allan Junior Dos Santos Ramos","Insucesso","Não","","Facebook Ads","Venda","Elaine Menon","43991183008","43991183008","Elaine.menon83@icloud.com","Jeep Renegade Renegade / placa: SIB-6I41",""
"9167405","2026-09-05 11:44:56","Recepção","Insucesso","Sim","2026-09-05 11:45:04","Passante","Compra","GUSTAVO","41996557544","","","","BYD Song Song / placa: BDO-9J89"
"9167361","2026-09-05 11:41:40","Allan Junior Dos Santos Ramos","Insucesso","Não","","Olx","Venda","Jessica","41996536610","","furlanjessica3@gmail.com","Ford Ka Ka / placa: AZN-2348",""
"9167096","2026-09-05 11:21:56","Allan Junior Dos Santos Ramos","Insucesso","Não","","SóCarrão","Venda","Carlos Henrique Figueiredo","41999358551","","carlos8enrique86@gmail.com","VolksWagen T-Cross T-Cross / placa: TAX-6G37",""
"9166953","2026-09-05 11:12:09","Recepção","Sucesso","Sim","2026-09-05 11:12:16","Passante","Troca","DANIEL","41996145029","","","","Caoa Chery Tiggo Tiggo / placa: RTU-9I28"
"9166894","2026-09-05 11:07:00","Allan Junior Dos Santos Ramos","Insucesso","Não","","WhatsApp | Site","Venda","Cacilda","4187054109","","","",""
"9166742","2026-09-05 10:54:00","Lais Narimã Ferreira Vieira","Sucesso","Sim","2026-09-21 10:54:26","Facebook Ads","Financiamento","Geisa Teles Frutuoso","44988458426","44988458426","geisatf@hotmail.com","",""
"9166251","2026-09-05 10:15:28","Allan Junior Dos Santos Ramos","Insucesso","Não","","SóCarrão","Troca","Marianne silveira","47991850247","","marianne.silveira@gmail.com","VolksWagen Nivus Nivus / placa: TBT-7E62",""
"9166242","2026-09-05 10:14:17","Allan Junior Dos Santos Ramos","Insucesso","Não","","Mercado Livre | WhatsApp","Troca","Jany Rogério da Silva","4199096992","","arietesmanhotto0@gmail.com","VolksWagen Fox Fox / placa: BCQ-6B07",""
"9166141","2026-09-05 10:05:05","Allan Junior Dos Santos Ramos","Insucesso","Não","","Olx","Venda","EDNILSON DO LAGO","41992866706","","dinij05@hotmail.com","Chevrolet CRUZE CRUZE / placa: BAA-9A18",""
"9166023","2026-09-05 09:55:30","Allan Junior Dos Santos Ramos","Insucesso","Não","","Facebook Ads","Venda","Walquiria Santos","41999924854","41999924854","walquirianascimento20@gmail.com","",""
"9165901","2026-09-05 09:46:09","Allan Junior Dos Santos Ramos","Insucesso","Sim","2026-09-05 11:03:19","WhatsApp | Site","Compra","Julio","4185077349","","","","Fiat ARGO ARGO / placa: RMZ-7F10"
"9165890","2026-09-05 09:45:16","LIRIANE LARISSA RIBEIRO","Insucesso","Sim","2026-09-05 09:47:54","Busca Ativa","Compra","Milton","41992013723","","","","Hyundai HB20 HB20 / placa: BVT-2B36"
"9165699","2026-09-05 09:28:06","Allan Junior Dos Santos Ramos","Insucesso","Não","","Facebook Ads","Venda","Elaine lopes","41999752486","","elsine027lopes@gmail.com","",""
"9165665","2026-09-05 09:25:23","Allan Junior Dos Santos Ramos","Insucesso","Não","","Mercado Livre | WhatsApp","Venda","Tatiane Ramos","4498996429","","tatianeramo916@gmail.com","Hyundai HB20 HB20 / placa: BEU-5B11",""
"9165202","2026-09-05 08:30:19","Lais Narimã Ferreira Vieira","Insucesso","Não","","Facebook Ads","Financiamento","Glaydson Macedo","41999978090","41999978090","Glaydsonjose65@gmail.com","",""
"9165129","2026-09-05 08:18:47","Allan Junior Dos Santos Ramos","Insucesso","Não","","Facebook Ads","Venda","Edinelson F. Lopes","41988261735","41988261735","edinelsonfelizardolopes@gmail.com","VolksWagen Nivus Nivus / placa: SDP-4H14",""
"9165078","2026-09-05 08:09:41","Allan Junior Dos Santos Ramos","Insucesso","Não","","WhatsApp | Site","Venda","Esmeraldo","13997936536","","","",""
"9164951","2026-09-05 07:43:15","Allan Junior Dos Santos Ramos","Insucesso","Não","","Facebook Ads","Venda","Clislaine Dias Machado","41988076331","41988076331","clislaine25@hotmail.com","",""
"9164842","2026-09-05 07:15:03","Allan Junior Dos Santos Ramos","Insucesso","Não","","Olx","Troca","wagner","15996344835","","wagnersantucci@uol.com.br","Renault OROCH OROCH / placa: SEA-3D65",""
"9164567","2026-09-05 06:37:41","Allan Junior Dos Santos Ramos","Insucesso","Não","","Olx","Venda","Flávio Hopka de Souza","43999774629","","flavinhosouza_@outlook.com","Jeep COMPASS COMPASS / placa: SEY-7F96",""
"9163917","2026-09-05 06:05:40","Allan Junior Dos Santos Ramos","Insucesso","Não","","WhatsApp","Venda","Romario L Jr","6592429209","","","Land Rover Discov. Discov. / placa: TTM-9G70",""
"9163886","2026-09-05 05:31:11","Allan Junior Dos Santos Ramos","Insucesso","Não","","Olx","Troca","Henrique Oficial de Justica","66999311809","","henriqueoficialdejustica@gmail.com","Ford Outros Outros / placa: MAJ-8F56",""
"9163773","2026-09-05 03:15:32","Lais Narimã Ferreira Vieira","Insucesso","Não","","Facebook Ads","Financiamento","Lucas Batista","11980949147","11980949147","lucashenrrique379@gmail.com","",""
"9163699","2026-09-05 02:08:54","ESPAÇO BELLOS","Insucesso","Não","","Facebook | WhatsApp","Não informado","Rita","4191454407","","","",""
"9163108","2026-09-05 00:14:34","Allan Junior Dos Santos Ramos","Insucesso","Não","","Mercado Livre | ML WhatsApp","Venda","JUAREZ FERREIRA DE CAMARGO","41992282568","","jc.gestaocriativa@gmail.com","Peugeot 2008 2008 / placa: CUG-4J16",""
"9163034","2026-09-05 00:11:15","Allan Junior Dos Santos Ramos","Insucesso","Não","","WhatsApp | Site","Venda","Neid❤️","4199671579","","","",""
"9162936","2026-09-04 23:50:41","Allan Junior Dos Santos Ramos","Insucesso","Não","","Olx","Venda","Henrique","41999202243","","henrique.a10@icloud.com","BMW X1 X1 / placa: RYC-3E75",""
"9162875","2026-09-04 23:29:34","Allan Junior Dos Santos Ramos","Insucesso","Não","","Facebook Ads","Venda","Fernando Fisco","41997183781","41997183781","fernandofiscoff@hotmail.com","Jeep Renegade Renegade / placa: SIB-6I41",""
"9162854","2026-09-04 23:28:36","Allan Junior Dos Santos Ramos","Insucesso","Não","","Facebook Ads","Venda","David Cristian","41988084049","41988084049","davidalicinha@gmail.com","VolksWagen Nivus Nivus / placa: SDP-4H14",""
"9162584","2026-09-04 23:13:13","Allan Junior Dos Santos Ramos","Insucesso","Não","","WhatsApp","Venda","Jean Robert","4196242997","","","Citroën C4 C4 / placa: RTG-2C87",""
"9162367","2026-09-04 22:35:41","Allan Junior Dos Santos Ramos","Insucesso","Não","","WhatsApp | Instagram Ads","Troca","LucasJr","4291491866","","","Ford Taurus Taurus / placa: AFI-3F45",""
"9162265","2026-09-04 22:15:29","Allan Junior Dos Santos Ramos","Insucesso","Não","","WhatsApp | Site","Troca","RODRIGO SADE","4891950058","","","Renault Kardian Kardian / placa: TAS-6B09",""
"9162262","2026-09-04 22:14:33","Allan Junior Dos Santos Ramos","Insucesso","Não","","Olx","Venda","diegomoreirapereira","21966236075","","diegomoreirapereira@icloud.com","Peugeot 2008 2008 / placa: CUG-4J16",""
"9162240","2026-09-04 22:10:56","Allan Junior Dos Santos Ramos","Insucesso","Não","","Olx","Venda","Sergio","45991279812","","SERGIOCVEL@hotmail.com","Chevrolet CRUZE CRUZE / placa: BDG-2G27",""
"9162229","2026-09-04 22:09:21","Allan Junior Dos Santos Ramos","Insucesso","Não","","Facebook Ads","Venda","Igor Costa","41995346359","41995346359","igorc3185@gmail.com","Audi A3 A3 / placa: FRZ-5I95",""
"9162028","2026-09-04 21:33:55","Allan Junior Dos Santos Ramos","Insucesso","Não","","Olx","Venda","Elson curto junior","27995895070","","elsoncurtojr@gmail.com","",""
"9162017","2026-09-04 21:31:53","Allan Junior Dos Santos Ramos","Insucesso","Não","","Google | WhatsApp | Site","Compra","Djhenifer Fernanda","41996451298","","djheniferfernanda032@gmail.com","",""
"9161932","2026-09-04 21:16:49","Allan Junior Dos Santos Ramos","Insucesso","Não","","Facebook Ads","Compra","Marcio Elias Mascarenhas","42999945454","42999945454","agropecuariamaremas@gmail.co","",""
"9161903","2026-09-04 21:12:27","Allan Junior Dos Santos Ramos","Insucesso","Não","","SóCarrão","Venda","Gustavo Carvajal","41998036558","","carvajal.g86@gmail.com","VolksWagen Polo Polo / placa: AXU-8A22",""
"9161892","2026-09-04 21:11:32","Allan Junior Dos Santos Ramos","Insucesso","Não","","WhatsApp | Site","Venda","Kauana","4199011592","","","",""
"9161827","2026-09-04 21:01:47","Lais Narimã Ferreira Vieira","Insucesso","Não","","Facebook Ads","Financiamento","Edson Rogério Mattos","42991033998","42991033998","edemattos37@gmail.com","",""
"9161826","2026-09-04 21:01:28","ESPAÇO BELLOS","Insucesso","Não","","WhatsApp","Não informado","Pablo Rodríguez","4188753010","","","",""
"9161756","2026-09-04 20:51:32","Lais Narimã Ferreira Vieira","Insucesso","Não","","Facebook Ads","Financiamento","ronye gervasi","41998916592","41998916592","ronyenicholas@gmail.com","",""
"9161575","2026-09-04 20:25:16","Allan Junior Dos Santos Ramos","Insucesso","Não","","WhatsApp | Site","Venda","WAGNER","4195989316","","","",""
"9161275","2026-09-04 19:47:27","ESPAÇO BELLOS","Insucesso","Não","","WhatsApp | Site","Não informado","Theo Felipe","4199147376","","","",""
"9161165","2026-09-04 19:34:00","Allan Junior Dos Santos Ramos","Insucesso","Não","","WhatsApp | Instagram Ads","Compra","Jose Daniel B Dos Santos","8195787773","","","",""
"9161047","2026-09-04 19:19:03","Allan Junior Dos Santos Ramos","Insucesso","Não","","Olx","Não informado","adriana","41998191612","","jackhiphop2000@gmail.com","BYD Dolphin Dolphin / placa: SFB-1I98",""
"9160944","2026-09-04 19:05:08","Lais Narimã Ferreira Vieira","Insucesso","Não","","Facebook Ads","Financiamento","Jackson Oliveros","95991624442","95991624442","jacksonoliveros58@gmail.com","",""
"9160935","2026-09-04 19:03:59","Lais Narimã Ferreira Vieira","Insucesso","Não","","Facebook Ads","Financiamento","Laércio pereira da Silva Junior","41998252095","41998252095","laercio23jr@gmail.com","",""
"9160753","2026-09-04 18:40:12","Lais Narimã Ferreira Vieira","Insucesso","Não","","Facebook Ads","Financiamento","Suellen Diego Ferreira","41987975847","41987975847","Shuellen96@gmail.com","",""
"9160666","2026-09-04 18:28:49","ESPAÇO BELLOS","Insucesso","Não","","Instagram","Não informado","DjDimas Noldin","","","dimas.noldin@instagram.com","",""
"9160647","2026-09-04 18:26:12","ESPAÇO BELLOS","Insucesso","Não","","Instagram","Não informado","Contato Instagram","","","","",""
"9160570","2026-09-04 18:16:37","Lais Narimã Ferreira Vieira","Insucesso","Não","","Facebook Ads","Financiamento","Leandro Lino","44988222452","44988222452","Llinod7@gmail.com","",""
"9160409","2026-09-04 17:53:56","Lais Narimã Ferreira Vieira","Insucesso","Não","","Facebook Ads","Financiamento","Anna Souza","31984786036","31984786036","tchuanys99@outlook.com","",""
"9160317","2026-09-04 17:45:31","Allan Junior Dos Santos Ramos","Insucesso","Não","","Olx","Venda","Marcos","41991877939","","marcos.zanetti.junior@hotmail.com","Chevrolet CRUZE CRUZE / placa: BDG-2G27",""
"9159824","2026-09-04 16:58:08","ESPAÇO BELLOS","Insucesso","Não","","Instagram","Não informado","Gabriel Ricardo","","","gabriel_rkb@instagram.com","",""
"9159825","2026-09-04 16:58:08","ESPAÇO BELLOS","Insucesso","Não","","Instagram","Não informado","Silvan Dal Bello","","","silvan.belloscar@instagram.com","",""
"9159545","2026-09-04 16:31:34","Allan Junior Dos Santos Ramos","Insucesso","Sim","2026-09-04 17:12:26","WhatsApp | Site","Venda","Abed","4195095084","","","Honda HR-V HR-V / placa: PCA-0H55",""
"9159319","2026-09-04 16:09:01","ESPAÇO BELLOS","Insucesso","Não","","WhatsApp","Não informado","Lucas Aguiar","4299319770","","","",""
"9158764","2026-09-04 15:21:07","Allan Junior Dos Santos Ramos","Insucesso","Não","","Olx","Venda","Martinez","41998136523","","elioenaimartinez007@hotmail.com","Audi A3 A3 / placa: FRZ-5I95",""
"9158713","2026-09-04 15:17:53","Allan Junior Dos Santos Ramos","Insucesso","Sim","2026-09-04 16:03:56","Google | Site","Compra","Marcelo Santos","41984740783","","marcelosantos.ef@hotmail.com","","Ford Focus Focus / placa: ARR-9213"
"9158679","2026-09-04 15:15:15","LIRIANE LARISSA RIBEIRO","Insucesso","Sim","2026-09-05 09:37:58","Busca Ativa","Compra","Cesar/Paula","41988043985","","","","Mitsubishi ASX ASX / placa: FOO-9G65"
"9158616","2026-09-04 15:09:56","ESPAÇO BELLOS","Insucesso","Não","","WhatsApp","Não informado","União Benefícios Brasileiros","4191769496","","","",""
"9158415","2026-09-04 14:51:00","Allan Junior Dos Santos Ramos","Insucesso","Não","","Facebook Ads","Compra","Cleverson Ferla","41997900448","41997900448","cleverson.ferla@hotmail.com","",""
"9158347","2026-09-04 14:45:40","ESPAÇO BELLOS","Insucesso","Não","","WhatsApp","Não informado","Welingthon Costa","4198945474","","","",""
"9158297","2026-09-04 14:41:50","Matheus Imbroinise","Insucesso","Sim","2026-09-05 14:57:22","Busca Ativa","Compra","Adriano","41987265140","","","","Toyota Hilux Hilux / placa: RBL-3E90"
"9158230","2026-09-04 14:35:50","Thayna PRE-VENDAS","Insucesso","Não","","Facebook Ads","Não informado","silvio Matos","14199640384","14199640384","tibicamattos@gmail.com","",""
"9158226","2026-09-04 14:35:36","Lais Narimã Ferreira Vieira","Insucesso","Não","","Facebook Ads","Financiamento","Pedro Ercole","41991032060","41991032060","ercolepeter@gmail.com","",""
"9158213","2026-09-04 14:34:35","Thayna PRE-VENDAS","Insucesso","Não","","SóCarrão","Venda","Luana","41996241293","","luana.lima96@hotmail.com","Jeep Renegade Renegade / placa: SIB-6I41",""
"9158205","2026-09-04 14:33:51","Recepção","Insucesso","Sim","2026-09-04 14:33:57","Passante","Venda","EVERTON","41985139935","","","",""
"9158120","2026-09-04 14:25:11","Allan Junior Dos Santos Ramos","Insucesso","Não","","WhatsApp | Instagram Ads","Compra","Ediel","41998827329","","","",""
"9158060","2026-09-04 14:20:49","Allan Junior Dos Santos Ramos","Insucesso","Não","","SóCarrão","Venda","Ivonete Brito Gomes","19996163963","","ivonetebritogomes@gmail.com","VolksWagen T-Cross T-Cross / placa: TAX-6G37",""
"9158014","2026-09-04 14:17:03","Allan Junior Dos Santos Ramos","Insucesso","Não","","WhatsApp | Site","Venda","Welingthon Costa","4198945474","","","Ford Ka Ka / placa: AZN-2348",""
"9158008","2026-09-04 14:16:02","Lais Narimã Ferreira Vieira","Insucesso","Não","","Facebook Ads","Financiamento","Raiza Alexandra","42999576765","42999576765","raizaa721@gmail.com","",""
"9157819","2026-09-04 13:59:09","Allan Junior Dos Santos Ramos","Insucesso","Não","","Facebook Ads","Venda","Leandro  Martins","41998795428","41998795428","leandromrts8588@gmail.com","Audi A3 A3 / placa: FRZ-5I95",""
"9157801","2026-09-04 13:57:06","Thayna PRE-VENDAS","Insucesso","Não","","Chaves na Mão","Não informado","Lucas","41995748645","","netero.lucas@gmail.com","Kia Motors Cerato Cerato / placa: AWM-7527",""
"9157596","2026-09-04 13:40:33","Matheus Imbroinise","Insucesso","Sim","2026-09-05 14:19:31","Busca Ativa","Compra","alexandre ","41995033340","","","","Mitsubishi Pajero Pajero / placa: BER-1D25"
"9157463","2026-09-04 13:28:37","Recepção","Insucesso","Sim","2026-09-04 13:30:16","Passante","Venda","FELIPE","41999182919","","","",""
"9157176","2026-09-04 13:00:01","Allan Junior Dos Santos Ramos","Insucesso","Não","","Prospecção","Compra","Mauro Rodrigues","47997529491","","","",""
"9157071","2026-09-04 12:50:40","Allan Junior Dos Santos Ramos","Insucesso","Não","","Facebook Ads","Venda","Celio Reinheimer","41974011649","41974011649","celioreinheimer@hotmail.com","",""
"9157019","2026-09-04 12:45:48","Thayna PRE-VENDAS","Insucesso","Não","","Facebook Ads","Compra","Emerson","41997974268","41997974268","dejesusstraub@gmail.com","",""
"9156968","2026-09-04 12:40:38","Lais Narimã Ferreira Vieira","Insucesso","Não","","Facebook Ads","Não informado","Leandro Dias de Moura","41998253157","41998253157","leandro.petar@hotmail.com","",""
"9156846","2026-09-04 12:28:30","Ana Dal Bello","Insucesso","Não","","Carteira","Não informado","Joao","41988001744","","","Honda Civic Civic / placa: RHL-1G03",""
"9156819","2026-09-04 12:26:32","Thayna PRE-VENDAS","Insucesso","Não","","Facebook Ads","Venda","Andre","41987414406","41987414406","andre.silva@timber.com.br","",""
"9156799","2026-09-04 12:24:39","Lais Narimã Ferreira Vieira","Insucesso","Não","","Facebook Ads","Financiamento","Aline Vieira","42988623485","42988623485","www.alinevieirabarbosa62@gmail.com","",""
"9156774","2026-09-04 12:22:40","ESPAÇO BELLOS","Insucesso","Não","","WhatsApp | Site","Não informado","Ana Scremim","4196107972","","","",""
"9156408","2026-09-04 11:50:29","Allan Junior Dos Santos Ramos","Insucesso","Não","","WhatsApp | Site","Venda","Francisca Morais","4191480725","","","",""
"9156392","2026-09-04 11:48:47","Lais Narimã Ferreira Vieira","Insucesso","Não","","Facebook Ads","Financiamento","Lucas Correia","46991157145","46991157145","lucashalluziniert@gmail.com","",""
"9156004","2026-09-04 11:16:13","Andressa K B Kreia","Insucesso","Não","","Portais de anúncios","Não informado","Thais Scheffel","51985193992","","","",""
"9155936","2026-09-04 11:11:22","Allan Junior Dos Santos Ramos","Insucesso","Sim","2026-09-09 15:49:34","Telefone","Venda","Fernando","41997027988","","","VolksWagen Nivus Nivus / placa: TBT-7E62",""
"9155845","2026-09-04 11:05:34","Allan Junior Dos Santos Ramos","Recontato","Não","","WhatsApp","Venda","Lucas Andrade","41987488637","","lucasrobertoandrade@gmail.com","Fiat Fastback Fastback / placa: SEO-4B44",""
"9155776","2026-09-04 11:00:23","Lais Narimã Ferreira Vieira","Insucesso","Não","","Facebook Ads","Financiamento","Robson Jose De Souza Antunes","41999577051","41999577051","robson_jose_antunes@hotmail.com","",""
"9155670","2026-09-04 10:52:12","Allan Junior Dos Santos Ramos","Insucesso","Não","","WhatsApp | Site","Financiamento","Fabiano Ferreira","41998649185","","","",""
"9155576","2026-09-04 10:45:42","Thayna PRE-VENDAS","Insucesso","Sim","2026-09-04 14:17:08","Site","Troca","Emerson - Liliane","41996168429","","estella@pr.sebrae.com.br","Honda Civic Civic / placa: RHL-1G03","Honda Civic Civic / placa: AZD-4D97"
"9155422","2026-09-04 10:33:13","Allan Junior Dos Santos Ramos","Insucesso","Não","","Facebook Ads","Venda","Alex Empireo Almeida","41997587131","41997587131","alexempireodealmeida@gmail.com","Audi A3 A3 / placa: FRZ-5I95",""
"9155245","2026-09-04 10:18:11","Allan Junior Dos Santos Ramos","Insucesso","Não","","WhatsApp | Site","Troca","brüning","4196403956","","","Toyota RAV4 RAV4 / placa: BDW-6G48",""
"9155221","2026-09-04 10:16:15","Thayna PRE-VENDAS","Insucesso","Não","","SóCarrão | WhatsApp","Venda","Eliseu Gamarra","41995038339","","eliseu.gamarra@gmail.com","Peugeot 208 208 / placa: SIE-8D84",""
"9155054","2026-09-04 10:02:55","Thayna PRE-VENDAS","Insucesso","Sim","2026-09-05 12:40:43","Site","Compra"," Wassim","41988656594","","","","BMW 320iA 320iA / placa: RQM-4B62"
"9154853","2026-09-04 09:47:43","Allan Junior Dos Santos Ramos","Insucesso","Não","","Google | Site","Compra","Rodrigo","41991574479","","rodrigocsato@gmail.com","",""
"9154636","2026-09-04 09:28:23","Allan Junior Dos Santos Ramos","Insucesso","Sim","2026-09-05 10:27:50","WhatsApp","Compra","Alex","4188099143","","","","Citroën AIRCROSS AIRCROSS / placa: BCE-3H56"
"9154615","2026-09-04 09:26:06","Thayna PRE-VENDAS","Insucesso","Não","","Instagram","Venda","Contato Instagram","","","","",""
"9154464","2026-09-04 09:14:35","Allan Junior Dos Santos Ramos","Insucesso","Não","","Instagram","Venda","Contato Instagram","","","","Honda Civic Civic / placa: RHL-1G03",""
"9154460","2026-09-04 09:14:01","Ana Dal Bello","Insucesso","Sim","2026-09-04 09:14:01","Loja","Não informado","Ana bello","41998472084","","","","Mercedes GLB GLB / placa: FSM-5I75"
"9154367","2026-09-04 09:06:07","Thayna PRE-VENDAS","Insucesso","Sim","2026-09-04 11:11:20","Prospecção","Compra","Nadine","40999438630","","","","Citroën C4 C4 / placa: AZX-8738"
"9154325","2026-09-04 09:02:35","LIRIANE LARISSA RIBEIRO","Insucesso","Sim","2026-09-04 10:04:17","Busca Ativa","Não informado","Maykon ","41991181548","","","","Toyota Corolla Corolla / placa: AIX-5F57"
"9154181","2026-09-04 08:47:09","Allan Junior Dos Santos Ramos","Insucesso","Não","","Prospecção","Financiamento","Hélio A Bacilli","41999416797","","habacilli@hotmail.com","",""
"9154117","2026-09-04 08:39:46","Thayna PRE-VENDAS","Insucesso","Não","","WhatsApp | Site","Não informado","Kauã🚵🏽","4197466875","","kaua.silva.monteiro@escola.pr.gov.br","Fiat Fastback Fastback / placa: SEO-4B44",""
"9154102","2026-09-04 08:38:00","Thayna PRE-VENDAS","Insucesso","Não","","WhatsApp","Não informado","Erik Leal","4198338465","","","",""
"9154099","2026-09-04 08:37:31","Thayna PRE-VENDAS","Insucesso","Não","","Facebook Ads","Venda","Netto Bithencourth","41997483821","41997483821","betnardosobral88@gmail.com","",""
"9154051","2026-09-04 08:33:38","Allan Junior Dos Santos Ramos","Insucesso","Não","","Facebook Ads","Compra","Cid jose jardim","41999737000","41999737000","cidjardim@msn.com","",""
"9153830","2026-09-04 08:04:03","Allan Junior Dos Santos Ramos","Insucesso","Não","","WhatsApp | Facebook Ads","Não informado","ENISON BISPO NUNES","41987415198","","ENISONBISPO.N@GMAIL.COM","",""
"9153749","2026-09-04 07:48:49","Thayna PRE-VENDAS","Insucesso","Não","","WhatsApp | Instagram Ads","Venda","floris","4999535967","","","",""
"9153615","2026-09-04 07:17:40","Allan Junior Dos Santos Ramos","Insucesso","Não","","Facebook Ads","Compra","Rubens Tomaz","41985022835","41985022835","rubensparanaguasouza@gmail.com","",""
"9153541","2026-09-04 06:56:15","Thayna PRE-VENDAS","Insucesso","Não","","Olx","Venda","Francisco Robson","34999728064","","lirafrancisco35@gmail.com","Jeep Renegade Renegade / placa: SIB-6I41",""
"9153504","2026-09-04 06:42:24","Thayna PRE-VENDAS","Insucesso","Não","","WhatsApp | Instagram Ads","Venda","Jessé","4291454049","","","",""
"9152866","2026-09-04 06:24:57","Allan Junior Dos Santos Ramos","Insucesso","Não","","WhatsApp | Instagram Ads","Compra","Glauco Basseggio","46991155224","","basseggioglauco@instagram.com","",""
"9152604","2026-09-04 05:24:16","Allan Junior Dos Santos Ramos","Insucesso","Não","","Chaves na Mão","Venda","Odimar","12996669336","","odsveiga@terra.com.br","Renault OROCH OROCH / placa: SEA-3D65",""
"9152502","2026-09-04 03:05:37","Thayna PRE-VENDAS","Insucesso","Não","","Facebook Ads","Venda","Diego Limeira","45999851866","45999851866","diegoavteatro@gmail.com","",""
"9152482","2026-09-04 02:32:56","Allan Junior Dos Santos Ramos","Insucesso","Não","","Facebook Ads","Venda","Juliano A. Martins","41995833216","41995833216","julianoamartins3006@gmail.com","Audi A3 A3 / placa: FRZ-5I95",""
"9152053","2026-09-04 00:48:01","Thayna PRE-VENDAS","Insucesso","Não","","Facebook Ads","Compra","Jeniffer Caroline Zarpellon","42988111772","42988111772","jeniffer_wh@hotmail.com","",""
"9152047","2026-09-04 00:46:46","Allan Junior Dos Santos Ramos","Insucesso","Não","","Facebook Ads","Venda","Denilson Santos","41984481258","41984481258","denilsons2008@hotmail.com","Jeep COMPASS COMPASS / placa: BCP-7H40",""
"9152038","2026-09-04 00:44:36","Thayna PRE-VENDAS","Insucesso","Sim","2026-09-05 13:05:43","Facebook Ads","Compra","AG Kelly","41997521574","41997521574","drakellydearaujo@gmail.com","","Fiat Fastback Fastback / placa: TAU-4H66"
"9151300","2026-09-03 23:03:20","Lais Narimã Ferreira Vieira","Insucesso","Não","","Facebook Ads","Financiamento","Tiago cruz","41997453507","41997453507","tiagoeugeniocruz@hotmail.com","",""
"9151257","2026-09-03 22:53:49","Thayna PRE-VENDAS","Insucesso","Não","","Olx","Venda","Fabio Junior Pereira de Sousa","11921799917","","juniorpereirq020@gmail.com","VolksWagen Polo Polo / placa: QWZ-2C60",""
"9151161","2026-09-03 22:33:16","Lais Narimã Ferreira Vieira","Agendado","Não","","Facebook Ads","Financiamento","José Abreu","43996517370","43996517370","abreu4380625@gmail.com","",""
"9151099","2026-09-03 22:23:08","Lais Narimã Ferreira Vieira","Insucesso","Não","","Facebook Ads","Financiamento","Ederson de Oliveira Esteves","49991373489","49991373489","edersonesteves2018@gmail.com","",""
"9151086","2026-09-03 22:22:04","Lais Narimã Ferreira Vieira","Insucesso","Não","","Facebook Ads","Financiamento","Kaohann Conrado","49984171685","49984171685","kaohannconrado@hotmail.com","",""
"9151083","2026-09-03 22:20:52","Thayna PRE-VENDAS","Insucesso","Não","","Olx","Não informado","Wesllyr Costa camilo","45998602718","","wesllyrccamiloo@gmail.com","Volvo XC XC / placa: AXD-5E00",""
"9150990","2026-09-03 22:03:53","Allan Junior Dos Santos Ramos","Insucesso","Não","","Olx","Venda","Enzo Amatruda","47996582135","","enzocarvalho58@gmail.com","VolksWagen Nivus Nivus / placa: TBT-7E62",""
"9150933","2026-09-03 21:52:51","Lais Narimã Ferreira Vieira","Insucesso","Não","","Facebook Ads","Financiamento","Gerson Leticia","43999570803","43999570803","leticiaschwamm969@gmail.com","",""
"9150857","2026-09-03 21:40:17","Allan Junior Dos Santos Ramos","Insucesso","Não","","SóCarrão","Venda","Leticia Ribas","41996808569","","leticia.sampaio.ribas@gmail.com","HONDA CG CG / placa: TJM-5D46",""
"9150722","2026-09-03 21:16:51","Thayna PRE-VENDAS","Insucesso","Não","","Facebook Ads","Venda","Gustavo Grasina","44991660556","44991660556","grasina2007@gmail.com","",""
"9150615","2026-09-03 21:01:55","Allan Junior Dos Santos Ramos","Insucesso","Não","","Olx","Troca","Jeferson","41998461551","","jefinho.999@hotmail.com","HONDA XRE XRE / placa: SES-8C25",""
"9150613","2026-09-03 21:01:47","ESPAÇO BELLOS","Insucesso","Não","","Instagram","Não informado","Contato Instagram","","","","",""
"9150577","2026-09-03 20:55:37","Thayna PRE-VENDAS","Insucesso","Não","","Facebook Ads","Compra","Guga Bonato","41998982090","41998982090","Gugabonato30@gmail.com","",""
"9150363","2026-09-03 20:30:09","Thayna PRE-VENDAS","Insucesso","Não","","Olx","Venda","Beno","66999382601","","baumannbeno86@gmail.com","Audi A3 A3 / placa: FRZ-5I95",""
"9150190","2026-09-03 20:07:02","Allan Junior Dos Santos Ramos","Insucesso","Sim","2026-09-09 15:11:30","Olx | Mercado Livre | WhatsApp","Venda","AOM-adesivador","41984568514","","aomadesivador@gmail.com","Citroën C3 C3 / placa: MLZ-0F63",""
"9150162","2026-09-03 20:04:08","Thayna PRE-VENDAS","Insucesso","Não","","Facebook Ads","Venda","Reminton Gardi","41998690597","41998690597","comercialgoofer@gmail.com","",""
"9150112","2026-09-03 19:57:37","ESPAÇO BELLOS","Insucesso","Não","","Instagram","Não informado","Lais Narimã","","","laisinha_4narima@instagram.com","",""
"9150045","2026-09-03 19:50:22","ESPAÇO BELLOS","Insucesso","Não","","Instagram","Não informado","DjDimas Noldin","","","dimas.noldin@instagram.com","",""
"9150046","2026-09-03 19:50:22","ESPAÇO BELLOS","Insucesso","Não","","Instagram","Não informado","Contato Instagram","","","","",""
"9150001","2026-09-03 19:45:13","Thayna PRE-VENDAS","Insucesso","Não","","Olx","Venda","Clayton","62995607586","","claytonsoares54321@gmail.com","Audi A3 A3 / placa: FRZ-5I95",""
"9149964","2026-09-03 19:40:59","Lais Narimã Ferreira Vieira","Insucesso","Não","","Facebook Ads","Financiamento","Katya Nascimento","41991174784","41991174784","katiuscianmendes64@gmail.com","",""
"9149950","2026-09-03 19:38:48","Thayna PRE-VENDAS","Insucesso","Não","","SóCarrão","Venda","Marcos Santana","41999791092","","marcoseenzo1@gmail.com","HONDA CG CG / placa: TJM-5D46",""
"9149877","2026-09-03 19:28:45","Allan Junior Dos Santos Ramos","Insucesso","Não","","Olx","Venda","MOACIR","41996697852","","antunes.moacir@gmail.com","Renault OROCH OROCH / placa: SEA-3D65",""
"9149849","2026-09-03 19:25:41","ESPAÇO BELLOS","Insucesso","Não","","Instagram","Não informado","Gabriel Ricardo","","","gabriel_rkb@instagram.com","",""
"9149842","2026-09-03 19:24:21","Lais Narimã Ferreira Vieira","Insucesso","Não","","Facebook Ads","Financiamento","Felipe Fontes","43991876479","43991876479","fontes2809@gmail.com","",""
"9149772","2026-09-03 19:15:01","ESPAÇO BELLOS","Insucesso","Não","","Instagram","Não informado","Silvan Dal Bello","","","silvan.belloscar@instagram.com","",""
"9149718","2026-09-03 19:08:55","Thayna PRE-VENDAS","Insucesso","Não","","Facebook Ads","Venda","Carla Souto","41987674877","41987674877","carlasouto70@gmail.com","",""
"9149712","2026-09-03 19:08:07","Lais Narimã Ferreira Vieira","Insucesso","Não","","Facebook Ads","Financiamento","Gustavo Chagas","45988178543","45988178543","Chagasgustavo780@gmail.com","",""
"9149706","2026-09-03 19:06:50","Allan Junior Dos Santos Ramos","Insucesso","Não","","WhatsApp | Facebook Ads","Compra","Adroaldo","5499680910","","","",""
"9149662","2026-09-03 19:03:04","Thayna PRE-VENDAS","Insucesso","Não","","WhatsApp | Instagram Ads","Venda","Roberto","42999470333","","","",""
"9149550","2026-09-03 18:50:26","Lais Narimã Ferreira Vieira","Insucesso","Não","","Facebook Ads","Financiamento","Wellington Pereira","45999904697","45999904697","daddy_well@live.com","",""
"9149496","2026-09-03 18:44:12","Allan Junior Dos Santos Ramos","Insucesso","Não","","WhatsApp | Instagram Ads","Venda","Giovani Lucas Bengozi","41992259491","","giovanigarage@gmail.com","Nissan Frontier Frontier / placa: TAN-7J50",""
"9149453","2026-09-03 18:39:14","Lais Narimã Ferreira Vieira","Insucesso","Não","","Facebook Ads","Financiamento","George Maia","41999829668","41999829668","maia.george.1703@gmail.com","",""
"9149411","2026-09-03 18:34:01","Allan Junior Dos Santos Ramos","Insucesso","Não","","WhatsApp | Instagram Ads","Venda","Bruno Menezes Souza","11971523546","11971523546","investdaytrade@gmail.com","Audi A3 A3 / placa: FRZ-5I95",""
"9149147","2026-09-03 18:01:25","Thayna PRE-VENDAS","Insucesso","Não","","Facebook Ads","Venda","Jesse Souza","41998488628","41998488628","jessesouzarodrigues@gmail.com","",""
"9149113","2026-09-03 17:58:28","Recepção","Insucesso","Sim","2026-09-03 17:58:32","Carteira","Compra","Juliano","41997016770","","","","VolksWagen SPACEFOX SPACEFOX / placa: AZU-4552"
"9148968","2026-09-03 17:47:03","Allan Junior Dos Santos Ramos","Insucesso","Não","","Facebook Ads","Venda","Diego Oliveira Alves","41996908840","41996908840","diegopedro040914@gmail.com","",""
"9148864","2026-09-03 17:38:14","Thayna PRE-VENDAS","Sucesso","Sim","2026-09-04 15:23:43","Facebook Ads","Troca","Ederson Gaviolli","41997848648","41997848648","edersongaviolli@yahoo.com.br","","Ford Fusion Fusion / placa: QPD-1B40"
"9148753","2026-09-03 17:28:02","Andressa K B Kreia","Insucesso","Sim","2026-09-05 10:36:38","Olx","Troca","MARIA CAROLINA","41988126996","","carolcamargoster@gmail.com","Ford Ka Ka / placa: AZN-2348","Toyota ETIOS ETIOS / placa: AYE-0G01"
"9148485","2026-09-03 17:06:20","Lais Narimã Ferreira Vieira","Insucesso","Não","","Facebook Ads","Financiamento","catilcia sant","41987778190","41987778190","catilciasantana15@gmail.com","",""
"9148309","2026-09-03 16:48:41","Allan Junior Dos Santos Ramos","Insucesso","Não","","Olx","Venda","wellingtoncosta199","91980757076","","wellingtoncosta199@gmail.com","Chevrolet TRACKER TRACKER / placa: ELY-0924",""
"9147980","2026-09-03 16:26:22","Allan Junior Dos Santos Ramos","Insucesso","Não","","Telefone","Compra","Mariane","41999684532","","","",""
"9147814","2026-09-03 16:14:00","Matheus Imbroinise","Insucesso","Não","","Busca Ativa","Compra","Elio","41988112500","","","",""
"9147709","2026-09-03 16:05:29","Thayna PRE-VENDAS","Insucesso","Não","","Olx","Não informado","willian","41992257133","","willyamguilhermesandri@hotmail.com","Ford Ka Ka / placa: AZN-2348",""
"9147541","2026-09-03 15:53:59","Thayna PRE-VENDAS","Insucesso","Não","","Olx","Venda","Jonny Silveira","41996410928","41996410928","jonnyasilveira@hotmail.com","Jeep COMPASS COMPASS / placa: BCP-7H40",""
"9147493","2026-09-03 15:51:16","Ana Dal Bello","Insucesso","Sim","2026-09-03 15:54:58","Carteira","Não informado","Fernando","41999744755","","","","Volvo XC 40 T4 XC 40 T4 / placa: ALF-6F08"
"9146951","2026-09-03 15:08:06","Thayna PRE-VENDAS","Insucesso","Não","","WhatsApp | Instagram Ads","Venda","LUIZ ANSELMO","11981386051","","","",""
"9146786","2026-09-03 14:53:08","Allan Junior Dos Santos Ramos","Insucesso","Não","","SóCarrão","Troca","jose odenei junior","41999269650","","junior-odenei77@outlook.com","Jeep COMPASS COMPASS / placa: PKI-1D26",""
"9146645","2026-09-03 14:40:34","Andressa K B Kreia","Descartado","Sim","2026-09-03 14:40:34","Loja","Não informado","José Antônio de Sá","4192885041","","","",""
"9146596","2026-09-03 14:36:34","Thayna PRE-VENDAS","Insucesso","Não","","Facebook Ads","Venda","Guga Paes","41996508255","41996508255","servbem.salgadoserefeicoes@hotmail.com","",""
"9146553","2026-09-03 14:33:16","LIRIANE LARISSA RIBEIRO","Insucesso","Sim","2026-09-03 17:37:35","Webmotors Vendedores","Não informado","Dione ","41987661162","","","","Jeep COMPASS COMPASS / placa: BDN-7D37"
"9146519","2026-09-03 14:30:19","Andressa K B Kreia","Descartado","Sim","2026-09-03 14:30:25","Passante","Troca","JOSE","41999999999","","","",""
"9146431","2026-09-03 14:22:04","Allan Junior Dos Santos Ramos","Insucesso","Não","","Facebook Ads","Compra","João Loacir Correa Junior","42999757788","42999757788","j.junior100117@gmail.com","",""
"9146410","2026-09-03 14:20:44","Allan Junior Dos Santos Ramos","Insucesso","Não","","WhatsApp | Site","Troca","Eduardo Figueiredo","4699766672","","","Land Rover Range Range / placa: SRU-6H69",""
"9146148","2026-09-03 13:56:00","Allan Junior Dos Santos Ramos","Insucesso","Não","","SóCarrão","Venda","Priscila Alves Titz","11960143691","","priscilatitz1@gmail.com","VolksWagen Nivus Nivus / placa: SDP-4H14",""
"9146008","2026-09-03 13:44:19","Thayna PRE-VENDAS","Insucesso","Não","","SóCarrão","Venda","Odila de Oliveira Vieira","45999694384","","halannaoliveirav@gmail.com","Jeep COMPASS COMPASS / placa: PKI-1D26",""
"9145758","2026-09-03 13:22:57","Lais Narimã Ferreira Vieira","Insucesso","Não","","Facebook Ads","Financiamento","Jovino Pereira da Silva","41999707625","","jovinopereiradasilva@gmail.com","",""
"9145698","2026-09-03 13:15:34","Thayna PRE-VENDAS","Insucesso","Não","","WhatsApp | Instagram Ads","Compra","anderson de paula leal","41984127204","","anderson2012@gmail.com","",""
"9145679","2026-09-03 13:13:56","Allan Junior Dos Santos Ramos","Insucesso","Não","","WhatsApp | Instagram Ads","Venda","apologiatransportes","5993345101","","","Kia Motors Cerato Cerato / placa: AWM-7527",""
"9145365","2026-09-03 12:47:07","Thayna PRE-VENDAS","Insucesso","Não","","Mercado Livre | ML WhatsApp","Venda","Dhiego de Lima Vieira","42999707359","","dhiegolv1025@gmail.com","Ford F-1000 F-1000 / placa: IHK-1I94",""
"9145326","2026-09-03 12:44:22","Allan Junior Dos Santos Ramos","Insucesso","Não","","Facebook Ads","Compra","Cassiano Aguilar","44988297556","44988297556","cassiano.sji@hotmail.com","",""
"9145212","2026-09-03 12:35:42","Thayna PRE-VENDAS","Insucesso","Não","","Chaves na Mão | WhatsApp","Venda","mec branco","13997838149","","brancomecanico.lopes@gmail.com","Jeep COMPASS COMPASS / placa: BCP-7H40",""
"9145153","2026-09-03 12:31:46","ESPAÇO BELLOS","Insucesso","Não","","Instagram","Não informado","Contato Instagram","","","","",""
"9145064","2026-09-03 12:22:32","Allan Junior Dos Santos Ramos","Insucesso","Não","","Telefone","Compra","João Ricardo","41998045423","","","",""
"9144914","2026-09-03 12:10:08","Thayna PRE-VENDAS","Insucesso","Sim","2026-09-03 12:10:11","Facebook Ads","Venda","Rodrigo","13997373221","","","VolksWagen VIRTUS VIRTUS / placa: TAM-0I00",""
"9144751","2026-09-03 11:55:49","Thayna PRE-VENDAS","Insucesso","Não","","WhatsApp | Site","Não informado","𝕯ono🐾LGD🫶","4195626532","","","",""
"9144726","2026-09-03 11:53:28","Allan Junior Dos Santos Ramos","Insucesso","Não","","Facebook Ads","Venda","Lorival Querino da Silva Junior","41998732385","41998732385","lorivaljuniorcwb@gmail.com","",""
"9144702","2026-09-03 11:52:01","Thayna PRE-VENDAS","Sucesso","Sim","2026-09-05 12:49:00","Olx","Venda","Gabriel ou Leticia","41992211413","","contatogabrielnaiser@gmail.com","Peugeot 208 208 / placa: SIE-8D84",""
"9144688","2026-09-03 11:50:59","Recepção","Insucesso","Sim","2026-09-03 11:51:04","Passante","Venda","CAMILA","41996617060","","","","Honda Fit Fit / placa: AXF-3039"
"9144684","2026-09-03 11:50:45","Lais Narimã Ferreira Vieira","Insucesso","Não","","Facebook Ads","Financiamento","Matheus","42999670743","42999670743","matheusfiliposwki@yahoo.com.br","",""
"9144443","2026-09-03 11:33:22","Thayna PRE-VENDAS","Insucesso","Não","","Olx","Venda","valcir","41996530247","","silva_valcir_d@cat.com","BMW X1 X1 / placa: RYC-3E75",""
"9144330","2026-09-03 11:25:32","LIRIANE LARISSA RIBEIRO","Insucesso","Sim","2026-09-03 11:58:08","Webmotors Vendedores","Não informado","Vinicius ","41987362346","","","","BMW i3 i3 / placa: FXF-7D06"
"9144198","2026-09-03 11:15:36","Allan Junior Dos Santos Ramos","Insucesso","Sim","2026-09-03 14:39:46","WhatsApp | Site","Venda","José Antônio de Sá","4192885041","","","Toyota RAV4 RAV4 / placa: BDW-6G48","Toyota Corolla Corolla / placa: RXY-3B77"
"9144114","2026-09-03 11:09:09","Allan Junior Dos Santos Ramos","Sucesso","Sim","2026-09-04 09:12:44","Mercado Livre | WhatsApp","Venda","marlusmplachek","4197860760","","marlusmplachek@gmail.com","BYD Dolphin Dolphin / placa: SFB-1I98",""
"9144097","2026-09-03 11:08:15","Thayna PRE-VENDAS","Insucesso","Não","","Facebook Ads","Venda","Valdir Santtos","41998116574","41998116574","valdirsantos19928@gmail.com","",""
"9143918","2026-09-03 10:56:57","ESPAÇO BELLOS","Insucesso","Não","","Instagram","Não informado","Katia Vilma Barra Kreia","","","katiavilmabarrakreia@instagram.com","",""
"9143919","2026-09-03 10:56:57","ESPAÇO BELLOS","Insucesso","Não","","Instagram","Não informado","Contato Instagram","","","","",""
"9143622","2026-09-03 10:35:18","ESPAÇO BELLOS","Insucesso","Não","","WhatsApp","Não informado","Bruno","4196680633","","","",""
"9143495","2026-09-03 10:24:04","Thayna PRE-VENDAS","Insucesso","Não","","WhatsApp","Venda","Wagner Rodrigues","4188246358","","","",""
"9143479","2026-09-03 10:22:31","Recepção","Insucesso","Sim","2026-09-03 10:22:36","Passante","Troca","GILMAR","41988860765","","","","Nissan MARCH MARCH / placa: AYU-2G94"
"9143399","2026-09-03 10:15:52","Allan Junior Dos Santos Ramos","Insucesso","Não","","WhatsApp","Venda","Jean Sant's","4198621737","","","",""
"9143385","2026-09-03 10:14:43","Thayna PRE-VENDAS","Insucesso","Não","","Google | Site","Compra","Julia","41996201982","","Joliveiradib@gmail.com","",""
"9143154","2026-09-03 09:57:40","Thayna PRE-VENDAS","Insucesso","Não","","WhatsApp | Site","Compra","Yachtsul","4196760903","","","",""
"9143094","2026-09-03 09:53:21","Allan Junior Dos Santos Ramos","Insucesso","Não","","Facebook Ads","Venda","Amanda Lopes","41996625136","41996625136","amandinhah_lopes2014@hotmail.com","",""
"9142900","2026-09-03 09:36:53","Thayna PRE-VENDAS","Insucesso","Não","","Facebook Ads","Compra","Deco Correa","41996120892","41996120892","deco1378@gmail.com","",""
"9142881","2026-09-03 09:35:42","Thayna PRE-VENDAS","Insucesso","Não","","Telefone","Troca","Tatiane","41991066941","","","Jeep COMPASS COMPASS / placa: SEY-7F96",""
"9142828","2026-09-03 09:32:25","Allan Junior Dos Santos Ramos","Insucesso","Sim","2026-09-03 14:39:57","WhatsApp | Instagram Ads","Compra","alex lopes dos santos","4198096582","","","","Chevrolet SPIN SPIN / placa: OOL-0E64"
"9142630","2026-09-03 09:18:26","Thayna PRE-VENDAS","Insucesso","Não","","WhatsApp | Instagram Ads","Venda","Fabiana Parrot","5192758262","","","",""
"9142600","2026-09-03 09:16:23","Thayna PRE-VENDAS","Insucesso","Não","","WhatsApp","Venda","Pamela","4196651381","","","",""
"9142512","2026-09-03 09:10:26","Allan Junior Dos Santos Ramos","Insucesso","Não","","WhatsApp | Site","Venda","Valdecir","4195250539","","","",""
"9142335","2026-09-03 08:53:45","Allan Junior Dos Santos Ramos","Insucesso","Não","","Facebook Ads","Venda","Lucas Smuk","41992814313","41992814313","lucasbsmuk@gmail.com","Audi A3 A3 / placa: FRZ-5I95",""
"9142269","2026-09-03 08:46:56","Thayna PRE-VENDAS","Insucesso","Não","","WhatsApp | Site","Compra","Joao","41992310087","","","",""
"9142107","2026-09-03 08:32:31","Allan Junior Dos Santos Ramos","Insucesso","Não","","Prospecção","Troca","Kleber Conceição","41996393104","","","",""
"9141906","2026-09-03 08:11:09","Thayna PRE-VENDAS","Insucesso","Sim","2026-09-04 10:47:31","Facebook Ads","Venda","Clodoaldo Araujo","41996444177","41996444177","Clodoaldoaraujo85@hotmail.com","",""
"9141899","2026-09-03 08:10:32","Allan Junior Dos Santos Ramos","Insucesso","Não","","Facebook Ads","Compra","Wallace Paulino","21984706917","21984706917","wallace-paulino@hotmail.com","",""
"9141857","2026-09-03 08:04:55","Thayna PRE-VENDAS","Insucesso","Não","","Facebook Ads","Venda","edineia Oliveira da Silva","41997335613","41997335613","gp4442797@gmail.com","",""
"9141777","2026-09-03 07:49:04","Allan Junior Dos Santos Ramos","Insucesso","Não","","Facebook Ads","Venda","Rosa oliveira","41988421438","","rosacarolyna@gmail.com","",""
"9141638","2026-09-03 07:16:43","Allan Junior Dos Santos Ramos","Insucesso","Não","","Facebook Ads","Compra","Manasses  Silva","43996886937","43996886937","manahsilva1@hotmail.com","",""
"9141500","2026-09-03 06:40:50","Lais Narimã Ferreira Vieira","Insucesso","Não","","Facebook Ads","Financiamento","Jose Jaime Ribeiro Jr.","45988210443","45988210443","jaimefoz@gmail.com","",""
"9141070","2026-09-03 06:31:49","Lais Narimã Ferreira Vieira","Insucesso","Não","","Facebook Ads","Financiamento","Henrique Afonso","41984463079","41984463079","henrique.afonso.88@gmail.com","",""
"9140433","2026-09-03 05:39:17","ESPAÇO BELLOS","Insucesso","Não","","WhatsApp","Não informado","Massako","4195660737","","","",""
"9140161","2026-09-03 01:29:08","Lais Narimã Ferreira Vieira","Insucesso","Não","","Facebook Ads","Financiamento","Fran Miranda","41996770562","41996770562","franciely.rosa@gmail.com","",""
"9140135","2026-09-03 01:15:32","ESPAÇO BELLOS","Insucesso","Não","","WhatsApp | Site","Não informado","Ângela Teixeira","4187433516","","","",""
"9139702","2026-09-03 00:21:43","Allan Junior Dos Santos Ramos","Insucesso","Não","","Mercado Livre | ML WhatsApp","Venda","Francisco das Chagas p.da Sil","88992466338","","franciscco252570@gmail.com","Honda HR-V HR-V / placa: SED-1F31",""
"9139692","2026-09-03 00:19:06","Thayna PRE-VENDAS","Insucesso","Não","","Facebook Ads","Venda","Fabricio Silva","41984030055","41984030055","fstaticas@hotmail.com","",""
"9139397","2026-09-02 23:30:53","Thayna PRE-VENDAS","Insucesso","Não","","Facebook Ads","Venda","Júlio Pereira","41999864880","41999864880","foka_07@hotmail.com","",""
"9139373","2026-09-02 23:28:21","Allan Junior Dos Santos Ramos","Insucesso","Não","","Facebook Ads","Venda","Andre Wagner","41995704748","41995704748","Andrewcwb85@Gmail.com","Jeep COMPASS COMPASS / placa: BCP-7H40",""
"9139004","2026-09-02 22:52:09","Thayna PRE-VENDAS","Insucesso","Não","","WhatsApp | Instagram Ads","Não informado","Alzira De Melo Oliveira","43920006882","","","",""
"9138940","2026-09-02 22:42:37","Allan Junior Dos Santos Ramos","Insucesso","Não","","Facebook Ads","Venda","Jociel Mariano da Silva","42999836476","42999836476","jocielmariano29@gmail.com","Audi A3 A3 / placa: FRZ-5I95",""
"9138930","2026-09-02 22:41:16","Thayna PRE-VENDAS","Insucesso","Sim","2026-09-04 15:59:49","Facebook Ads","Compra","Deivid Silveira","41999577637","41999577637","dvdsoltoski@gmail.com","","Toyota Corolla Corolla / placa: SFM-8I01"
"9138911","2026-09-02 22:38:19","Allan Junior Dos Santos Ramos","Insucesso","Não","","Olx","Venda","Leandro Santos","46988341317","","leandro85ssantos@gmail.com","Jeep COMPASS COMPASS / placa: BCP-7H40",""
"9138844","2026-09-02 22:29:13","Lais Narimã Ferreira Vieira","Insucesso","Não","","Facebook Ads","Financiamento","Thiago Martins","41988111602","41988111602","tmas0506.onda@gmail.com","",""
"9138604","2026-09-02 21:48:47","Lais Narimã Ferreira Vieira","Insucesso","Não","","Facebook Ads","Financiamento","Simone Coga","41991895663","41991895663","simonecoga@hotmail.com","",""
"9138602","2026-09-02 21:48:42","Lais Narimã Ferreira Vieira","Insucesso","Não","","Facebook Ads","Financiamento","Elisandra Laroca Demeterko","42999283712","42999283712","gem12@bol.com.br","",""
"9138483","2026-09-02 21:32:17","Allan Junior Dos Santos Ramos","Insucesso","Não","","WhatsApp | Site","Venda","Cosme Afonso da silva","4192394176","","","VolksWagen T-Cross T-Cross / placa: TAX-6G37",""
"9138454","2026-09-02 21:27:20","Allan Junior Dos Santos Ramos","Insucesso","Não","","Olx | WhatsApp","Troca","Jhonny mendoza","41974009923","","jhonny220297@gmail.com","HONDA CG CG / placa: TJM-5D46",""
"9138435","2026-09-02 21:25:01","Allan Junior Dos Santos Ramos","Insucesso","Não","","WhatsApp | Site","Venda","Helena","4788833845","","","",""
"9138375","2026-09-02 21:17:35","Thayna PRE-VENDAS","Insucesso","Não","","WhatsApp | Instagram Ads","Venda","Assistência","4599920150","","","",""
"9138346","2026-09-02 21:12:57","Allan Junior Dos Santos Ramos","Insucesso","Não","","Facebook Ads","Compra","Fernando Gaioski","41991799308","41991799308","f.gaioski@gmail.com","",""
"9138289","2026-09-02 21:05:38","Thayna PRE-VENDAS","Insucesso","Não","","Facebook Ads","Venda","Ivandel Rogério Godoy","61991436556","61991436556","godoy.ivandel@gmail.com","",""
"9138177","2026-09-02 20:54:08","Thayna PRE-VENDAS","Insucesso","Não","","WhatsApp | Site","Venda","Bernardo","4188135096","","","",""
"9138084","2026-09-02 20:50:23","Allan Junior Dos Santos Ramos","Insucesso","Não","","Facebook Ads","Venda","Leandro Mello","41998749372","41998749372","Mercadostclara3@gmail.com","Jeep Renegade Renegade / placa: SIB-6I41",""
"9137937","2026-09-02 20:39:49","Thayna PRE-VENDAS","Insucesso","Não","","Facebook Ads","Compra","Taíne Moreira","41999109109","41999109109","Taine.mv.tm@gmail.com","",""
"9137775","2026-09-02 20:22:57","Allan Junior Dos Santos Ramos","Insucesso","Não","","WhatsApp | Site","Venda","Gabriel Gonçalves Vieira","4797346502","","","Chevrolet CRUZE CRUZE / placa: BAA-9A18",""
"9137519","2026-09-02 19:54:08","Allan Junior Dos Santos Ramos","Insucesso","Não","","Facebook Ads","Troca","Thais Da Luz","41995165022","41995165022","thaisp26@hotmail.com","Hyundai HB20S HB20S / placa: BBF-8G16",""
"9137388","2026-09-02 19:36:43","Thayna PRE-VENDAS","Insucesso","Não","","Mercado Livre | WhatsApp","Não informado","Vitória Matas","6791160840","","silvamatasvitoria@gmail.com","WAOPAI Outros Outros / placa: AAA-0009",""
"9137350","2026-09-02 19:31:30","ESPAÇO BELLOS","Insucesso","Não","","Instagram","Não informado","Contato Instagram","","","","",""
"9137349","2026-09-02 19:31:29","ESPAÇO BELLOS","Insucesso","Não","","Instagram","Não informado","Contato Instagram","","","","",""
"9137047","2026-09-02 18:54:03","ESPAÇO BELLOS","Insucesso","Não","","WhatsApp | Site","Não informado","chico","4699838631","","","",""
"9136990","2026-09-02 18:46:17","Thayna PRE-VENDAS","Insucesso","Não","","Facebook Ads","Venda","Natan Henrique Romero","41998323314","41998323314","natanromero8@gmail.com","",""
"9136965","2026-09-02 18:42:30","Thayna PRE-VENDAS","Insucesso","Não","","Olx","Venda","fabiobizestocchero","41997605122","","fabiobizestocchero@gmail.com","Honda Civic Civic / placa: RHL-1G03",""
"9136845","2026-09-02 18:27:09","Thayna PRE-VENDAS","Insucesso","Não","","Facebook Ads","Compra","Rafael","41991640512","41991640512","mrafaelj@hotmail.com","",""
"9136711","2026-09-02 18:13:08","Allan Junior Dos Santos Ramos","Insucesso","Não","","SóCarrão","Venda","Rogério Kluppel","41996338304","","kluppelrogerio@gmail.com","Ford Outros Outros / placa: QMT-1J73",""
"9136702","2026-09-02 18:12:37","Thayna PRE-VENDAS","Insucesso","Sim","2026-09-03 17:34:17","Facebook Ads","Venda","Jeff Dias da Veiga","41997918825","","jeffveiga@gmail.com","",""
"9136669","2026-09-02 18:08:49","Lais Narimã Ferreira Vieira","Insucesso","Não","","Facebook Ads","Financiamento","Marlon Lucas Ferreira","41985299751","41985299751","marlonlucasferreira66@gmail.com","",""
"9136600","2026-09-02 18:00:34","Recepção","Insucesso","Sim","2026-09-02 18:00:38","Carteira","Compra","MILTON","41992290531","","","","Jeep Commander Commander / placa: CUN-8A74"
"9136351","2026-09-02 17:37:55","Allan Junior Dos Santos Ramos","Insucesso","Não","","WhatsApp","Venda","M&J","4196917561","","","",""
"9136342","2026-09-02 17:37:00","Thayna PRE-VENDAS","Insucesso","Não","","WhatsApp | Instagram Ads","Venda","Valdeir","41998435245","","","",""
"9136230","2026-09-02 17:27:23","Allan Junior Dos Santos Ramos","Insucesso","Não","","WhatsApp | Instagram Ads","Compra","Wilson","4198591680","","","",""
"9136223","2026-09-02 17:26:16","Thayna PRE-VENDAS","Insucesso","Não","","WhatsApp | Site","Não informado","Cecilia Centenaro","4498002281","","","",""
"9136024","2026-09-02 17:12:14","Allan Junior Dos Santos Ramos","Insucesso","Não","","WhatsApp | Site","Compra","Ana Lúcia","43999512000","","","",""
"9135824","2026-09-02 16:56:34","LIRIANE LARISSA RIBEIRO","Insucesso","Sim","2026-09-02 17:39:12","Olx","Não informado","Matheus ","41988142035","","","","Peugeot 208 208 / placa: SDX-9G34"
"9135788","2026-09-02 16:53:34","Allan Junior Dos Santos Ramos","Insucesso","Sim","2026-09-04 10:28:40","WhatsApp | Facebook Ads","Compra","Liciane","4185233573","","","","VolksWagen Fox Fox / placa: AUQ-7H82"
"9135762","2026-09-02 16:51:17","Allan Junior Dos Santos Ramos","Insucesso","Não","","WhatsApp | Site","Venda","Lurdes","4184356330","","","",""
"9135687","2026-09-02 16:45:43","Lais Narimã Ferreira Vieira","Insucesso","Não","","Facebook Ads","Financiamento","Aliane Wozniack Tarniowicz","41996169192","41996169192","alianealexandro@gmail.com","",""
"9135536","2026-09-02 16:33:26","Thayna PRE-VENDAS","Insucesso","Não","","Telefone","Compra","Kevin Cavalari","41999372114","","","",""
"9135328","2026-09-02 16:14:03","Allan Junior Dos Santos Ramos","Insucesso","Não","","WhatsApp | Instagram Ads","Venda","Elida","4591520029","","","Nissan Frontier Frontier / placa: TAN-7J50",""
"9135244","2026-09-02 16:05:55","ESPAÇO BELLOS","Insucesso","Não","","WhatsApp","Não informado","Kevin Cavalari","41999372114","","","",""
"9135042","2026-09-02 15:48:55","Allan Junior Dos Santos Ramos","Insucesso","Não","","Instagram","Não informado","Contato Instagram","","","","",""
"9134964","2026-09-02 15:42:24","Thayna PRE-VENDAS","Insucesso","Não","","Facebook Ads","Não informado","Regi Cavassin","41998420479","41998420479","reginaldocavassin@gmail.com","",""
"9134844","2026-09-02 15:31:45","Allan Junior Dos Santos Ramos","Insucesso","Não","","WhatsApp | Site","Venda","RAQUEL","4199744781","","","",""
"9134834","2026-09-02 15:30:54","Thayna PRE-VENDAS","Insucesso","Não","","WhatsApp | Instagram Ads","Não informado","Mocyr","4299535440","","","",""
"9134580","2026-09-02 15:11:18","Allan Junior Dos Santos Ramos","Insucesso","Não","","WhatsApp | Facebook Ads","Compra","Silmara Adriana Gonçalves","4192553421","","","",""
"9134502","2026-09-02 15:05:29","Allan Junior Dos Santos Ramos","Insucesso","Sim","2026-09-03 15:57:50","SóCarrão","Venda","Luiz Fernando Gaspari de Oliveira Lima","41991385555","","fortycar@hotmail.com","Honda Civic Civic / placa: RHL-1G03",""
"9134491","2026-09-02 15:04:08","Lais Narimã Ferreira Vieira","Insucesso","Não","","Facebook Ads","Financiamento","Sirlene Andreóla","41999815078","41999815078","sirandreola@gmail.com","",""
"9134451","2026-09-02 15:01:03","Allan Junior Dos Santos Ramos","Insucesso","Não","","SóCarrão","Venda","Joao Miguel Crissanto Godinho","47992016760","","jmgodinho1010@gmail.com","Peugeot 208 208 / placa: SIE-8D84",""
"9133924","2026-09-02 14:22:23","Matheus Imbroinise","Insucesso","Não","","Busca Ativa","Compra","cristian","47999666698","","","",""
"9133640","2026-09-02 13:56:54","Lais Narimã Ferreira Vieira","Insucesso","Não","","Facebook Ads","Financiamento","ROSANA SOUZA CRUZ","46999377088","46999377088","manuelricardo.mrma@gmail.com","",""
"9133539","2026-09-02 13:48:42","Andressa K B Kreia","Insucesso","Sim","2026-09-02 13:51:23","Carteira","Consignação","Fernando","41999995931","","","","Volvo XC XC / placa: FPY-0G57"
"9133467","2026-09-02 13:42:50","Thayna PRE-VENDAS","Insucesso","Sim","2026-09-03 10:36:49","Google | Site","Compra","Valdir","41999754636","","v.rex@uol.com.br","","Ford Fiesta Fiesta / placa: AXT-2B08"
"9133362","2026-09-02 13:34:59","Thayna PRE-VENDAS","Insucesso","Não","","WhatsApp | Site","Venda","Gau","4192446629","","","Jeep Renegade Renegade / placa: SIB-6I41",""
"9133235","2026-09-02 13:26:23","ESPAÇO BELLOS","Insucesso","Não","","WhatsApp","Não informado","Pablo Rodríguez","4188753010","","","",""
"9133104","2026-09-02 13:14:59","Andressa K B Kreia","Descartado","Não","","Busca Ativa","Não informado","Renan","41991627333","","","",""
"9133033","2026-09-02 13:09:30","Andressa K B Kreia","Sucesso","Sim","2026-09-03 18:43:31","Olx","Venda","Lizi Ribeiro","42984047841","","","VolksWagen Nivus Nivus / placa: SDP-4H14","Chevrolet Vectra Vectra / placa: ASK-3946"
"9133021","2026-09-02 13:07:55","Thayna PRE-VENDAS","Insucesso","Não","","WhatsApp | Site","Venda","Jose Pereira","41996140121","","","Citroën C3 C3 / placa: MLZ-0F63",""
"9132989","2026-09-02 13:04:18","LIRIANE LARISSA RIBEIRO","Insucesso","Não","","WhatsApp","Não informado","Felipe","4391793472","","","",""
"9132947","2026-09-02 13:01:13","Allan Junior Dos Santos Ramos","Insucesso","Não","","Google | Site","Compra","Emerson","41992438179","","efaustino@hotmail.com","",""
"9132936","2026-09-02 13:00:23","Thayna PRE-VENDAS","Insucesso","Sim","2026-09-02 13:28:42","WhatsApp | Site","Compra","Luiz Vieira","41996014192","","levcuritiba@gmail.com","","Chevrolet TRACKER TRACKER / placa: SEO-5E91"
"9132925","2026-09-02 12:59:18","Lais Narimã Ferreira Vieira","Insucesso","Não","","Facebook Ads","Financiamento","Dr. Elielson Filho | Médico Cirujano","91981112210","91981112210","drelienfilho@gmail.com","",""
"9132732","2026-09-02 12:45:18","Allan Junior Dos Santos Ramos","Insucesso","Não","","SóCarrão","Venda","Pauliany de carvalho Bittencourt","41996714198","","paulianycarvalho72@gmail.com","Honda Civic Civic / placa: AWM-9654",""
"9132449","2026-09-02 12:21:26","Thayna PRE-VENDAS","Insucesso","Não","","WhatsApp | Site","Venda","Deus","4199594814","","","",""
"9132349","2026-09-02 12:12:04","Allan Junior Dos Santos Ramos","Insucesso","Não","","WhatsApp | Instagram Ads","Compra","Carlos Aleixo Ramalho","4699308701","","","",""
"9132297","2026-09-02 12:07:21","LIRIANE LARISSA RIBEIRO","Insucesso","Sim","2026-09-02 14:41:18","Olx | WhatsApp","Compra","Renan","41991627333","","","","Fiat Fastback Fastback / placa: SER-2G93"
"9132251","2026-09-02 12:03:34","Allan Junior Dos Santos Ramos","Insucesso","Não","","WhatsApp","Venda","Vera Geraldini","4197215296","","","",""
"9131879","2026-09-02 11:35:18","Recepção","Sucesso","Sim","2026-09-02 11:35:28","Carteira","Troca","HIGHTOP BRASIL","11991997000","","","",""
"9131663","2026-09-02 11:20:37","ESPAÇO BELLOS","Insucesso","Não","","Instagram","Venda","Contato Instagram","","","","",""
"9131350","2026-09-02 10:58:19","Allan Junior Dos Santos Ramos","Insucesso","Não","","WhatsApp","Troca","Franciele Cunha","42999118013","","francunha1722@icloud.com","",""
"9131085","2026-09-02 10:38:59","Allan Junior Dos Santos Ramos","Insucesso","Não","","Instagram","Não informado","Luiz","12988988291","","","",""
"9131046","2026-09-02 10:35:58","Thayna PRE-VENDAS","Insucesso","Não","","Instagram","Não informado","Contato Instagram","","","","",""
"9130984","2026-09-02 10:31:22","Allan Junior Dos Santos Ramos","Insucesso","Não","","WhatsApp","Compra","Maria Eduarda","4191785903","","","",""
"9130767","2026-09-02 10:16:02","ESPAÇO BELLOS","Insucesso","Não","","WhatsApp","Não informado","Comercial Arena Andreia","4192545252","","","",""
"9129906","2026-09-02 09:10:54","Allan Junior Dos Santos Ramos","Insucesso","Não","","WhatsApp | Instagram Ads","Venda","edson andradejr84","4187179984","","","BYD Dolphin Dolphin / placa: SFB-1I98",""
"9129642","2026-09-02 08:46:04","Thayna PRE-VENDAS","Insucesso","Não","","WhatsApp | Instagram Ads","Não informado","leonicio","41998506115","","Leoniciobernardo1965@gmail.com","",""
"9129494","2026-09-02 08:28:58","Allan Junior Dos Santos Ramos","Insucesso","Não","","Prospecção","Venda","Débora Barros","45999213379","","deeehbarros@hotmail.com","Honda HR-V HR-V / placa: PCA-0H55",""
"9129398","2026-09-02 08:17:15","Allan Junior Dos Santos Ramos","Insucesso","Não","","WhatsApp | Site","Financiamento","Drielli","41995370922","","","",""
"9129384","2026-09-02 08:15:34","Allan Junior Dos Santos Ramos","Insucesso","Não","","Facebook Ads","Troca","Arildo Souza","41999692329","41999692329","arildo.flauzino@bbmlogistica.com.br","",""
"9129366","2026-09-02 08:12:24","Thayna PRE-VENDAS","Insucesso","Sim","2026-09-04 09:02:27","WhatsApp","Venda","JAIR","41996738162","","jairc.neto@gmail.com","","Ford Fiesta Fiesta / placa: OLI-3754"
"9129232","2026-09-02 07:50:06","ESPAÇO BELLOS","Insucesso","Não","","Instagram","Não informado","Contato Instagram","","","","",""
"9127397","2026-09-02 00:12:06","Allan Junior Dos Santos Ramos","Insucesso","Não","","WhatsApp | Facebook Ads","Compra","Sebastião","4599169150","","","",""
"9127381","2026-09-02 00:08:51","Allan Junior Dos Santos Ramos","Insucesso","Não","","Facebook Ads","Venda","Anderson Dos Santos","41996673460","41996673460","jessebdossantos@gmail.com","Audi A3 A3 / placa: FRZ-5I95",""
"9127380","2026-09-02 00:08:46","Thayna PRE-VENDAS","Insucesso","Não","","WhatsApp | Instagram Ads","Venda","😉","4198083085","","","",""
"9127159","2026-09-01 23:41:21","Allan Junior Dos Santos Ramos","Insucesso","Não","","WhatsApp","Não informado","Sandro.  💥🔥","4199984457","","","",""
"9126363","2026-09-01 22:06:56","Thayna PRE-VENDAS","Insucesso","Não","","Olx","Não informado","Renato Correa de andrade","41996659237","","renatoc.andrade88@gmail.com","VolksWagen TAOS TAOS / placa: SVN-3D07",""
"9126343","2026-09-01 22:02:36","Allan Junior Dos Santos Ramos","Insucesso","Não","","Facebook Ads","Venda","Juliana Procopio","41995654242","41995654242","jluzconsultoria@gmail.com","Jeep COMPASS COMPASS / placa: BCP-7H40",""
"9126305","2026-09-01 21:56:29","Thayna PRE-VENDAS","Insucesso","Não","","WhatsApp | Instagram Ads","Venda","Rose","4196624544","","","",""
"9126138","2026-09-01 21:32:37","Thayna PRE-VENDAS","Insucesso","Não","","Olx","Venda","juliene soares santos","41997900098","","julienesoares1985@gmail.com","Audi A3 A3 / placa: FRZ-5I95",""
"9126130","2026-09-01 21:31:19","Allan Junior Dos Santos Ramos","Insucesso","Não","","Olx","Troca","Wagner","41998625532","","wacprado@gmail.com","VolksWagen Polo Polo / placa: AXU-8A22",""
"9125930","2026-09-01 21:02:58","Allan Junior Dos Santos Ramos","Insucesso","Não","","WhatsApp | Site","Compra","Antenor","4199586337","","","",""
"9125912","2026-09-01 21:00:32","Thayna PRE-VENDAS","Insucesso","Sim","2026-09-03 17:22:21","Olx | WhatsApp","Não informado","Carlos Henrique gardin corteze","41998537339","","carlos_henrique200151@outlook.com","Honda Civic Civic / placa: RHL-1G03","HONDA CB CB / placa: TAZ-9H23"
"9125345","2026-09-01 19:52:33","Thayna PRE-VENDAS","Insucesso","Não","","WhatsApp | Site","Venda","Inês","4199092500","","","",""
"9125223","2026-09-01 19:40:08","Allan Junior Dos Santos Ramos","Insucesso","Não","","Olx","Venda","Lizi Ribeiro","42984287075","","dio17071995@gmail.com","VolksWagen Nivus Nivus / placa: SDP-4H14",""
"9125188","2026-09-01 19:36:54","Allan Junior Dos Santos Ramos","Insucesso","Não","","Olx","Venda","ADRIANO MIGUEL JUNIOR BOSSA","44991069349","","junior__2108@hotmail.com","Honda Civic Civic / placa: RHL-1G03",""
"9125084","2026-09-01 19:26:37","ESPAÇO BELLOS","Insucesso","Não","","Instagram","Não informado","Contato Instagram","","","","",""
"9125085","2026-09-01 19:26:37","ESPAÇO BELLOS","Insucesso","Não","","Instagram","Não informado","Contato Instagram","","","","",""
"9124829","2026-09-01 18:58:54","ESPAÇO BELLOS","Insucesso","Não","","Instagram","Não informado","Felipe Tortato","","","felipetortato92@instagram.com","",""
"9124830","2026-09-01 18:58:54","ESPAÇO BELLOS","Insucesso","Não","","Instagram","Não informado","Silvan Dal Bello","","","silvan.belloscar@instagram.com","",""
"9124520","2026-09-01 18:22:30","Thayna PRE-VENDAS","Insucesso","Não","","WhatsApp | Site","Não informado","WANDA BUENO NISTICO","4199848805","","","",""
"9124296","2026-09-01 17:59:28","Allan Junior Dos Santos Ramos","Insucesso","Sim","2026-09-02 11:36:04","Mercado Livre | WhatsApp","Venda","Maurino Veiga","4188833018","","maurino@maurinoveiga.com.br","BENTLEY Outros Outros / placa: OOB-0A23",""
"9123942","2026-09-01 17:25:50","Allan Junior Dos Santos Ramos","Insucesso","Não","","WhatsApp | Site","Não informado","Dauri","4187490284","","","",""
"9123869","2026-09-01 17:18:50","Thayna PRE-VENDAS","Insucesso","Sim","2026-09-02 16:31:36","WhatsApp","Não informado","Andre","4191449594","","","","Audi A3 A3 / placa: JFX-9411"
"9123812","2026-09-01 17:13:45","Allan Junior Dos Santos Ramos","Insucesso","Não","","WhatsApp","Venda","Mauricio ","19997602827","","","VolksWagen Polo Polo / placa: BBR-5J31",""
"9123679","2026-09-01 17:02:58","Matheus Imbroinise","Insucesso","Não","","Telefone","Venda","augusto ","41991842740","","","",""
"9123652","2026-09-01 17:01:24","Allan Junior Dos Santos Ramos","Insucesso","Não","","SóCarrão","Venda","Marco","41995786070","","marcoassef13@gmail.com","Hyundai HB20 HB20 / placa: BEU-5B11",""
"9123444","2026-09-01 16:43:38","Thayna PRE-VENDAS","Insucesso","Não","","WhatsApp","Venda","Guilherme","41996443560","","","",""
"9123277","2026-09-01 16:32:52","Thayna PRE-VENDAS","Insucesso","Não","","SóCarrão","Venda","Luiz Claudio","41984264458","","luizcsoria@hotmail.com","Ford Outros Outros / placa: QMT-1J73",""
"9123074","2026-09-01 16:19:46","Thayna PRE-VENDAS","Insucesso","Sim","2026-09-01 16:21:49","Indicação","Não informado","Heder","41985088933","","","","Chevrolet Classic Classic / placa: AVZ-5B89"
"9123014","2026-09-01 16:14:59","Andressa K B Kreia","Sucesso","Sim","2026-09-01 18:47:04","Carteira","Venda","Altamir","41984768353","","","Citroën C4 C4 / placa: SES-7H27","VolksWagen Gol Gol / placa: RHE-9G62"
"9122907","2026-09-01 16:07:50","Allan Junior Dos Santos Ramos","Insucesso","Não","","WhatsApp | Site","Venda","Guilherme","4196381347","","","",""
"9122496","2026-09-01 15:38:07","ESPAÇO BELLOS","Insucesso","Não","","Instagram","Não informado","Silvan Dal Bello","","","silvan.belloscar@instagram.com","",""
"9122131","2026-09-01 15:12:10","Thayna PRE-VENDAS","Insucesso","Sim","2026-09-02 15:51:50","Olx","Venda","Eberson","41998929960","","efederezzi@gmail.com","VolksWagen Nivus Nivus / placa: SFE-7C52",""
"9122009","2026-09-01 15:03:36","Recepção","Sucesso","Sim","2026-09-01 15:03:51","Carteira","Consignação","RAFAEL","41999324488","","","","Honda HR-V HR-V / placa: RHN-3A00"
"9121966","2026-09-01 15:00:06","Thayna PRE-VENDAS","Insucesso","Não","","Olx","Venda","Mohamed","45999747467","","alrai.moha@gmail.com","VolksWagen Polo Polo / placa: QWZ-2C60",""
"9121493","2026-09-01 14:25:07","Thayna PRE-VENDAS","Insucesso","Não","","Chaves na Mão | WhatsApp","Não informado","TATIANE SILVA SANTOS","4191663198","","silveira_tatiane958@escola.pr.gov.br","VolksWagen Fox Fox / placa: BCQ-6B07",""
"9121040","2026-09-01 13:48:29","Thayna PRE-VENDAS","Insucesso","Não","","Google | Site","Compra","Herick Troguel","41984035138","","herick.troguel@hotmail.com","",""
"9120991","2026-09-01 13:45:13","Recepção","Insucesso","Sim","2026-09-01 13:45:27","Indicação","Compra","MANOEL","71991028227","","","","Fiat CRONOS CRONOS / placa: RUG-2H39"
"9120976","2026-09-01 13:44:08","Thayna PRE-VENDAS","Insucesso","Sim","2026-09-01 14:15:01","Site","Compra","Valter","41997408570","","","","Chevrolet S10 S10 / placa: QIQ-4H88"
"9120931","2026-09-01 13:41:12","Recepção","Insucesso","Sim","2026-09-01 13:41:20","Passante","Troca","Vitor","13996818154","","","","Honda Fit Fit / placa: ETF-8A61"
"9120887","2026-09-01 13:37:25","Thayna PRE-VENDAS","Insucesso","Não","","WhatsApp | Site","Venda","João Souza","4195774468","","","VolksWagen T-Cross T-Cross / placa: TAX-6G37",""
"9120852","2026-09-01 13:34:59","Recepção","Insucesso","Sim","2026-09-01 13:35:06","Passante","Venda","RAFAEL","41992832019","","","","Renault SANDERO SANDERO / placa: AQY-7C38"
"9120620","2026-09-01 13:14:52","Thayna PRE-VENDAS","Insucesso","Não","","Olx","Venda","Robson","41996262250","","robson_amauri@hotmail.com","Peugeot 208 208 / placa: SIE-8D84",""
"9120363","2026-09-01 12:56:45","ESPAÇO BELLOS","Insucesso","Não","","Instagram","Não informado","Silvan Dal Bello","","","silvan.belloscar@instagram.com","",""
"9120171","2026-09-01 12:42:44","Allan Junior Dos Santos Ramos","Insucesso","Não","","SóCarrão","Venda","Gustavo Sebben Spigolon","41998102378","","gustavosebbensp@gmail.com","Hyundai HB20 HB20 / placa: BEU-5B11",""
"9119819","2026-09-01 12:13:26","Ana Dal Bello","Sucesso","Sim","2026-09-01 12:13:41","Carteira","Não informado","Daivid","41998073833","","","",""
"9119783","2026-09-01 12:10:16","Allan Junior Dos Santos Ramos","Sucesso","Sim","2026-09-01 15:28:25","WhatsApp","Compra","Priscila Lima","4196733756","","","","Honda Civic Civic / placa: BCU-0J14"
"9119477","2026-09-01 11:46:01","Allan Junior Dos Santos Ramos","Insucesso","Não","","Telefone","Troca","Sandro","41996648003","","","",""
"9118103","2026-09-01 10:08:27","ESPAÇO BELLOS","Insucesso","Não","","Instagram","Não informado","Contato Instagram","","","","",""
"9118051","2026-09-01 10:05:13","LIRIANE LARISSA RIBEIRO","Insucesso","Sim","2026-09-01 12:32:55","Busca Ativa","Não informado","Suzana","42999064300","","","","VolksWagen Nivus Nivus / placa: BEQ-2A34"
"9117950","2026-09-01 09:57:55","Allan Junior Dos Santos Ramos","Insucesso","Não","","Prospecção","Venda","Roselio","41992522341","","","Jeep COMPASS COMPASS / placa: PKI-1D26",""
"9117319","2026-09-01 09:04:54","ESPAÇO BELLOS","Insucesso","Não","","WhatsApp","Não informado","João Moro","4188009413","","","",""
"9116538","2026-09-01 07:28:35","Allan Junior Dos Santos Ramos","Insucesso","Não","","Instagram","Não informado","Contato Instagram","","","","",""
"9115441","2026-09-01 04:35:06","ESPAÇO BELLOS","Insucesso","Não","","Instagram","Não informado","Vinícius Fernandes","","","__vinifernandes@instagram.com","",""
